vessel_id,vessel_type,dwt,engine_power,vessel_age,draft,speed,distance_nm,heading,wind_speed,wind_direction,wave_height,wave_period,wave_direction,current_speed,current_direction,fuel_price,fuel_consumed_tpd,charter_rate_usd_day,candidate_id
V047,Bulk Carrier,34810.6,10234.1,19,11.01,17.93,3051.1,139.7,10.47,323.6,2.28,9.64,329.0,1.31,5.6,581.6,104.74,15973.21,C0001
V012,General Cargo,63352.1,9939.6,25,8.23,19.81,1679.4,286.5,11.08,335.2,3.68,11.83,77.7,1.61,75.8,647.01,142.62,13102.66,C0002
V032,Tanker,89835.7,23125.1,5,12.82,19.32,3906.8,110.1,23.49,346.0,0.88,8.65,15.7,2.8,186.7,621.47,138.99,25432.44,C0003
V042,Bulk Carrier,78578.0,9990.9,8,13.43,19.34,446.9,26.2,1.1,4.7,0.53,11.17,109.9,0.32,193.9,551.07,129.17,20878.99,C0004
V031,Container,84524.9,10439.0,7,13.97,14.02,3335.9,335.8,25.43,61.8,2.59,6.85,250.5,2.59,91.6,560.79,62.68,16953.7,C0005
V022,Container,72702.7,20188.0,14,12.37,14.69,4065.1,142.0,29.25,235.4,3.56,4.77,342.4,0.48,26.0,775.49,71.29,18906.83,C0006
V017,Container,75382.1,13994.8,24,12.03,17.06,3396.9,285.4,14.53,9.2,2.48,8.55,27.7,1.45,268.1,757.48,103.48,18449.25,C0007
V020,Ro-Ro,87935.7,20534.2,23,7.72,19.22,2536.4,100.5,26.77,22.9,3.55,9.08,10.3,0.66,272.9,559.71,153.2,21110.72,C0008
V020,Tanker,39973.4,6307.3,3,8.69,11.42,4756.5,232.7,6.11,79.6,3.19,6.82,318.3,1.81,359.2,762.7,32.41,16174.24,C0009
V043,Tanker,59154.0,14751.4,18,9.73,13.04,1569.7,314.4,11.28,184.5,4.18,12.0,269.3,1.68,324.0,562.76,51.64,19683.36,C0010
V008,Container,37696.8,5672.3,16,12.19,11.39,193.9,15.0,34.1,196.5,3.97,4.81,357.2,1.14,333.4,687.96,40.01,13395.27,C0011
V047,General Cargo,99013.4,6253.1,23,13.32,16.12,2216.7,299.0,34.52,12.3,2.66,6.45,142.8,2.59,287.4,524.38,82.14,17553.8,C0012
V034,Ro-Ro,95524.7,23128.7,19,7.51,13.06,261.8,205.7,17.94,61.3,2.66,12.23,149.8,1.98,221.6,764.11,58.36,21375.52,C0013
V049,Container,23154.1,7784.9,19,13.38,13.26,4774.3,218.7,32.7,179.9,1.02,8.81,62.0,2.16,46.3,515.45,54.3,13084.16,C0014
V023,Container,76446.0,15648.4,18,11.56,10.71,1128.6,188.3,18.3,213.8,3.18,11.76,41.7,0.45,224.0,666.48,38.97,17440.67,C0015
V038,Container,94019.9,13221.9,20,10.89,13.5,3965.7,314.8,10.21,53.4,3.61,10.24,208.3,2.65,20.1,733.91,55.48,18345.86,C0016
V028,Container,34446.0,11946.9,16,7.6,18.62,3895.4,15.6,9.34,143.6,2.96,14.46,131.1,0.5,318.7,535.05,130.99,13570.82,C0017
V013,Bulk Carrier,65435.6,22996.7,8,6.44,12.33,1166.9,94.0,32.53,325.6,2.09,10.58,28.9,0.67,173.5,621.34,42.82,16979.18,C0018
V029,Bulk Carrier,93239.1,5436.5,1,10.55,16.95,3144.0,315.3,6.04,359.6,4.39,4.16,319.3,0.38,251.1,512.59,92.52,23166.45,C0019
V008,Container,22715.7,18275.8,17,11.21,16.3,335.6,270.8,20.29,355.4,0.63,7.88,71.4,1.32,18.8,704.83,87.85,12569.25,C0020
V011,Tanker,75793.6,24267.9,12,7.69,18.63,2469.5,6.4,19.44,317.4,5.5,5.57,269.5,2.66,192.3,592.23,139.04,23102.49,C0021
V047,Container,43787.9,16203.4,21,10.45,11.32,171.8,186.1,25.89,142.1,0.32,14.17,101.6,0.76,108.5,667.82,42.69,13944.17,C0022
V045,Container,93951.7,23736.4,11,12.85,19.78,4613.6,190.6,17.47,247.2,5.78,5.14,292.6,1.12,102.6,779.82,159.62,21223.65,C0023
V018,Bulk Carrier,97684.7,6045.2,5,12.68,15.83,4882.8,144.3,9.53,150.0,2.88,8.26,42.6,2.54,140.3,591.76,76.55,23992.73,C0024
V050,Bulk Carrier,95541.3,13375.9,12,13.42,19.95,1189.2,107.1,5.93,233.5,2.59,6.49,272.2,1.85,0.2,514.59,141.08,23226.76,C0025
V025,Tanker,57937.1,10203.2,17,8.93,19.12,1119.7,245.4,21.73,111.4,1.69,13.31,35.3,2.25,168.0,702.69,132.2,18523.11,C0026
V049,Container,88963.4,19616.4,6,8.54,12.22,3793.2,74.8,25.16,218.2,0.26,7.39,160.9,0.64,175.2,736.05,46.75,18771.06,C0027
V022,Bulk Carrier,87564.0,24625.9,1,12.0,10.56,1341.6,287.6,19.93,188.6,1.79,14.91,264.2,2.15,310.7,787.36,36.77,19175.67,C0028
V045,Bulk Carrier,45528.0,10130.6,5,9.45,12.56,4485.9,289.1,25.84,8.8,0.83,4.42,62.4,0.68,161.5,547.34,40.28,15223.05,C0029
V035,Container,86313.2,18083.5,25,6.7,15.28,2912.3,149.5,4.95,284.7,4.03,5.41,102.8,2.96,130.9,617.64,80.42,19312.87,C0030
V029,Tanker,22960.6,8962.0,14,8.26,11.72,1818.8,102.1,30.89,4.3,2.05,6.47,311.3,1.68,358.1,753.24,36.21,16090.07,C0031
V021,Container,67701.6,16306.6,5,9.35,11.67,4180.2,102.2,20.38,105.5,4.65,12.92,318.6,2.09,205.6,742.06,46.18,18329.86,C0032
V007,Container,38400.7,14278.6,22,8.34,14.63,2517.7,173.6,4.44,2.1,1.4,13.66,16.2,0.36,170.1,687.44,65.63,13339.79,C0033
V012,General Cargo,29645.4,24440.1,24,8.66,10.33,4567.0,259.0,16.17,135.4,5.42,4.79,60.5,0.75,178.5,580.81,35.75,10243.24,C0034
V036,General Cargo,26156.3,17170.5,1,8.35,11.22,4647.3,129.2,29.57,22.7,3.23,4.36,42.3,0.42,291.3,585.21,33.97,10168.81,C0035
V024,Ro-Ro,75703.1,11990.1,18,6.33,14.16,910.6,219.6,31.41,328.9,0.86,12.19,64.7,1.17,122.6,537.2,64.17,17504.48,C0036
V032,Container,47190.0,7281.9,16,11.1,10.63,111.4,137.7,9.26,149.6,2.52,5.47,349.3,0.85,140.1,776.56,32.87,13615.24,C0037
V027,Container,77981.3,8024.9,9,10.78,13.97,4921.3,109.6,24.89,165.4,1.4,5.46,198.6,2.2,272.1,551.88,61.66,17707.96,C0038
V032,Tanker,25228.5,9506.3,19,11.23,14.74,4540.1,8.9,3.5,125.9,1.36,4.25,168.5,0.33,26.3,671.87,64.39,14770.41,C0039
V032,Bulk Carrier,45223.2,10019.3,22,7.54,14.51,371.7,1.4,1.17,225.9,3.14,4.55,354.4,2.26,311.5,675.31,64.97,16873.62,C0040
V032,Container,63159.3,22012.3,5,8.37,18.69,4181.9,81.8,19.61,282.4,4.1,6.9,200.5,0.14,154.9,610.88,132.42,16101.6,C0041
V026,Bulk Carrier,83257.9,16224.5,2,10.96,15.3,2343.2,146.3,24.32,233.3,5.49,4.72,238.0,0.61,209.3,605.76,73.84,21986.22,C0042
V011,Container,45500.2,15467.8,15,10.8,14.68,1368.9,306.5,27.85,269.4,3.11,8.06,119.8,2.38,272.7,700.58,71.05,15116.04,C0043
V046,General Cargo,70071.3,7295.4,7,10.05,14.11,4405.9,287.5,11.91,326.2,5.8,13.16,137.6,2.23,95.8,616.49,61.58,13294.48,C0044
V018,Container,90878.2,22202.8,4,8.8,18.18,1063.7,96.2,0.23,310.9,5.66,7.59,214.0,1.43,320.5,576.53,128.31,20357.55,C0045
V039,Tanker,69269.1,19456.3,1,13.3,18.95,4741.8,88.0,16.78,242.7,5.22,12.01,25.1,0.15,352.5,619.74,137.56,22438.99,C0046
V005,Container,38636.8,6353.4,13,8.72,18.53,1107.5,81.8,0.55,77.3,3.1,5.03,92.1,1.83,177.9,742.3,123.85,13533.38,C0047
V016,Bulk Carrier,21952.1,19156.7,20,9.64,16.74,3107.0,122.1,3.22,229.6,1.02,11.25,70.9,1.22,337.3,789.94,91.32,13111.75,C0048
V011,Bulk Carrier,89607.9,15870.8,22,11.42,11.37,1193.1,179.4,11.43,182.2,1.46,7.48,5.7,0.95,0.4,690.79,38.62,22110.31,C0049
V035,Container,21701.6,6634.5,7,10.34,12.77,2773.8,157.9,15.3,258.2,3.96,12.25,193.3,1.92,321.9,734.63,53.52,11269.92,C0050
V048,General Cargo,89976.1,14166.0,15,8.78,10.46,3451.5,78.6,9.78,299.9,2.65,5.5,202.0,1.31,112.0,659.85,28.6,14509.81,C0051
V011,Tanker,62315.0,14693.9,23,9.49,19.31,1032.1,47.0,20.37,267.4,1.05,13.88,138.2,0.28,112.1,687.45,137.1,18279.4,C0052
V042,General Cargo,95125.4,8315.5,14,12.36,16.61,2652.3,4.5,1.94,304.8,2.98,6.67,96.7,2.75,82.1,796.43,84.55,16766.16,C0053
V023,Ro-Ro,83902.7,23914.0,23,8.23,17.46,2398.4,55.4,5.06,23.0,0.3,7.88,234.7,2.34,114.1,631.53,118.44,20182.31,C0054
V034,Bulk Carrier,99834.7,21999.5,19,7.14,13.12,448.1,253.9,24.33,11.4,4.46,14.45,48.5,0.17,76.9,519.88,53.86,23409.32,C0055
V048,General Cargo,48056.9,18380.4,22,8.51,18.46,4109.7,87.7,4.97,93.1,0.63,10.36,186.7,1.58,326.1,787.1,112.6,12692.05,C0056
V017,Container,81375.1,14245.9,24,12.8,12.6,1744.8,168.7,22.39,324.2,3.85,8.02,276.5,0.25,323.6,737.92,50.06,17986.09,C0057
V010,Container,52154.5,13235.3,20,6.71,10.02,2915.5,212.9,1.91,296.5,4.8,14.45,59.1,2.51,36.8,619.49,33.71,15410.88,C0058
V018,Container,58390.0,18019.5,24,13.93,13.76,2622.4,319.3,14.26,245.8,0.97,7.62,271.2,1.84,51.4,794.72,59.61,14687.57,C0059
V044,Container,70200.4,15908.6,18,10.33,15.71,2615.0,320.0,6.21,252.3,3.21,5.04,273.9,0.52,310.3,603.66,81.23,15701.74,C0060
V008,Bulk Carrier,89894.2,6245.5,10,13.88,14.79,625.4,268.5,3.84,261.6,4.72,14.97,21.6,0.06,143.6,611.64,67.18,22083.61,C0061
V026,Container,98726.7,15250.1,9,13.51,18.62,2175.1,12.7,19.85,339.3,1.71,6.95,6.8,0.09,60.9,682.92,135.13,19761.99,C0062
V003,Ro-Ro,81461.9,21128.1,25,9.62,11.05,2316.6,207.0,32.49,299.6,1.14,13.36,350.6,1.52,183.8,582.3,39.8,19529.33,C0063
V024,Bulk Carrier,53421.3,14184.8,8,7.59,15.54,3694.8,283.2,1.92,224.4,2.15,5.82,69.6,2.2,150.0,709.57,74.41,18159.17,C0064
V003,Container,53708.6,6039.1,10,7.32,15.13,4216.1,6.2,14.75,239.7,3.42,12.04,296.0,0.36,78.9,545.86,71.93,15771.68,C0065
V038,Bulk Carrier,79006.6,20725.6,17,7.92,12.81,2770.4,197.9,24.76,76.9,3.54,9.77,202.3,0.66,259.5,532.41,49.59,20350.28,C0066
V002,Container,39102.2,9027.3,2,11.68,18.22,525.2,308.8,16.19,236.6,0.96,14.79,95.2,0.98,227.3,660.46,117.68,14056.17,C0067
V035,Ro-Ro,28837.9,10172.4,6,8.18,17.53,1260.6,170.7,28.23,152.9,2.85,10.08,46.8,0.65,35.9,666.65,118.04,13129.34,C0068
V017,Container,48369.8,8294.1,5,8.73,17.33,908.2,1.5,6.29,55.1,1.76,4.28,178.8,1.17,333.1,532.0,99.26,13431.13,C0069
V009,General Cargo,42979.1,11604.3,9,9.59,18.76,710.6,4.0,33.59,290.3,5.08,10.64,146.6,1.68,201.0,789.25,122.54,11456.33,C0070
V036,Tanker,43704.6,20135.0,5,13.31,17.23,1892.9,150.0,13.48,183.7,2.02,5.6,251.6,2.05,90.1,671.99,102.74,16917.89,C0071
V022,Container,38688.6,15387.7,18,7.52,12.32,1224.0,55.8,11.95,351.9,5.06,12.78,325.5,2.89,74.3,545.31,51.33,13596.77,C0072
V031,Container,23367.5,9097.6,20,6.04,17.06,1169.7,239.2,30.61,101.4,2.69,13.42,289.9,2.79,48.9,593.43,103.48,13182.42,C0073
V034,Ro-Ro,21429.9,22556.6,9,6.48,13.08,368.0,255.2,19.74,173.0,4.41,9.3,98.8,1.71,152.9,740.07,59.75,12189.94,C0074
V024,Tanker,99017.8,22591.6,17,13.24,12.42,186.6,64.0,18.08,161.3,3.16,12.62,316.4,2.2,48.8,656.97,53.32,22684.52,C0075
V009,Tanker,54221.9,22411.6,17,11.18,10.73,603.6,319.9,25.44,43.5,3.81,5.6,300.0,2.85,149.7,556.44,42.8,18419.58,C0076
V046,Tanker,50746.1,9775.9,12,8.18,17.44,943.8,159.1,20.29,153.4,2.49,9.41,334.5,0.25,53.6,530.85,104.83,18048.49,C0077
V043,Container,74371.8,14024.8,7,7.42,17.11,2211.8,51.4,5.69,103.5,4.66,8.33,165.1,0.02,236.5,629.23,104.29,17996.61,C0078
V002,Bulk Carrier,37460.3,24699.8,3,8.35,12.34,2601.5,275.1,23.6,57.7,2.67,10.72,276.7,0.09,282.7,601.22,45.41,15618.85,C0079
V021,Container,95996.9,20440.2,10,6.92,17.49,788.9,284.4,4.67,101.6,2.85,4.49,213.0,1.69,197.8,696.78,115.2,20715.91,C0080
V034,Ro-Ro,82907.6,5543.3,2,13.53,19.18,2181.4,230.1,28.21,84.0,3.2,12.27,111.8,2.29,244.8,777.57,142.88,20070.59,C0081
V027,Tanker,27152.9,6304.1,25,12.27,11.08,1774.6,307.2,34.64,264.3,5.02,4.87,358.0,1.1,337.8,574.32,42.57,15568.18,C0082
V037,Container,53406.5,14278.6,3,9.7,12.33,998.8,265.5,13.21,11.1,4.02,11.22,13.8,1.64,229.8,756.57,47.49,16290.19,C0083
V007,Container,90329.5,23184.4,16,12.92,17.5,133.5,317.6,15.57,222.3,2.23,4.2,58.4,1.55,131.1,776.14,114.14,17766.2,C0084
V022,Container,95578.6,15774.0,2,8.0,12.75,2388.4,156.2,1.63,273.8,4.09,13.15,321.3,0.28,161.8,770.6,52.99,17693.64,C0085
V004,Container,57392.1,14956.3,24,11.74,16.25,3459.7,269.1,0.48,173.1,3.93,5.92,21.8,0.96,309.8,785.62,93.53,14438.13,C0086
V014,Tanker,69072.9,7109.5,10,12.85,10.81,1208.8,359.9,32.25,335.4,5.6,9.67,319.3,0.06,47.1,752.63,41.53,22064.71,C0087
V034,Tanker,33362.7,18135.6,6,8.85,14.52,745.9,261.0,4.5,254.8,5.08,6.88,257.5,0.33,117.3,678.05,74.72,16517.5,C0088
V023,Ro-Ro,99293.5,21442.1,22,12.06,17.39,4446.5,41.1,15.6,269.3,3.96,11.95,13.2,2.44,207.8,622.95,127.07,19744.82,C0089
V044,Bulk Carrier,38533.7,12608.4,11,8.36,16.87,1447.6,186.6,28.54,70.9,2.18,7.53,154.6,2.49,243.5,647.51,90.99,15567.18,C0090
V042,Container,95418.5,20512.2,23,8.39,18.15,1195.7,211.4,31.13,279.8,4.72,11.97,271.6,2.41,274.9,761.78,127.73,18185.71,C0091
V025,Tanker,71971.7,24289.5,7,6.86,18.77,4299.8,62.7,18.18,299.6,3.54,7.13,209.9,2.18,114.6,590.42,131.11,22332.71,C0092
V001,Tanker,68618.9,9075.3,15,9.52,17.73,4103.8,346.6,19.78,130.1,5.91,12.28,336.9,2.38,52.5,547.78,116.01,20841.39,C0093
V048,Bulk Carrier,61015.1,15466.6,6,11.84,16.72,2296.9,63.2,23.44,76.8,1.64,4.34,312.4,2.01,343.7,542.25,90.57,17671.97,C0094
V015,Tanker,38453.6,10742.8,20,13.52,10.32,2497.3,63.9,33.65,138.6,0.66,7.12,119.8,2.01,27.5,748.1,27.34,16597.1,C0095
V032,Bulk Carrier,34122.2,20857.1,9,10.83,15.35,1167.0,329.5,21.09,266.3,0.61,9.48,30.5,2.0,34.5,728.45,71.09,15458.3,C0096
V014,Bulk Carrier,37638.9,16551.9,22,12.91,10.38,483.7,167.5,19.58,150.4,3.91,4.5,339.9,1.54,178.2,649.29,35.29,15035.52,C0097
V041,Bulk Carrier,34915.1,17691.6,20,12.58,18.08,2909.8,22.7,0.51,265.2,5.65,6.05,186.2,1.09,294.9,582.46,110.94,13905.42,C0098
V021,Container,82366.8,20958.3,12,7.39,13.21,581.9,215.3,2.83,40.9,0.21,14.28,26.8,2.19,278.8,703.28,52.82,16841.55,C0099
V047,Container,48010.0,12919.4,19,9.89,15.62,2301.4,216.7,20.2,290.2,4.41,14.75,294.0,0.9,337.6,511.53,85.66,16151.76,C0100
V007,Container,24627.4,23301.8,20,6.94,12.79,4708.4,23.2,32.77,91.2,4.01,12.14,312.7,1.63,51.0,670.47,57.72,13455.1,C0101
V036,Tanker,97528.2,15660.6,3,11.46,17.83,4768.9,350.1,30.33,89.6,4.45,6.77,230.2,1.3,135.3,619.53,112.89,25682.11,C0102
V021,Container,90702.9,8159.1,15,13.6,18.87,1272.7,195.9,34.39,212.5,2.26,6.87,161.1,0.83,101.6,793.36,135.78,18178.41,C0103
V050,Bulk Carrier,94220.2,18918.0,2,7.1,13.99,3158.2,201.5,18.47,25.2,4.96,11.1,238.4,2.92,309.9,652.27,66.69,23903.13,C0104
V040,General Cargo,99592.6,20865.2,21,11.87,18.63,2423.0,187.2,27.58,9.5,0.46,5.29,254.4,0.78,175.8,665.68,115.02,17124.9,C0105
V012,Container,33911.6,11335.2,2,11.06,12.67,4390.9,219.9,29.41,94.0,4.58,14.43,321.5,0.93,9.7,713.71,51.46,13950.62,C0106
V015,Bulk Carrier,51699.4,22143.6,22,10.67,15.35,1430.0,95.1,22.68,193.7,1.75,6.47,344.1,0.48,254.9,645.36,72.59,16878.04,C0107
V015,Tanker,80659.1,23122.9,3,9.12,18.59,118.1,103.4,11.86,326.7,2.97,15.0,185.2,2.47,139.9,567.37,129.16,21550.52,C0108
V017,Container,75681.6,10538.1,6,8.84,13.26,896.5,184.1,16.45,304.7,4.97,9.45,287.5,1.76,191.2,661.18,55.39,16145.82,C0109
V034,Container,32311.7,24670.4,15,6.36,19.54,1812.7,290.4,30.03,176.6,1.77,12.49,347.2,1.84,321.8,783.28,148.49,14273.7,C0110
V044,Container,85266.6,7814.2,10,7.74,11.22,1647.0,18.0,10.45,13.3,1.27,4.02,54.4,2.46,92.4,622.97,31.68,18361.89,C0111
V035,Container,37955.2,9040.3,9,6.12,10.18,3977.7,217.2,32.33,192.7,4.15,13.78,6.6,1.03,86.5,703.89,35.19,12956.45,C0112
V039,General Cargo,37905.4,8684.5,1,10.65,19.04,3434.7,290.4,8.04,253.7,3.29,6.97,312.8,0.58,94.7,793.41,123.84,10755.12,C0113
V038,Ro-Ro,62958.0,22879.8,16,6.85,10.69,1567.8,56.5,26.23,122.1,3.18,11.35,70.3,0.6,121.7,748.98,44.64,17578.42,C0114
V014,Tanker,67435.2,18085.9,6,12.98,19.92,2342.9,5.4,22.07,40.0,1.69,12.87,15.3,2.2,38.6,697.71,154.42,19567.37,C0115
V005,Ro-Ro,66406.9,8042.1,9,10.19,19.51,568.2,112.6,26.24,100.3,0.4,5.81,57.6,1.84,251.0,720.8,150.71,18932.53,C0116
V030,Ro-Ro,27318.9,13806.5,4,11.6,11.37,4500.9,211.7,15.31,277.8,2.58,8.87,138.3,0.62,74.7,780.94,41.45,14201.3,C0117
V004,Container,90196.9,17306.0,2,9.29,15.38,4683.6,49.8,32.64,126.4,0.82,9.43,78.9,0.44,333.4,787.93,78.58,19855.52,C0118
V015,Ro-Ro,41248.0,6669.3,4,10.48,11.85,4901.0,153.4,22.14,292.3,5.45,7.43,109.9,0.36,77.6,790.69,47.48,14785.19,C0119
V039,Bulk Carrier,30361.2,22648.3,1,13.54,14.28,4355.9,198.8,10.09,115.0,0.44,9.3,351.1,1.88,92.0,687.69,57.22,15013.79,C0120
V035,Ro-Ro,91099.8,21072.1,19,6.66,10.61,952.4,215.6,22.35,58.9,2.7,7.49,253.6,0.0,106.9,615.41,42.33,20647.28,C0121
V045,Ro-Ro,96452.1,15104.1,25,8.03,12.24,326.4,98.8,10.04,156.9,0.5,7.97,256.4,0.05,276.7,539.95,47.47,21502.26,C0122
V010,Container,88970.2,24342.5,10,12.24,13.63,2940.0,144.0,10.28,162.8,0.75,11.36,34.1,1.17,153.9,615.66,62.02,17326.92,C0123
V002,Container,84761.3,13355.2,21,6.79,14.39,4571.8,280.2,13.99,5.8,4.02,10.96,263.6,2.07,295.0,782.89,68.8,18163.93,C0124
V044,Container,72419.4,24682.2,15,6.61,19.77,969.0,338.8,29.84,42.1,3.95,6.55,266.2,2.09,282.5,766.94,161.03,15655.96,C0125
V024,Bulk Carrier,64068.6,18358.4,22,8.89,18.08,134.5,310.3,17.51,66.6,0.39,13.87,237.5,1.29,334.6,657.1,105.04,18425.4,C0126
V028,Ro-Ro,26958.9,17693.4,19,6.74,17.37,4046.9,203.1,23.76,40.9,0.21,13.49,82.2,2.07,272.4,661.1,107.49,13006.57,C0127
V022,Ro-Ro,52676.3,8319.1,16,10.68,15.37,476.3,147.7,13.72,122.9,0.66,9.6,152.3,1.56,18.7,592.68,82.06,15055.37,C0128
V044,Container,49815.1,22638.6,21,7.81,18.4,2127.2,119.9,9.23,347.3,4.63,8.77,304.7,2.93,301.4,636.35,135.52,13779.87,C0129
V032,Bulk Carrier,40780.3,13549.8,24,13.17,13.39,3426.5,45.0,33.41,183.3,3.59,8.15,241.3,0.49,337.7,714.33,52.58,16094.9,C0130
V031,Bulk Carrier,77873.6,8244.7,22,12.27,17.09,1260.3,38.4,21.13,225.9,0.42,11.78,263.8,1.8,357.7,620.73,91.28,18688.51,C0131
V019,Container,59670.1,5252.2,4,11.6,19.94,511.4,247.8,32.69,128.3,3.03,11.39,211.5,1.47,45.1,556.4,156.18,17312.98,C0132
V021,Container,26483.7,16195.1,2,10.94,13.15,3873.1,93.5,7.12,116.5,4.33,6.16,161.9,0.58,220.8,662.26,58.14,12829.68,C0133
V003,Container,37614.7,15548.0,25,12.91,16.74,3187.9,91.7,5.14,8.3,5.24,11.39,273.3,2.25,71.8,567.6,100.36,13321.48,C0134
V006,General Cargo,74660.7,19387.1,13,7.78,18.44,4943.6,359.4,29.95,180.1,5.62,6.78,24.5,0.83,94.5,792.29,119.47,14445.11,C0135
V032,Container,26090.5,22805.2,1,12.98,19.16,1787.1,67.7,23.83,174.1,2.1,4.2,242.3,1.15,268.4,617.1,140.21,11384.37,C0136
V002,Bulk Carrier,88096.6,6588.1,17,12.32,17.18,402.6,53.3,6.53,56.8,0.99,11.69,359.0,1.12,352.0,772.9,94.58,23101.77,C0137
V024,Tanker,59611.7,19629.9,13,11.99,12.84,3698.3,35.5,9.43,275.2,1.57,11.09,280.9,0.73,214.1,567.67,48.0,19867.5,C0138
V045,Bulk Carrier,58446.9,8748.2,4,10.49,13.26,2656.5,208.7,28.02,177.4,4.7,8.52,104.6,1.29,306.2,556.76,53.27,18819.97,C0139
V027,General Cargo,67392.6,22163.5,7,7.97,10.21,1144.7,226.0,15.89,122.0,5.83,9.78,100.0,1.42,3.2,685.07,35.95,12459.85,C0140
V009,General Cargo,85974.5,21381.3,17,9.39,17.61,3930.5,131.5,23.47,52.9,2.91,14.42,240.2,2.23,13.2,733.81,107.16,15069.58,C0141
V013,Container,47824.7,15815.9,9,12.35,10.43,1098.4,192.7,11.14,198.8,1.97,10.55,322.5,2.3,214.8,670.03,34.04,14739.8,C0142
V014,Bulk Carrier,74241.3,19204.9,4,6.25,18.65,1377.2,283.8,13.34,271.0,2.69,11.24,208.1,0.48,140.0,568.94,121.15,21312.34,C0143
V011,Container,65258.6,11287.0,19,12.26,11.19,553.4,294.5,34.67,101.5,1.97,4.7,189.9,1.78,320.3,511.37,34.75,16754.25,C0144
V014,Container,41362.3,14423.4,1,7.92,11.72,2057.2,344.8,8.67,78.8,1.69,5.83,57.7,2.69,108.7,685.49,40.46,14043.68,C0145
V016,Container,90290.4,21432.7,10,7.15,14.77,2152.8,296.7,17.73,187.9,3.64,7.31,257.6,0.33,155.5,539.31,78.38,18143.15,C0146
V010,Tanker,83794.1,14185.3,4,6.93,17.38,2621.4,203.3,29.55,55.9,0.29,9.93,252.8,1.42,190.0,602.95,100.91,22198.56,C0147
V020,Bulk Carrier,72676.1,12156.0,9,6.22,11.39,3573.9,64.7,8.37,240.0,1.71,12.54,348.1,2.25,98.3,702.74,31.02,19499.91,C0148
V016,Container,88046.5,14884.2,13,10.19,14.4,4539.9,35.9,14.53,217.9,4.04,7.53,108.1,1.83,327.1,529.41,69.31,18575.04,C0149
V034,Container,89383.5,21565.0,14,7.75,14.83,774.9,19.6,21.53,31.3,0.39,7.92,272.3,0.3,167.2,538.18,75.84,17126.96,C0150
V016,General Cargo,76669.0,11704.2,10,13.92,12.12,366.3,239.9,16.84,13.1,0.68,6.82,156.3,1.19,152.7,518.5,36.17,15287.46,C0151
V014,Container,86961.1,8475.2,6,10.6,11.16,190.8,290.7,16.08,223.3,1.9,6.8,201.1,1.52,305.9,798.82,30.21,20177.15,C0152
V028,Container,75797.7,19240.3,16,7.1,18.36,803.7,183.1,12.69,105.9,5.29,14.44,293.9,2.99,112.3,616.12,128.66,16310.69,C0153
V018,Bulk Carrier,74411.3,21519.6,6,11.51,15.02,3324.0,19.7,20.53,31.1,4.64,10.99,79.9,0.54,294.3,771.74,73.56,19827.56,C0154
V026,General Cargo,69488.9,7012.7,17,13.18,10.14,3664.6,192.8,21.85,273.4,0.33,5.71,123.4,2.95,44.0,588.08,23.74,12687.71,C0155
V038,Container,80217.3,9797.5,10,11.96,18.03,3953.9,336.9,22.87,113.1,3.11,11.94,278.4,1.13,65.8,725.96,119.32,18639.6,C0156
V007,Tanker,32688.4,7839.4,18,6.61,19.81,1294.2,215.1,2.46,165.5,1.79,11.94,205.4,0.6,342.3,565.72,149.42,15835.25,C0157
V045,Tanker,90469.7,11958.8,22,13.17,16.06,1598.9,291.4,22.09,85.3,3.96,11.33,33.3,1.24,303.3,649.5,88.22,24569.22,C0158
V034,Container,89747.5,14007.0,18,12.35,15.04,2467.4,288.1,33.36,225.8,4.39,5.48,154.9,1.84,139.6,747.38,76.01,19837.01,C0159
V047,Tanker,22339.8,19976.5,3,7.27,18.78,409.6,335.6,18.93,108.5,5.2,8.49,211.2,0.64,229.8,744.9,130.53,16081.26,C0160
V049,Bulk Carrier,86065.3,18023.0,20,6.41,19.53,3094.6,277.3,25.03,348.5,2.96,5.17,327.4,0.87,339.5,738.28,137.69,19289.53,C0161
V045,Tanker,30309.6,17418.6,21,10.46,17.55,4920.3,269.2,19.49,253.1,5.97,12.98,67.9,2.56,76.3,747.12,114.68,17614.29,C0162
V007,Tanker,46809.5,12047.5,25,7.25,14.45,1868.0,84.3,29.92,49.2,5.88,11.21,290.1,3.0,21.2,563.44,71.73,17342.55,C0163
V033,Bulk Carrier,79480.7,21829.0,15,12.68,15.92,3789.0,21.6,32.54,150.0,5.32,9.58,47.0,0.95,193.5,644.66,88.72,18320.31,C0164
V035,Container,32860.8,14425.7,15,8.87,17.01,2550.2,186.3,6.45,138.8,3.53,7.77,87.2,0.45,51.3,645.46,99.86,13410.67,C0165
V050,Ro-Ro,85437.4,24582.1,4,13.3,11.94,726.3,44.8,15.29,192.3,2.51,6.03,87.6,2.38,67.4,767.15,46.66,19193.2,C0166
V039,Container,86570.7,17682.8,9,10.53,14.47,2953.0,346.4,13.73,303.1,2.31,5.17,315.9,1.8,321.0,589.07,69.34,19887.2,C0167
V021,Container,60597.4,7525.3,19,7.46,18.3,1569.4,104.4,14.18,210.0,0.27,14.66,71.6,0.3,2.7,779.45,116.49,17038.85,C0168
V049,Container,20510.9,18523.6,24,7.12,16.55,268.6,307.1,4.39,22.2,1.65,6.2,283.3,2.84,294.1,635.24,94.62,11585.64,C0169
V028,Bulk Carrier,42963.1,11502.1,17,10.61,14.11,3211.2,139.5,28.48,235.9,4.37,4.66,166.3,0.23,186.1,700.94,62.94,17519.22,C0170
V032,Tanker,69354.2,18726.5,11,12.1,16.63,4308.8,116.3,1.25,3.0,3.7,14.58,359.7,1.88,201.3,580.66,95.5,20275.67,C0171
V044,Container,98494.9,6392.8,25,12.25,11.18,1789.4,336.7,18.49,280.8,5.52,10.04,302.1,1.27,241.8,623.09,43.64,19913.41,C0172
V016,Bulk Carrier,70545.1,8497.6,9,8.21,14.01,2012.4,130.8,23.17,240.0,0.49,12.76,266.3,1.67,155.3,712.94,49.71,18242.9,C0173
V010,Container,40784.3,22114.7,10,7.63,17.93,4466.0,140.5,7.26,111.2,1.1,4.48,313.5,0.64,41.6,653.82,113.72,15286.72,C0174
V023,Tanker,70720.5,9543.6,18,6.13,12.21,4086.7,38.2,31.7,105.3,4.78,10.24,228.3,2.06,37.0,779.21,43.56,19901.05,C0175
V048,Container,63198.8,21740.8,20,11.43,11.86,3603.3,241.4,29.35,287.4,2.28,8.38,303.7,2.88,271.6,721.14,51.38,14825.98,C0176
V050,Tanker,82387.6,10585.5,13,6.61,19.51,1319.1,104.0,16.49,282.0,0.89,12.49,94.0,1.38,79.6,669.32,139.42,22500.02,C0177
V015,Bulk Carrier,28558.5,17857.6,8,9.37,12.1,4560.1,210.8,14.39,126.8,5.98,4.42,35.2,1.57,10.1,766.0,46.96,15859.16,C0178
V043,General Cargo,80882.2,18883.0,7,10.81,12.61,856.6,212.9,8.28,107.6,4.77,8.42,221.7,0.72,352.7,699.67,50.23,15845.68,C0179
V050,Container,63301.3,15253.1,17,13.5,19.7,3171.2,258.9,25.55,201.5,2.57,12.79,156.5,2.68,352.9,694.2,154.78,17132.32,C0180
V006,Container,97039.4,11106.2,21,8.49,17.35,241.1,268.3,4.61,3.0,4.98,9.75,153.5,2.91,136.1,573.91,109.32,21247.83,C0181
V033,Container,47349.8,9252.9,23,8.0,17.0,3254.2,185.2,23.81,29.8,4.15,10.05,189.6,2.36,9.2,618.46,105.05,15877.85,C0182
V039,General Cargo,70609.8,5663.8,15,11.23,18.53,1458.0,119.2,29.49,45.4,4.78,5.07,130.1,1.63,261.8,704.99,119.12,13909.01,C0183
V012,Ro-Ro,94562.2,11078.9,20,10.95,11.16,2303.4,301.5,8.0,66.7,4.93,5.46,225.4,2.87,299.2,767.54,38.39,19913.89,C0184
V036,Container,28200.8,18063.3,15,8.66,17.06,1791.8,111.6,30.32,184.3,0.69,11.45,11.0,0.46,45.0,594.66,98.96,13493.57,C0185
V031,Tanker,94978.3,23766.1,1,13.42,15.04,946.5,182.7,1.17,357.2,3.81,11.43,349.2,1.44,48.8,564.65,76.94,25163.9,C0186
V010,Ro-Ro,75030.9,22424.1,25,12.76,18.29,3147.7,144.5,31.95,234.9,0.24,14.77,332.9,1.61,296.0,678.11,131.27,18122.11,C0187
V034,Bulk Carrier,25427.0,20321.3,14,7.79,15.08,4421.7,307.8,4.14,22.1,0.45,11.83,336.7,1.48,331.9,520.16,65.16,12941.5,C0188
V041,Bulk Carrier,44077.1,20768.9,5,7.91,16.2,4799.5,155.5,22.6,189.2,5.44,9.43,131.4,2.41,284.7,714.36,97.71,16989.04,C0189
V010,Container,76653.8,18299.7,11,10.1,14.78,1042.5,139.0,8.75,178.8,3.26,13.43,191.5,2.01,72.3,710.94,77.29,16822.13,C0190
V011,Container,25388.0,10205.7,16,12.19,14.78,3615.1,248.3,29.28,51.9,4.47,5.15,343.5,0.38,148.1,606.49,73.31,13608.35,C0191
V014,Ro-Ro,66573.6,23143.9,2,6.35,17.68,3355.3,216.9,17.93,331.3,5.06,8.94,324.8,1.04,216.3,767.8,122.21,16773.44,C0192
V003,General Cargo,47670.6,18414.6,8,11.55,16.29,1782.6,38.6,4.73,158.7,5.71,7.16,284.5,1.02,57.7,650.65,84.1,11081.51,C0193
V033,Tanker,69673.2,16208.8,11,11.19,16.33,193.6,182.9,19.98,358.0,5.24,5.15,146.6,1.7,75.8,693.73,98.24,22604.51,C0194
V007,Container,23659.4,7219.8,18,7.85,14.5,3480.0,264.8,14.28,151.2,3.0,12.4,203.2,0.87,101.8,562.87,65.97,11485.69,C0195
V004,Container,89722.9,13941.1,3,11.45,15.31,4732.9,357.1,23.15,218.9,2.15,9.62,285.4,0.35,183.4,625.2,74.45,17756.02,C0196
V039,Tanker,97879.1,14207.2,1,13.52,17.46,3197.4,226.5,30.87,37.7,1.1,10.12,98.3,1.96,183.9,758.73,100.54,25231.5,C0197
V048,Ro-Ro,97510.2,22291.3,11,6.37,18.26,2232.9,133.3,14.33,163.5,2.52,8.52,225.5,2.55,293.1,563.88,135.78,22561.82,C0198
V010,Ro-Ro,79972.1,15933.0,16,8.56,16.97,2673.3,81.4,10.15,86.0,2.33,9.06,298.1,2.79,271.1,617.17,111.06,17958.14,C0199
V015,Tanker,30406.9,12608.0,18,9.51,19.24,1078.2,314.2,0.51,300.8,3.45,5.28,254.7,2.92,328.9,595.42,137.24,15656.18,C0200
V016,Tanker,80661.1,24536.0,16,13.19,18.2,3777.7,293.2,20.12,282.2,4.06,11.4,172.6,2.34,299.8,545.33,125.91,23832.01,C0201
V038,Container,21967.0,7214.4,23,13.7,15.62,3757.5,84.2,14.08,296.7,5.87,8.76,210.5,0.42,91.4,586.92,85.96,13320.18,C0202
V004,Container,21769.9,13451.0,10,9.55,16.71,813.0,72.2,13.11,260.5,4.42,12.98,355.9,2.56,119.3,569.83,94.89,12153.62,C0203
V004,Ro-Ro,45888.8,5840.5,18,12.0,19.26,4402.1,257.4,6.4,299.8,3.93,6.16,216.7,1.2,180.2,777.08,150.05,14380.97,C0204
V036,Tanker,59091.5,19798.1,6,10.25,16.19,1419.0,113.4,15.05,72.3,2.14,6.26,282.8,2.19,5.1,722.32,88.21,17940.9,C0205
V027,Container,81632.6,23361.5,19,10.3,18.25,4913.1,110.3,34.46,162.7,0.4,11.1,261.6,1.59,325.4,594.83,127.87,17179.01,C0206
V022,Container,74663.6,10600.7,4,8.22,16.89,1976.2,54.8,10.42,249.1,1.87,13.31,252.5,2.49,16.0,729.0,96.75,16175.61,C0207
V022,Tanker,55672.2,22166.8,13,7.74,15.52,971.6,95.0,20.99,229.5,4.66,9.19,257.9,1.28,116.1,506.64,78.56,20134.62,C0208
V017,Container,41890.1,10844.4,24,8.3,12.42,1823.4,153.9,27.18,257.9,1.39,12.0,163.6,0.19,204.9,657.96,42.75,13099.68,C0209
V045,Container,99770.0,23215.4,14,10.45,14.26,2256.9,263.8,26.22,80.7,4.33,14.99,170.7,1.67,186.4,575.1,70.21,20006.92,C0210
V034,Bulk Carrier,54094.5,20079.2,3,6.23,19.68,439.6,121.1,11.51,35.4,3.56,14.89,168.4,0.51,235.6,534.3,143.69,17994.17,C0211
V032,Tanker,56111.0,21098.1,10,13.26,16.58,2933.3,118.3,21.38,330.1,1.2,12.19,12.0,2.9,189.9,765.13,94.49,19815.14,C0212
V006,Tanker,33089.9,5360.1,6,7.25,15.64,3028.4,102.6,30.49,201.7,1.72,12.14,86.8,1.58,82.4,559.8,75.53,15612.82,C0213
V033,Container,83584.8,24256.2,1,7.76,19.33,3720.8,172.2,0.54,55.4,3.08,6.72,55.6,1.66,72.4,746.72,141.95,19473.48,C0214
V008,Tanker,75494.6,19533.4,23,10.15,15.87,242.9,65.0,15.25,285.6,2.63,13.17,319.1,2.72,326.6,623.97,82.79,22875.83,C0215
V050,Container,37661.6,11095.0,24,11.68,15.26,2752.1,174.8,7.85,329.4,4.72,8.46,99.0,1.87,95.0,504.29,76.56,14404.12,C0216
V036,Container,26590.5,21587.9,14,6.77,17.59,359.2,253.5,13.6,61.0,4.46,14.58,49.8,0.91,101.2,719.76,115.1,11703.35,C0217
V005,Tanker,74439.9,10630.4,8,8.54,17.13,3535.6,10.7,14.56,294.3,3.53,4.9,43.1,0.89,148.7,678.91,98.63,20158.34,C0218
V005,Tanker,72360.9,22455.1,19,13.75,11.93,373.1,3.5,26.13,336.0,4.97,8.79,252.0,1.5,50.2,603.25,53.47,23379.55,C0219
V047,Ro-Ro,41860.8,7251.6,14,8.1,14.71,4567.5,27.0,3.28,337.8,3.46,10.11,2.2,2.6,182.6,584.46,72.91,14745.74,C0220
V010,Tanker,96069.1,19073.7,10,8.5,14.73,3540.2,192.8,17.94,329.1,5.79,8.46,169.7,2.38,239.4,522.11,78.93,23536.79,C0221
V040,Bulk Carrier,32084.6,15814.0,17,12.69,13.78,2586.2,307.6,19.75,196.7,1.46,6.32,42.8,2.89,283.0,782.43,54.9,14801.76,C0222
V007,Container,54586.8,6930.7,9,6.4,15.17,2263.4,1.8,17.3,128.2,4.34,10.52,305.9,0.22,256.1,648.2,72.67,15949.16,C0223
V012,Bulk Carrier,95489.3,9837.9,6,9.72,14.13,740.3,337.2,25.62,2.6,2.35,12.32,345.0,0.8,53.1,525.66,62.5,24000.27,C0224
V030,Container,53578.2,5248.1,11,9.04,11.99,1525.9,38.3,13.43,21.9,1.82,11.09,345.2,0.24,164.2,760.6,39.8,14689.41,C0225
V025,Container,71082.1,14375.4,25,8.53,14.12,4357.9,303.1,33.07,154.4,1.25,6.58,159.1,2.25,13.9,583.65,60.46,18554.88,C0226
V028,General Cargo,51807.6,11025.3,7,8.29,10.72,4531.8,173.8,16.86,143.8,3.4,12.05,232.0,0.42,6.4,561.08,32.3,11152.18,C0227
V043,Bulk Carrier,41937.2,16967.1,17,6.73,15.76,103.7,237.4,19.99,66.5,1.45,6.83,215.9,0.3,158.4,584.28,75.1,16124.34,C0228
V013,Ro-Ro,98718.2,10944.8,1,8.52,18.54,3011.3,183.8,28.89,142.4,1.36,5.93,126.0,1.69,91.1,669.37,132.59,21684.16,C0229
V047,Tanker,52746.7,10998.4,22,6.34,17.25,3624.6,171.7,9.63,62.9,5.95,11.6,159.9,1.23,246.0,522.22,107.79,17573.03,C0230
V049,Tanker,91527.9,19863.9,5,12.25,13.6,3131.9,300.6,2.63,305.6,4.85,13.27,23.2,2.15,260.7,644.53,59.56,22220.57,C0231
V022,Bulk Carrier,38396.4,5962.9,9,9.19,10.87,500.2,272.1,24.77,107.4,4.54,9.3,286.5,1.46,322.3,768.72,32.17,15296.89,C0232
V018,Bulk Carrier,37048.4,23057.9,18,9.55,12.02,1166.9,174.0,16.91,215.5,4.81,9.85,86.7,1.28,273.8,556.45,46.39,16831.83,C0233
V027,Bulk Carrier,22490.7,22045.3,24,13.15,15.45,1326.7,40.2,31.38,181.0,5.82,7.33,165.8,1.28,17.4,599.36,81.95,14016.35,C0234
V008,Container,72133.3,18356.1,21,11.26,12.07,4175.5,41.5,34.39,18.7,3.53,9.44,173.0,2.62,133.8,618.84,50.9,18697.63,C0235
V006,Tanker,49482.1,16864.4,2,6.06,15.44,2369.7,288.6,13.97,339.2,1.48,5.45,201.9,1.19,98.3,675.87,75.51,19803.33,C0236
V011,Container,89148.7,22846.0,11,13.55,12.32,2485.5,190.6,14.54,189.8,5.2,14.51,294.4,1.0,139.0,775.78,57.66,18792.03,C0237
V029,Container,57856.8,8706.6,6,7.9,18.49,4681.0,173.4,14.28,117.0,4.51,12.8,249.1,1.02,57.6,618.36,126.61,16672.68,C0238
V041,Tanker,97455.5,6579.4,8,6.86,13.97,3221.7,245.0,11.36,56.9,2.6,11.35,238.7,0.59,35.2,520.75,56.69,22306.01,C0239
V005,Container,34842.0,9790.2,4,12.15,12.46,4503.5,309.2,27.36,121.9,2.95,9.92,189.6,2.58,187.6,604.39,43.94,12411.52,C0240
V007,General Cargo,89489.9,20891.6,18,10.0,18.12,2336.9,226.4,26.56,7.4,2.59,12.71,34.5,0.44,259.3,557.03,107.54,16411.04,C0241
V022,General Cargo,82127.7,5693.4,11,9.47,13.43,832.2,274.6,16.75,130.9,5.59,9.44,144.7,2.73,252.7,695.53,50.82,15674.5,C0242
V047,General Cargo,81673.7,16656.1,5,8.0,11.11,4656.7,275.5,1.56,191.3,2.19,7.3,344.6,0.85,162.3,508.78,30.37,13969.93,C0243
V004,Bulk Carrier,87582.7,24908.8,15,10.38,15.7,2347.7,128.3,10.83,313.9,5.79,5.76,358.4,2.7,188.0,587.58,85.55,21232.88,C0244
V032,Container,80881.9,22113.9,18,8.2,15.82,990.0,98.7,10.23,247.5,5.48,11.12,263.0,2.37,185.9,663.55,89.98,18469.07,C0245
V019,General Cargo,70097.6,15428.9,2,13.21,17.15,1581.7,288.4,28.39,40.2,3.86,14.22,81.9,1.75,249.0,583.2,92.79,14831.04,C0246
V045,Bulk Carrier,30499.6,6272.8,22,7.72,12.4,348.9,135.8,3.07,53.2,3.56,5.69,36.7,2.01,17.3,665.3,41.06,14958.88,C0247
V033,General Cargo,22602.1,21627.5,11,13.07,14.44,2394.7,325.2,28.2,154.1,2.35,5.98,149.3,0.98,255.6,534.41,62.0,9767.4,C0248
V001,General Cargo,93667.8,16979.6,25,10.48,12.82,4280.3,25.1,23.42,70.5,0.31,8.77,308.4,1.72,209.6,782.84,48.15,15341.37,C0249
V046,Ro-Ro,69332.0,7298.7,13,12.63,10.81,4674.5,21.0,25.64,10.0,0.94,12.88,259.9,0.88,71.3,587.27,34.8,17717.49,C0250
V041,Container,83723.0,6877.1,4,11.7,18.77,4669.8,333.7,15.13,289.8,4.57,7.23,318.2,1.21,17.7,776.9,136.77,18929.01,C0251
V044,Bulk Carrier,58521.8,23192.5,22,11.57,17.29,713.6,233.4,23.79,7.0,2.93,6.79,221.7,2.29,39.1,597.75,106.59,19131.0,C0252
V050,Ro-Ro,29384.7,18384.0,7,8.59,13.01,1972.1,136.7,21.32,299.0,1.07,10.82,46.9,0.73,188.9,734.55,50.02,13596.93,C0253
V041,Container,30014.9,21585.7,11,7.87,15.99,238.3,271.8,26.91,51.9,1.73,9.89,41.3,2.52,273.0,573.86,84.88,12324.89,C0254
V008,Container,74845.2,22579.6,22,7.69,12.01,4290.3,242.0,15.64,350.9,5.7,4.66,17.3,1.13,120.5,700.93,48.44,16559.01,C0255
V032,Bulk Carrier,54424.5,16435.4,24,12.86,18.9,1857.9,191.2,16.55,217.4,2.33,4.9,204.1,1.6,136.5,597.11,128.79,18212.56,C0256
V030,General Cargo,36042.0,15348.9,4,12.56,11.15,3192.5,35.6,22.53,264.6,5.46,11.07,87.4,2.83,336.3,652.75,39.39,11736.21,C0257
V046,Tanker,59327.6,13608.5,15,9.52,10.04,3603.0,292.4,3.78,39.8,1.97,9.12,264.4,2.04,76.7,702.14,29.93,18331.23,C0258
V028,Bulk Carrier,25136.7,11338.9,1,7.06,15.02,2206.2,311.8,15.27,310.4,3.35,14.68,247.0,1.94,37.3,676.66,71.93,12832.95,C0259
V041,Container,66557.7,13691.9,23,9.06,15.83,1601.6,62.0,34.02,302.1,0.32,11.46,114.5,2.13,123.6,672.88,85.16,16962.13,C0260
V032,Tanker,41519.5,20477.6,3,10.95,15.79,4814.8,306.2,1.31,235.1,3.23,4.11,63.6,2.75,268.5,519.7,82.28,16417.63,C0261
V025,General Cargo,83804.7,17038.5,14,9.64,10.55,4826.0,316.0,11.06,180.8,3.89,9.29,36.9,0.75,225.4,574.72,31.27,15902.57,C0262
V034,Container,44829.0,22850.5,6,12.24,13.14,1518.2,197.8,10.99,259.7,1.56,8.56,265.4,1.84,149.7,671.55,55.81,13917.78,C0263
V033,Bulk Carrier,56417.6,13867.6,18,13.98,14.99,2450.2,236.2,22.17,2.1,3.56,5.17,162.2,1.2,347.3,505.5,67.9,16331.15,C0264
V013,Ro-Ro,20929.6,17141.8,25,7.53,12.17,4866.9,137.6,3.7,213.3,3.95,14.16,116.5,0.04,264.6,575.19,54.08,13901.19,C0265
V025,Tanker,25795.8,17626.2,1,9.68,18.73,123.9,101.4,22.0,305.1,4.18,12.86,308.4,0.38,22.3,568.76,127.82,14645.04,C0266
V042,Tanker,51399.5,16833.9,6,9.45,10.87,2122.1,259.9,3.33,128.5,4.7,6.53,213.7,0.97,268.1,574.96,39.36,18093.53,C0267
V040,Tanker,58395.1,19052.7,6,8.44,14.87,592.2,310.3,3.32,39.0,2.01,6.82,186.5,1.69,8.7,660.68,72.24,18414.73,C0268
V039,Bulk Carrier,68001.6,9748.7,21,7.58,16.91,2594.9,235.5,25.49,151.5,3.49,4.35,267.6,2.64,234.1,674.59,91.87,17438.92,C0269
V044,Container,43333.0,15247.3,16,6.53,12.62,220.9,184.2,11.34,261.8,5.89,7.26,293.6,2.37,75.8,772.7,52.14,12945.28,C0270
V049,Ro-Ro,75598.6,7084.5,5,13.1,16.24,2093.8,57.2,34.21,38.6,5.41,10.43,247.0,1.66,250.7,615.81,102.77,16993.86,C0271
V044,Ro-Ro,88809.8,12690.2,17,9.36,18.29,1181.4,19.2,1.31,74.2,5.73,8.63,158.4,0.22,111.5,777.97,131.35,18756.07,C0272
V048,Ro-Ro,82388.1,14753.3,10,9.98,11.9,2713.2,160.4,15.58,53.1,2.44,14.66,136.5,0.86,314.3,695.59,50.08,17645.8,C0273
V010,General Cargo,23169.5,18044.5,21,13.34,19.17,4980.4,17.8,3.96,286.9,4.76,4.62,277.8,1.1,121.3,773.8,130.85,10169.56,C0274
V031,Bulk Carrier,58440.6,24010.6,18,12.21,15.54,4022.6,205.0,12.3,22.6,3.8,10.51,186.4,1.87,223.1,750.04,80.36,18455.78,C0275
V044,Bulk Carrier,28394.4,17013.0,7,7.04,12.99,4243.6,137.8,34.94,247.2,0.68,13.44,253.6,0.19,102.9,706.27,41.18,14112.15,C0276
V011,Tanker,39363.6,19871.9,3,10.52,14.31,3212.8,272.6,31.11,131.9,4.98,9.29,320.5,1.59,330.2,606.83,66.35,16764.09,C0277
V025,Tanker,98933.0,15125.3,13,9.54,13.12,303.6,110.0,1.69,272.1,4.13,4.03,329.7,2.7,281.2,572.33,56.43,24894.52,C0278
V046,Tanker,31399.6,17682.1,15,12.38,17.25,1113.3,213.5,19.71,347.2,1.35,6.67,100.0,2.12,87.6,566.72,103.12,17627.95,C0279
V045,Tanker,59911.1,6418.6,20,11.79,17.96,4632.8,193.6,22.67,41.2,0.66,7.56,67.6,2.39,341.6,785.65,112.48,21378.45,C0280
V034,Ro-Ro,69452.5,10087.8,19,11.52,18.33,1894.0,1.7,7.33,113.2,5.05,14.63,94.1,2.05,128.6,787.57,132.24,16353.72,C0281
V020,Container,76197.2,12237.1,3,8.72,19.86,607.8,26.1,5.08,291.6,0.66,14.03,270.5,0.62,234.7,717.45,147.7,16493.23,C0282
V007,Bulk Carrier,64771.9,14449.9,4,12.44,17.91,3541.8,104.5,31.65,95.8,0.73,14.44,133.2,0.33,267.4,765.14,108.32,17551.53,C0283
V033,Container,20781.7,5913.0,5,6.42,16.01,1567.3,317.6,33.91,77.4,2.68,13.08,62.4,2.49,8.2,775.7,80.25,11448.51,C0284
V035,Bulk Carrier,46116.9,7800.5,1,7.28,13.39,1417.4,52.9,34.72,297.1,0.98,7.87,35.4,2.09,345.2,653.47,47.6,16654.23,C0285
V029,Container,61416.9,10536.3,4,8.68,15.45,4990.1,255.9,27.64,355.3,5.5,13.96,117.8,1.73,124.0,688.72,83.0,15861.5,C0286
V012,Bulk Carrier,27029.3,24430.7,12,6.61,10.41,4304.9,350.4,23.22,200.5,2.93,14.8,49.0,0.57,68.3,625.63,31.88,12978.78,C0287
V005,Bulk Carrier,48050.2,11626.9,24,7.88,17.45,2098.9,284.6,12.1,100.1,3.5,7.85,56.3,1.81,306.3,625.55,99.74,16218.04,C0288
V012,Container,22656.2,14640.8,10,12.64,14.46,4903.3,87.5,6.0,143.5,5.58,6.87,246.2,0.09,253.0,511.53,68.29,12298.94,C0289
V029,Bulk Carrier,26286.3,8922.0,23,13.59,10.2,3285.6,327.0,2.76,61.2,3.28,10.02,7.1,0.36,31.2,630.15,27.78,13051.11,C0290
V035,Container,51753.9,17215.6,25,8.44,10.63,3735.9,33.5,24.27,274.3,2.25,6.06,42.3,0.94,42.1,702.05,38.15,16172.83,C0291
V020,Container,30617.3,10613.7,21,8.12,13.87,254.4,168.5,27.47,278.5,4.82,4.36,304.0,1.33,257.5,626.59,60.33,11871.46,C0292
V037,Ro-Ro,65403.3,9139.9,20,8.24,15.83,695.9,319.5,28.93,315.0,2.77,14.4,304.2,0.36,26.9,761.72,93.45,19057.54,C0293
V001,Bulk Carrier,75157.2,15331.5,24,8.22,14.64,3202.1,230.9,31.98,9.6,2.05,14.18,118.5,0.36,330.2,599.77,64.23,18120.33,C0294
V016,Container,84046.9,5110.1,25,6.29,16.19,4505.2,148.9,30.8,202.3,4.39,5.79,31.7,2.18,267.0,539.8,91.39,19667.89,C0295
V030,Bulk Carrier,36012.0,5153.3,13,13.42,14.8,3156.3,105.4,34.99,77.1,4.85,8.49,253.8,1.71,120.8,743.47,68.18,16509.59,C0296
V009,Tanker,33398.6,9381.4,23,7.71,16.62,756.7,135.0,8.54,122.7,4.79,13.14,129.6,1.6,130.7,702.18,97.25,18245.78,C0297
V042,Container,28365.4,5734.4,14,9.36,12.19,667.2,183.2,26.72,282.6,5.87,11.27,16.4,1.36,182.3,572.55,41.96,13587.91,C0298
V010,Tanker,70914.4,7160.5,23,6.08,11.13,4236.5,114.9,20.53,69.1,4.76,8.34,56.8,2.93,129.9,660.94,40.36,22550.02,C0299
V013,Container,76518.1,11777.2,5,12.86,15.96,782.6,348.8,9.14,229.8,4.67,12.19,49.4,0.15,282.0,620.56,86.82,18150.45,C0300
V048,Container,22526.9,21051.7,4,11.85,14.85,2649.1,335.9,34.37,235.6,5.17,13.87,212.1,0.54,350.9,781.66,73.36,12910.11,C0301
V020,Bulk Carrier,94897.0,16441.0,14,13.57,10.27,281.9,313.4,31.43,343.5,0.2,14.19,323.3,1.94,210.4,682.2,33.66,20326.23,C0302
V029,Bulk Carrier,24157.7,15253.4,10,12.25,13.8,495.3,151.9,4.5,279.1,2.3,8.17,285.5,0.41,160.6,547.52,52.54,14041.01,C0303
V004,Tanker,63303.7,10869.8,17,8.51,11.06,3394.5,248.9,0.92,289.3,4.48,5.91,196.7,1.77,80.2,650.64,42.61,20459.36,C0304
V046,Tanker,76724.8,23635.1,10,7.98,15.31,3477.0,325.0,24.09,191.4,3.68,14.04,152.0,1.7,235.2,758.77,80.76,23664.8,C0305
V049,General Cargo,89677.5,12940.3,7,11.58,13.96,1773.2,306.2,21.14,67.2,1.23,5.02,222.7,2.91,246.8,701.45,51.81,15297.25,C0306
V028,Bulk Carrier,77127.0,6741.9,16,8.91,16.13,1156.5,149.2,32.75,153.2,1.96,11.94,159.8,2.65,246.7,752.74,85.15,19464.4,C0307
V037,Container,84138.2,17341.3,1,10.53,18.06,4087.2,40.5,8.19,197.8,2.15,5.55,88.6,2.84,9.7,575.12,118.16,18926.41,C0308
V013,Tanker,47156.0,7276.8,17,6.05,13.0,1163.8,27.2,2.95,244.2,3.49,8.28,244.5,0.34,323.7,766.51,47.21,17516.9,C0309
V003,Container,85186.0,11904.5,21,6.5,19.62,2755.9,207.7,9.07,218.8,5.02,8.53,314.4,2.6,121.7,726.68,152.38,17183.52,C0310
V037,Bulk Carrier,26409.2,15148.2,9,10.28,15.36,4844.2,231.3,0.66,141.8,5.61,5.75,134.2,0.39,267.9,718.67,77.18,14131.9,C0311
V048,Container,91585.3,22484.5,6,10.53,16.18,824.5,305.9,1.26,95.5,4.55,14.15,303.0,1.9,273.5,603.96,99.06,18841.54,C0312
V019,Container,63807.4,14870.9,19,12.01,16.81,4710.3,105.3,32.02,60.6,5.09,4.03,155.2,2.16,234.2,766.3,109.05,15495.97,C0313
V028,General Cargo,85383.8,19045.2,13,7.06,16.67,996.2,60.3,12.32,249.8,2.93,13.83,144.5,0.48,142.2,691.39,88.01,14662.62,C0314
V019,Ro-Ro,56185.5,24856.3,3,10.11,15.11,2880.5,136.4,14.38,232.3,2.46,13.72,10.2,1.9,219.0,755.55,77.99,16138.84,C0315
V017,Tanker,71486.2,7629.8,7,7.56,14.29,1947.3,127.3,0.64,247.5,2.48,7.49,250.3,0.16,14.5,608.29,60.56,20688.76,C0316
V018,Bulk Carrier,62112.2,10494.6,22,6.75,10.54,4828.2,47.7,9.47,134.1,3.77,11.75,290.7,0.88,274.3,543.7,32.7,17787.25,C0317
V018,Container,78527.2,12891.5,9,9.28,10.22,1440.4,242.0,28.17,94.5,0.92,6.78,238.9,2.76,35.9,599.7,32.92,18512.3,C0318
V023,Container,26530.4,13436.6,22,7.31,13.58,2058.3,183.1,21.54,273.5,3.56,12.35,54.5,0.52,142.8,636.58,58.5,12116.61,C0319
V040,Container,24828.2,13220.4,5,7.77,13.34,4916.0,259.6,26.38,278.5,4.06,10.17,37.2,0.2,37.3,660.02,54.34,13577.26,C0320
V050,Bulk Carrier,39768.3,23152.2,10,8.54,13.88,2728.7,127.0,15.65,164.0,2.75,7.3,206.2,1.33,301.3,653.24,59.68,17010.96,C0321
V009,Tanker,32763.6,19280.7,23,8.08,11.38,2562.9,117.3,10.84,220.3,5.73,8.4,144.5,2.55,198.1,663.82,50.0,16505.97,C0322
V029,Tanker,89742.7,17158.1,17,6.7,17.38,1363.1,170.1,16.9,134.5,3.73,11.59,154.5,0.23,248.7,752.51,110.14,22904.61,C0323
V042,Container,37537.1,11187.5,12,6.72,18.57,3536.7,315.9,11.31,252.7,1.48,13.97,348.4,1.07,245.7,551.03,126.29,13831.9,C0324
V029,General Cargo,98069.2,21475.8,23,7.55,19.39,170.4,14.5,29.36,300.9,2.98,5.44,260.6,2.7,303.0,594.82,132.38,17218.46,C0325
V002,Tanker,46951.7,24101.2,16,6.4,14.92,342.6,289.7,10.42,247.8,4.12,10.29,148.2,0.35,47.7,766.58,75.18,18909.5,C0326
V017,Bulk Carrier,34569.4,21424.0,3,11.01,17.01,3036.9,132.8,23.09,184.5,2.08,6.79,6.9,0.93,237.5,668.14,98.81,16036.49,C0327
V045,Tanker,83175.9,5031.3,25,8.3,18.56,1774.2,307.7,4.79,165.1,0.66,12.82,12.3,2.34,207.0,675.02,118.27,23044.67,C0328
V031,Bulk Carrier,72696.6,17728.0,22,8.24,14.18,4771.3,288.8,24.04,231.2,3.58,4.77,246.5,1.63,11.1,643.42,65.63,19938.24,C0329
V028,Container,59855.7,6022.7,9,8.66,13.09,4525.6,125.6,31.97,244.7,5.7,11.58,301.6,2.5,72.5,664.69,52.05,15298.1,C0330
V043,Bulk Carrier,64429.1,10152.1,15,11.3,19.37,3597.2,249.8,21.3,201.1,3.01,5.92,254.8,0.33,96.3,559.42,135.12,19356.84,C0331
V048,Tanker,77536.1,6190.5,5,12.97,15.16,4108.9,57.5,19.59,225.0,5.46,10.56,146.1,2.76,26.1,664.06,72.62,20866.61,C0332
V039,Container,38276.4,17075.9,23,12.07,14.97,3369.9,322.7,33.64,34.8,5.04,13.19,11.2,2.8,127.7,799.15,81.52,14346.76,C0333
V030,Container,99706.7,18731.8,13,11.82,11.78,715.4,145.6,21.96,342.6,1.05,12.31,348.3,0.47,9.8,669.81,43.17,21416.36,C0334
V035,Container,97983.5,7289.8,14,9.88,11.08,3851.2,164.0,9.08,284.7,4.31,12.28,355.1,0.1,199.1,513.32,34.96,18345.25,C0335
V048,Container,72026.1,12676.8,20,11.55,18.42,1129.9,254.1,10.23,134.6,2.73,9.7,197.8,2.97,76.1,738.93,133.32,17590.02,C0336
V020,Ro-Ro,35963.4,14124.7,15,10.42,16.14,1684.9,295.5,24.69,202.6,1.65,13.8,25.4,1.45,103.3,618.94,90.84,13256.97,C0337
V016,Tanker,74418.3,12381.1,16,7.73,13.26,4114.2,85.1,25.74,17.0,4.18,10.47,194.8,1.72,327.8,546.1,54.9,22779.9,C0338
V034,Bulk Carrier,25775.9,7420.5,23,7.67,11.92,2729.0,238.1,10.62,14.8,4.51,14.09,321.2,1.85,181.0,758.76,42.85,12949.53,C0339
V014,Container,22452.2,13379.0,13,8.37,15.55,4313.7,141.1,12.09,90.3,1.24,10.01,244.8,2.37,96.8,559.39,78.73,13285.77,C0340
V026,Bulk Carrier,40614.6,20023.6,17,13.29,15.84,1143.9,132.7,34.69,248.3,5.5,9.57,259.2,2.44,215.4,776.23,80.5,14653.21,C0341
V020,Bulk Carrier,57009.8,6420.2,23,10.38,12.07,3078.1,248.4,3.57,306.8,4.56,6.45,30.6,0.58,72.6,632.54,41.01,19270.31,C0342
V042,Container,89461.8,6603.6,8,11.87,18.51,510.6,139.4,14.16,201.3,5.61,9.99,38.3,0.71,26.8,722.84,125.83,20087.03,C0343
V024,Bulk Carrier,78173.5,12095.4,21,8.77,10.84,3251.0,124.6,2.19,191.6,2.04,5.55,45.8,2.63,7.5,664.1,33.47,20415.92,C0344
V043,Bulk Carrier,79416.5,23834.5,2,9.26,13.56,3836.4,300.9,28.74,144.8,5.65,13.57,325.6,2.46,342.6,576.99,60.82,21321.52,C0345
V018,Tanker,54039.5,18371.5,5,7.0,16.8,2966.2,36.5,3.23,58.2,2.34,11.43,189.3,1.85,260.9,701.33,99.98,20374.41,C0346
V043,Tanker,47674.8,18573.4,6,7.37,12.74,1404.5,243.3,23.59,42.6,0.51,14.93,285.0,2.98,288.0,787.37,46.47,20085.22,C0347
V009,Container,49683.1,12238.4,12,12.62,18.28,253.6,89.5,1.98,273.8,4.63,5.01,41.5,2.21,353.1,730.89,126.9,14216.23,C0348
V019,Bulk Carrier,99012.0,16873.2,18,10.68,17.4,685.3,5.6,23.55,333.9,4.28,6.65,334.0,0.65,335.4,681.21,108.97,22797.15,C0349
V020,Tanker,23208.7,5202.6,22,8.7,17.89,3149.3,60.0,29.51,165.0,3.67,13.65,295.6,2.54,265.3,797.19,113.87,14125.47,C0350
V042,Bulk Carrier,89362.5,17721.9,22,12.42,11.19,4678.7,218.4,13.96,237.4,3.04,8.35,80.9,1.24,249.8,579.6,37.61,21798.97,C0351
V030,Ro-Ro,66294.0,23265.7,1,7.97,11.41,1112.0,255.3,18.27,329.2,0.39,9.13,314.7,0.11,121.3,518.7,41.27,16499.06,C0352
V026,Tanker,55089.2,17251.5,17,13.81,12.86,3701.6,7.6,14.05,32.4,3.82,13.47,94.8,0.96,37.4,509.64,52.87,19622.22,C0353
V031,Container,78020.6,22474.0,11,8.76,15.18,4345.6,13.1,10.52,277.4,2.62,9.74,73.9,2.29,206.5,713.21,86.07,18056.2,C0354
V035,Container,58933.5,19479.5,10,8.7,17.48,2652.3,324.9,28.11,222.1,3.45,6.13,95.1,2.88,207.5,749.07,108.34,15774.33,C0355
V003,Tanker,89873.9,7411.2,19,8.5,18.37,3379.4,26.4,9.52,215.5,2.69,13.81,327.6,0.83,342.8,690.53,117.46,23842.72,C0356
V040,Container,92056.1,23049.1,14,6.98,17.04,4093.6,321.9,25.3,105.3,5.8,4.34,329.6,0.74,159.3,771.51,114.1,20221.13,C0357
V029,Bulk Carrier,53737.7,6328.9,10,6.89,19.29,1377.3,82.1,7.22,246.2,3.7,13.85,118.4,1.69,248.7,709.39,131.6,18315.15,C0358
V006,General Cargo,42146.2,15679.3,15,11.18,17.39,1554.8,266.4,8.74,286.1,4.55,4.56,254.0,2.44,207.0,611.29,102.71,11517.15,C0359
V001,Bulk Carrier,67388.0,7842.7,19,13.0,13.06,103.1,111.5,11.78,40.6,5.63,11.32,243.3,2.24,63.6,554.38,49.82,19197.35,C0360
V024,Bulk Carrier,92989.1,5234.1,4,12.32,12.65,4819.2,309.2,20.62,192.1,3.63,4.79,290.4,1.68,213.1,777.39,44.41,23586.29,C0361
V038,Tanker,36853.0,13440.7,2,7.13,16.96,4596.0,252.2,15.9,36.5,0.27,11.77,106.7,1.89,194.4,531.08,92.02,15783.19,C0362
V034,Bulk Carrier,69837.3,10900.8,9,10.36,11.93,3846.4,144.7,26.08,314.1,0.4,4.37,183.6,0.73,177.8,662.9,35.81,17636.44,C0363
V007,Bulk Carrier,70524.8,14720.0,10,6.84,10.93,487.5,27.5,7.47,182.7,4.27,13.27,240.4,1.3,184.8,594.2,38.75,17595.4,C0364
V011,General Cargo,78649.0,16544.0,11,6.36,15.32,2292.8,263.8,0.37,290.9,1.82,9.13,9.5,0.77,59.0,581.42,72.55,14970.63,C0365
V011,Bulk Carrier,30525.4,5874.8,14,11.25,18.22,599.3,222.1,27.18,132.5,3.56,5.03,135.6,2.65,166.9,693.75,108.98,14420.92,C0366
V036,General Cargo,77266.0,7460.1,7,10.28,11.01,178.0,1.0,28.76,45.0,1.37,11.78,250.5,0.34,218.0,569.37,30.17,15189.66,C0367
V020,General Cargo,92722.6,16172.8,23,6.66,17.92,3119.3,3.4,2.08,14.9,1.77,9.38,90.9,2.04,176.2,774.91,106.51,16196.58,C0368
V016,Container,34374.6,11863.3,15,6.28,18.12,4808.1,291.2,21.38,101.3,3.13,6.1,344.8,0.78,175.9,621.81,117.02,12970.68,C0369
V005,Container,39003.5,19583.5,22,13.92,14.82,4524.1,93.4,13.24,87.9,5.86,4.17,10.9,1.43,27.9,703.21,81.52,14987.77,C0370
V024,Container,97711.6,18045.8,19,6.24,10.57,3514.1,229.0,27.79,201.7,3.77,8.6,344.9,0.9,68.7,718.33,41.41,20813.31,C0371
V030,Container,34478.2,21912.1,22,9.56,11.75,573.5,163.5,30.6,7.8,5.63,4.94,78.0,0.97,115.6,704.88,49.0,12811.27,C0372
V030,Container,88350.8,18849.9,15,10.04,17.07,1443.4,310.8,29.79,187.4,5.76,5.04,17.6,0.78,151.0,771.02,111.16,18323.74,C0373
V039,Tanker,59382.2,13598.6,24,6.94,17.12,1668.3,330.1,27.2,141.0,1.41,6.94,105.3,2.26,213.8,569.34,97.68,19170.39,C0374
V048,Container,39778.5,18459.3,8,7.35,18.98,3839.4,358.9,9.42,207.8,2.0,10.94,283.1,1.1,310.8,525.82,133.47,13003.64,C0375
V047,Container,89660.0,10507.6,11,8.81,15.83,4031.0,55.3,28.42,252.9,4.67,9.83,270.9,2.18,57.3,516.64,83.26,17630.68,C0376
V037,Ro-Ro,55624.4,11126.3,9,12.09,11.24,1987.0,310.7,18.67,228.3,5.23,4.76,75.2,1.37,5.4,763.35,42.07,17963.23,C0377
V033,Container,61185.4,20779.7,15,10.06,11.21,2147.6,95.8,1.85,354.5,3.21,14.65,70.8,1.64,161.7,791.99,42.74,15908.37,C0378
V020,Ro-Ro,48738.7,13928.4,1,11.1,17.21,318.1,212.7,15.99,49.8,5.96,13.76,231.3,1.63,155.6,590.76,113.16,15419.26,C0379
V022,Container,67436.1,20967.6,1,13.88,11.84,1516.8,182.1,32.98,154.7,0.27,6.85,164.9,2.93,198.7,708.05,43.63,17504.68,C0380
V041,Container,33081.9,21448.4,19,12.14,13.28,2311.3,6.5,31.08,152.9,1.94,5.35,285.2,1.1,300.0,502.67,55.87,13428.17,C0381
V021,Tanker,51286.5,22151.2,3,9.47,14.87,673.2,335.8,3.58,150.1,3.81,14.37,8.7,0.62,288.8,556.59,74.7,20541.48,C0382
V037,Tanker,97553.0,23332.7,10,9.57,10.25,2321.0,28.2,26.04,239.0,2.92,9.07,219.7,2.74,36.0,706.78,35.31,26083.47,C0383
V027,Ro-Ro,40650.7,13619.7,8,10.95,12.49,4280.6,247.8,28.2,176.3,0.88,7.42,263.0,0.52,336.2,519.77,47.85,14863.47,C0384
V038,Tanker,72538.9,11377.3,15,11.32,14.08,2948.5,282.6,9.5,186.3,2.33,9.39,357.6,2.5,39.7,640.55,60.37,21026.99,C0385
V035,Ro-Ro,46015.2,16644.0,10,10.01,12.8,486.8,286.3,16.51,155.6,0.35,12.5,244.4,0.45,228.4,698.77,48.74,17005.49,C0386
V038,Container,81877.9,12423.4,1,11.16,11.36,1039.2,48.8,24.88,357.0,3.93,5.85,83.5,1.98,242.1,729.79,46.5,18977.6,C0387
V040,Container,30469.9,17021.5,18,6.19,17.28,2425.3,161.1,15.37,333.9,5.38,12.44,38.9,0.45,244.8,636.14,109.15,14200.52,C0388
V006,Tanker,97585.7,19111.7,2,9.44,18.13,1871.3,298.6,3.95,110.8,5.33,12.24,230.7,2.77,95.5,689.09,124.91,22818.0,C0389
V032,Ro-Ro,56303.2,18768.1,19,8.23,12.57,1857.8,109.0,24.71,40.2,4.26,9.93,188.3,1.7,118.9,661.87,54.14,17757.87,C0390
V016,General Cargo,38884.0,12491.1,13,7.03,17.74,2693.4,168.4,31.91,302.3,2.9,13.52,323.7,0.99,197.5,515.69,99.67,11578.13,C0391
V028,Bulk Carrier,25879.7,8337.2,22,6.8,13.86,2963.5,98.2,22.84,359.0,3.17,5.45,261.6,0.42,71.9,722.84,51.55,13066.09,C0392
V016,Bulk Carrier,33580.6,13610.6,1,10.83,15.07,4004.6,166.9,27.08,105.3,0.99,10.55,183.5,1.11,7.3,551.71,68.31,15269.43,C0393
V027,Tanker,61581.9,7851.9,2,10.19,18.56,1770.7,319.6,12.54,128.8,2.18,8.94,145.3,2.12,202.4,509.54,122.91,20936.56,C0394
V003,Container,46960.3,22801.9,16,8.03,17.5,4046.8,163.8,6.41,339.0,1.29,8.65,145.6,1.15,167.5,635.35,108.2,13248.55,C0395
V049,General Cargo,86310.7,11917.5,15,9.77,18.05,1759.2,200.1,22.5,256.0,4.96,6.78,81.5,0.74,236.4,759.69,111.71,14999.02,C0396
V021,Ro-Ro,54471.0,8089.2,13,9.94,11.37,371.6,145.4,11.47,106.4,5.51,8.1,6.2,1.73,52.8,545.25,43.18,17466.32,C0397
V038,Bulk Carrier,39897.1,5509.0,16,7.56,10.7,2815.5,165.6,30.1,209.2,3.31,5.19,207.0,1.25,302.7,503.86,35.99,15074.59,C0398
V038,Tanker,69371.6,17916.4,17,11.22,18.93,2980.7,5.5,4.29,339.9,4.42,6.77,76.5,0.5,52.6,532.99,134.86,20987.26,C0399
V030,Tanker,76542.2,17738.0,21,12.25,13.88,4679.2,102.1,15.17,292.3,0.9,6.99,75.0,0.46,320.9,609.1,56.89,21807.92,C0400
V022,Container,33363.4,11812.1,7,12.33,12.88,3657.7,157.2,13.89,267.1,3.73,11.93,45.1,2.12,161.8,674.05,49.96,12788.1,C0401
V019,General Cargo,33409.5,6434.2,24,10.82,17.25,4597.1,228.2,32.83,265.3,4.28,4.53,68.3,2.92,197.9,557.9,98.87,11728.41,C0402
V031,Bulk Carrier,22933.7,13192.6,17,10.09,18.36,4550.9,162.0,5.36,64.1,2.83,11.16,11.4,0.7,322.8,740.59,111.66,14578.72,C0403
V020,Ro-Ro,78912.2,11224.3,7,6.49,18.62,3062.4,121.6,0.34,296.9,1.61,6.44,242.7,2.32,108.0,725.99,129.3,17525.64,C0404
V047,Container,73104.4,18542.4,13,8.3,13.16,2686.0,139.7,8.33,99.4,5.29,4.9,144.5,0.26,65.5,708.76,63.92,19025.1,C0405
V019,Ro-Ro,57970.5,17115.6,5,6.75,18.52,2831.5,87.2,28.71,334.9,4.51,7.31,202.1,1.14,160.5,646.24,133.87,18044.32,C0406
V002,Bulk Carrier,87533.6,12291.9,17,13.71,10.41,4893.8,332.8,7.33,131.3,5.42,6.47,229.3,1.52,88.0,609.57,36.77,20185.67,C0407
V040,Container,84453.6,9357.9,3,7.08,10.5,3888.5,187.8,8.43,308.8,4.95,10.07,350.1,0.81,190.0,612.68,33.63,19686.88,C0408
V039,General Cargo,66828.3,24760.7,7,7.21,16.24,620.7,4.8,4.55,95.8,5.94,7.93,24.6,1.59,99.1,650.92,89.66,12481.86,C0409
V027,Container,89461.7,14080.0,17,13.12,10.63,3914.3,7.0,25.04,185.2,1.31,14.63,150.5,2.65,311.2,523.19,31.63,20838.15,C0410
V008,Container,36467.3,18765.5,7,13.55,13.25,935.6,350.3,2.42,38.5,0.7,14.6,88.5,2.83,218.6,704.69,54.48,14078.73,C0411
V045,General Cargo,28953.6,7811.1,21,12.13,16.73,2292.0,79.7,11.59,237.6,2.15,8.88,171.6,0.3,0.1,605.45,83.44,10773.3,C0412
V027,General Cargo,41580.0,14711.8,1,6.04,13.37,1131.3,290.0,9.89,301.0,0.95,12.75,331.4,0.82,290.0,567.43,48.17,10547.98,C0413
V015,Bulk Carrier,24566.9,5550.7,17,6.01,11.8,3479.0,21.0,19.43,258.6,3.23,4.15,260.6,2.94,118.9,583.5,35.35,15097.29,C0414
V012,Tanker,62493.6,15109.1,17,9.02,12.81,4398.8,331.6,25.56,188.4,3.87,10.03,238.3,0.81,115.3,554.09,48.92,18387.45,C0415
V047,Bulk Carrier,94928.5,24280.3,11,7.15,14.58,1522.8,314.8,18.65,16.2,3.55,12.18,158.8,2.08,137.9,770.47,72.64,20795.71,C0416
V014,Container,23147.5,12684.1,25,6.15,14.75,501.9,205.6,32.59,336.0,1.7,6.39,241.6,0.76,226.9,550.71,67.92,11412.64,C0417
V007,Container,29768.8,5779.9,3,9.71,17.83,1562.6,3.2,33.3,254.0,5.47,4.67,11.7,1.07,159.1,764.88,116.28,13671.86,C0418
V017,Tanker,56175.9,5619.1,15,13.54,17.5,3394.6,92.8,12.65,268.5,0.32,5.72,211.0,0.57,226.3,671.67,98.69,18329.53,C0419
V026,Tanker,94710.0,12759.7,21,8.59,14.57,1710.9,146.5,27.22,286.1,2.22,8.86,199.4,2.57,52.8,760.24,68.21,26341.27,C0420
V037,Tanker,45292.5,8200.5,11,11.29,18.46,1462.7,165.6,25.86,269.2,4.37,9.57,124.8,2.65,349.3,642.22,127.08,18708.31,C0421
V020,Tanker,60578.8,5467.0,16,11.22,11.14,1003.7,107.2,31.25,158.8,4.65,8.19,72.5,0.89,262.7,778.29,42.04,18198.55,C0422
V010,Container,23325.8,20124.3,25,8.01,12.55,2537.8,11.9,15.68,264.1,2.61,8.84,290.7,2.47,90.1,563.45,47.85,11090.57,C0423
V019,Bulk Carrier,31867.5,14170.5,22,11.2,18.28,1452.1,212.4,18.57,225.0,0.3,9.17,19.4,1.07,260.7,666.41,112.1,13483.02,C0424
V018,Container,98930.4,10784.9,9,7.7,13.78,3682.0,188.7,14.55,307.4,3.78,12.46,25.1,0.3,207.0,537.75,60.5,20318.87,C0425
V030,Bulk Carrier,97209.5,23001.7,24,6.98,19.81,475.4,101.9,29.76,288.9,0.57,5.16,158.6,2.27,39.3,634.17,138.45,23528.15,C0426
V030,Bulk Carrier,20395.2,7322.8,24,11.61,14.66,3353.8,13.7,8.04,14.9,0.83,12.46,90.9,1.79,64.2,670.97,58.92,12808.83,C0427
V025,Ro-Ro,96144.9,24118.4,1,6.91,17.92,1264.0,358.1,8.39,136.4,3.97,11.57,268.4,0.82,14.9,681.7,127.38,22300.44,C0428
V024,Bulk Carrier,71129.6,11279.3,25,13.98,14.02,2497.5,173.5,13.04,12.5,2.01,12.16,228.3,0.76,291.3,609.66,57.53,17540.76,C0429
V010,Container,89433.5,22768.1,22,7.47,14.25,1501.8,272.2,8.06,36.7,2.22,12.08,278.1,2.93,198.6,522.9,67.53,20084.32,C0430
V002,Container,56379.2,17058.9,16,10.75,13.83,3641.6,162.8,19.64,216.5,3.02,9.18,116.9,2.59,114.0,696.6,65.2,16962.91,C0431
V038,Tanker,61247.7,21534.1,9,9.29,17.19,4732.0,15.5,4.71,314.6,5.88,6.33,266.6,2.43,45.5,646.53,104.63,21239.58,C0432
V032,Tanker,59107.7,24680.3,19,7.01,15.48,4593.7,111.5,11.21,43.1,5.8,9.9,310.4,0.38,174.3,541.06,83.11,20662.35,C0433
V035,Container,73349.1,10768.1,12,6.22,19.44,2958.8,115.2,31.97,162.4,2.61,14.54,124.3,2.27,189.1,780.76,145.89,18500.84,C0434
V037,Container,31172.1,24222.7,19,10.98,12.51,2366.8,301.8,14.32,327.9,1.74,10.47,122.4,0.64,252.7,786.7,54.61,11891.23,C0435
V007,Tanker,22397.9,12789.6,22,12.45,11.01,4109.7,235.5,26.19,293.1,1.96,4.12,324.0,2.93,349.2,756.98,34.14,14357.9,C0436
V007,Container,44634.4,12710.2,9,12.74,13.93,3448.3,99.2,3.97,187.1,1.76,4.66,17.9,0.16,156.6,753.16,55.55,13363.26,C0437
V027,Ro-Ro,76374.5,11807.7,7,9.86,16.17,999.5,348.4,8.66,277.8,3.29,14.92,126.1,1.06,146.2,529.6,94.03,18752.18,C0438
V010,Tanker,36148.3,15828.2,14,12.22,18.61,4122.5,115.8,28.26,188.2,3.72,4.79,42.7,1.29,133.2,798.03,127.82,17827.28,C0439
V033,Container,73874.6,8082.9,19,11.38,13.46,2201.5,359.4,26.7,56.9,3.03,4.51,10.4,2.47,297.7,620.11,57.92,17834.17,C0440
V043,Container,97593.0,16074.2,19,11.79,16.54,1026.0,358.6,13.52,44.9,2.57,7.88,40.6,2.3,56.3,548.94,97.94,21150.98,C0441
V007,General Cargo,27512.1,15834.1,2,9.94,13.5,1480.8,68.8,33.4,67.8,1.43,14.66,155.2,1.12,123.8,743.63,50.81,9628.55,C0442
V006,Bulk Carrier,73808.2,20238.0,9,11.07,16.17,1410.9,112.6,31.87,126.3,3.0,7.51,247.3,1.7,261.0,567.72,89.86,20464.71,C0443
V006,Bulk Carrier,55500.0,21673.0,13,12.44,18.85,2644.1,175.0,33.68,335.0,2.18,8.51,104.1,2.51,5.7,657.85,128.32,16406.8,C0444
V013,Ro-Ro,89451.4,13808.8,15,9.18,12.31,1248.4,239.1,14.98,287.9,3.34,10.97,305.9,0.05,104.2,538.4,53.64,19207.01,C0445
V048,General Cargo,34172.0,11046.7,3,12.45,14.04,705.5,190.1,6.91,155.8,4.12,4.27,157.5,2.41,230.9,642.39,61.51,11341.83,C0446
V013,General Cargo,75410.1,10186.7,11,10.74,19.93,706.1,349.0,21.93,177.5,3.87,13.88,348.6,2.84,66.9,667.44,141.01,15616.68,C0447
V002,Tanker,87049.2,8892.5,21,7.33,18.69,2958.1,260.6,23.97,95.6,2.88,9.71,343.5,0.1,109.0,633.78,122.09,23902.45,C0448
V019,Bulk Carrier,95569.1,6153.0,14,6.2,15.65,3700.3,76.3,4.39,253.6,3.43,9.13,278.4,0.14,175.0,520.85,72.77,20044.28,C0449
V019,Container,74659.8,11849.0,25,8.9,15.17,1675.5,37.8,27.53,289.0,1.85,13.47,335.7,1.03,151.9,645.48,74.5,17867.18,C0450
V050,Tanker,59774.0,10405.0,8,10.37,12.85,269.8,247.8,0.63,86.0,0.34,14.48,254.6,0.26,38.2,640.68,43.76,18131.64,C0451
V038,Bulk Carrier,69427.8,24328.3,18,12.72,15.17,723.4,57.0,16.9,15.1,3.83,8.66,322.4,1.44,337.8,578.49,73.35,20516.6,C0452
V002,Bulk Carrier,89512.4,16154.2,19,7.02,18.48,4582.0,283.6,11.59,224.6,1.66,5.9,85.1,2.19,15.9,776.48,116.49,22214.62,C0453
V026,General Cargo,65648.8,11945.5,16,12.4,16.85,2518.4,112.0,25.91,202.5,4.08,12.97,124.4,1.7,269.9,625.34,94.97,12572.7,C0454
V006,Container,22431.0,16609.4,2,12.9,12.9,2322.5,117.7,10.95,144.8,4.53,8.44,271.1,0.59,25.7,759.23,55.6,11220.49,C0455
V020,Bulk Carrier,94475.9,7783.9,8,7.21,12.01,286.4,3.9,28.94,231.8,5.51,14.29,152.8,1.96,168.2,532.9,41.72,20496.51,C0456
V023,Container,75162.1,13880.9,22,12.81,12.65,3670.3,252.4,20.82,198.2,5.76,14.45,301.4,2.05,63.1,595.66,59.46,19192.62,C0457
V015,Bulk Carrier,74121.1,17524.7,6,13.93,11.7,2687.5,40.8,27.79,90.2,0.26,5.26,315.9,2.8,50.8,552.9,37.38,19420.5,C0458
V006,Container,37254.0,14778.0,12,11.81,10.96,1090.2,278.2,34.63,143.2,5.94,14.52,107.9,0.44,45.3,622.52,41.36,14484.87,C0459
V028,Container,72710.8,13035.6,15,12.28,14.19,639.4,177.1,23.77,154.1,4.16,8.05,296.4,2.08,163.0,533.49,70.8,17736.39,C0460
V035,Container,51509.2,24877.0,25,13.96,11.13,1978.6,282.3,34.47,316.9,3.93,11.11,55.5,2.73,185.6,632.31,50.48,15356.33,C0461
V011,Tanker,72098.6,22606.3,8,10.84,11.72,4202.1,210.2,1.01,345.9,0.29,4.38,120.3,1.5,48.0,606.16,43.01,19978.6,C0462
V008,Tanker,28527.4,17468.1,4,8.46,15.47,4339.9,29.7,11.83,321.5,5.2,13.78,186.5,1.09,352.6,566.99,79.43,17468.33,C0463
V050,Bulk Carrier,72627.6,16387.5,15,12.7,11.65,3053.9,275.6,3.77,258.9,1.04,11.06,81.5,0.51,92.8,692.65,37.83,18642.79,C0464
V049,General Cargo,99953.1,17413.2,20,10.92,10.64,3664.9,25.1,9.18,210.6,5.06,11.08,208.5,2.6,165.2,785.27,38.22,16503.56,C0465
V024,Bulk Carrier,23857.0,9026.2,25,10.65,13.17,664.3,172.3,29.36,248.1,0.29,13.92,208.3,1.18,77.9,562.13,44.94,14462.13,C0466
V021,Container,98173.9,12902.8,17,8.03,12.2,2981.8,62.0,1.13,338.1,3.95,9.59,74.5,2.77,177.8,713.54,52.58,20413.0,C0467
V049,Ro-Ro,52552.6,5789.2,13,12.05,15.15,3368.1,270.8,18.21,90.0,2.72,8.52,286.4,2.54,272.2,722.71,73.58,17621.5,C0468
V036,Container,89660.3,14510.9,18,6.65,11.02,1083.5,328.2,19.85,192.6,1.36,13.53,227.4,1.13,187.6,649.44,33.35,17633.19,C0469
V007,General Cargo,82590.8,15860.5,2,13.39,17.52,4412.8,199.5,19.64,248.3,0.82,12.17,114.4,1.72,102.8,769.3,95.05,14858.71,C0470
V005,Container,65361.3,9555.0,13,8.61,19.06,1055.5,189.8,16.64,244.5,2.75,14.44,83.6,0.08,89.4,789.92,134.32,16210.39,C0471
V029,General Cargo,79075.9,24280.6,13,7.02,17.43,1636.0,275.0,27.67,90.8,0.92,14.34,316.4,0.79,273.2,608.67,100.98,14472.09,C0472
V016,Container,90281.2,23189.1,22,9.54,15.33,3140.7,1.8,4.67,211.2,3.02,8.21,300.9,2.13,42.6,695.31,80.83,17579.93,C0473
V006,Ro-Ro,52331.2,19442.9,15,6.34,18.61,3227.9,330.4,10.87,286.5,3.83,8.92,82.7,2.03,133.2,698.66,139.48,14987.45,C0474
V014,Bulk Carrier,46162.7,15667.7,20,11.48,16.95,3527.0,71.1,21.55,171.0,5.0,6.82,12.8,1.06,54.5,621.09,95.39,15696.42,C0475
V002,General Cargo,73407.5,22399.4,10,13.22,10.11,648.9,354.3,24.18,285.6,4.14,11.27,289.6,2.43,92.9,595.04,37.15,13534.79,C0476
V025,Container,84627.7,7613.0,3,12.7,13.94,4262.4,265.1,14.15,129.6,0.58,8.01,221.6,0.71,55.0,780.12,58.73,18195.4,C0477
V031,Bulk Carrier,80982.8,20810.2,19,7.02,18.51,2711.0,278.7,30.64,338.0,1.98,12.65,36.3,1.38,319.2,736.99,121.85,20809.58,C0478
V050,General Cargo,83825.1,7496.4,3,7.01,13.46,2409.5,236.2,14.54,192.2,1.87,5.34,211.4,1.42,263.5,534.34,50.36,15336.72,C0479
V050,Bulk Carrier,54846.7,20884.2,22,12.51,10.35,4907.4,169.8,14.1,214.5,5.51,5.28,162.8,1.02,201.9,535.97,44.07,17099.14,C0480
V013,Tanker,85426.7,10515.4,14,13.39,17.46,3727.9,205.8,1.27,11.3,5.23,6.25,278.8,2.86,80.8,776.76,107.02,22754.43,C0481
V018,Tanker,29616.7,22541.8,8,9.69,18.02,678.2,16.7,19.29,61.3,2.35,4.93,75.3,2.09,183.7,524.42,119.13,15260.93,C0482
V017,Bulk Carrier,63559.1,23880.8,23,9.99,11.61,3807.0,224.6,24.8,227.9,0.61,10.82,163.1,1.62,187.5,706.53,41.05,18714.83,C0483
V045,Tanker,20460.7,7975.9,4,8.55,15.37,566.7,225.4,4.01,151.2,5.39,5.62,56.2,1.53,212.5,568.03,74.18,14475.69,C0484
V028,Bulk Carrier,45966.9,14253.5,20,13.15,11.92,234.6,320.8,10.69,182.9,5.35,5.76,344.7,0.48,21.6,510.56,46.18,14881.32,C0485
V012,General Cargo,49316.9,24619.7,11,11.16,17.19,2077.8,182.0,27.34,22.7,5.16,4.16,280.3,1.12,350.2,517.89,100.94,11922.29,C0486
V035,Container,51693.8,14668.1,11,8.31,12.72,4968.5,27.8,12.81,300.3,5.1,12.6,265.2,2.02,167.6,612.06,55.17,15077.23,C0487
V022,Container,75637.4,22271.0,11,8.39,13.16,956.9,110.2,8.46,282.4,2.99,12.94,248.5,2.77,333.6,523.28,55.87,16595.47,C0488
V039,General Cargo,51084.6,16774.6,2,13.13,18.45,3396.0,236.0,23.53,66.7,1.23,5.78,152.4,2.45,3.5,678.99,112.74,12442.0,C0489
V001,Ro-Ro,55895.5,12506.6,17,6.11,14.76,949.6,86.1,6.89,228.4,2.97,12.13,332.4,0.9,89.1,694.18,72.83,16768.72,C0490
V037,Bulk Carrier,39003.5,10715.7,9,8.58,16.7,3651.5,101.0,31.35,294.6,3.07,8.77,26.3,1.3,37.4,612.04,86.03,16247.91,C0491
V021,Tanker,49860.1,9064.5,2,10.43,14.02,2576.2,295.4,3.7,230.7,3.04,6.64,289.2,0.25,277.1,722.86,59.64,19268.21,C0492
V001,Container,38181.6,20236.0,24,7.19,12.98,3431.9,210.4,24.73,111.7,3.32,10.84,77.5,0.31,115.2,647.01,56.29,14219.95,C0493
V004,Container,25855.7,12730.8,15,6.74,16.25,1094.1,183.1,17.48,236.2,1.69,5.96,116.7,1.41,302.6,629.07,89.44,12100.22,C0494
V032,Bulk Carrier,68275.9,15225.5,16,12.52,11.55,3753.6,114.6,30.45,75.8,2.32,12.33,187.0,1.59,299.7,622.1,46.58,20010.5,C0495
V001,Bulk Carrier,73457.0,14846.5,25,13.16,13.73,4978.5,263.1,4.42,114.6,2.72,4.52,281.8,0.79,240.4,629.33,58.85,19699.54,C0496
V013,Bulk Carrier,69559.2,16545.6,4,12.59,12.09,3361.7,103.6,23.73,86.4,0.96,14.55,301.9,1.93,239.7,790.37,44.13,18806.09,C0497
V046,Container,57079.5,22311.5,8,13.19,16.96,2518.1,265.3,20.02,200.5,2.84,4.79,210.1,2.11,252.1,704.42,106.35,16091.85,C0498
V047,General Cargo,50382.9,24614.8,9,10.42,19.44,4623.6,25.2,16.8,39.0,4.9,10.37,145.1,0.9,242.6,594.56,139.99,11866.85,C0499
V017,General Cargo,89066.7,13151.7,5,12.5,19.96,177.7,311.2,17.2,336.0,5.0,13.92,340.7,2.28,139.3,720.16,152.83,15401.24,C0500
V012,Tanker,61526.5,21550.4,16,9.07,14.5,3676.6,179.8,25.27,120.1,2.59,4.13,88.7,0.62,245.8,599.08,71.46,21133.59,C0501
V007,Bulk Carrier,58334.6,20290.6,13,11.33,12.53,4454.9,157.9,32.82,78.8,3.21,9.48,289.1,1.63,323.1,537.71,50.22,19175.63,C0502
V003,Container,22051.4,16470.6,7,13.91,14.43,402.2,220.0,3.19,178.8,0.4,7.85,220.3,2.41,119.7,642.61,63.03,13205.78,C0503
V050,Ro-Ro,47299.8,24120.9,20,7.81,18.47,2305.3,224.7,0.68,99.7,4.11,10.38,135.7,1.61,340.2,725.31,139.49,15645.58,C0504
V026,Tanker,50415.6,9009.5,17,9.12,12.06,1103.1,47.5,28.2,192.6,2.55,6.48,0.5,2.72,4.9,613.3,41.99,18860.33,C0505
V031,Container,51905.8,7185.3,3,9.84,19.52,2875.9,272.2,3.79,125.5,2.78,4.71,160.8,0.18,125.7,760.75,143.29,16087.14,C0506
V036,General Cargo,66413.8,22079.2,5,7.1,13.42,3282.8,99.3,34.53,47.5,5.27,10.89,99.6,1.76,47.6,616.09,60.0,13013.0,C0507
V026,Ro-Ro,62688.2,13783.0,19,6.65,19.86,1582.9,325.8,21.68,95.7,2.88,8.59,37.6,1.69,45.6,604.95,162.43,18441.17,C0508
V003,General Cargo,68632.4,21939.4,12,12.64,18.39,2353.9,294.4,22.78,157.8,0.32,10.85,27.1,1.98,293.6,799.47,113.16,13679.43,C0509
V044,Tanker,81190.7,22861.8,7,13.81,18.09,1468.8,124.7,6.96,10.9,1.52,6.32,125.1,2.5,330.6,644.74,119.24,20905.9,C0510
V028,Tanker,85038.9,6249.2,9,9.24,13.18,1910.0,290.8,8.41,277.4,2.96,7.73,221.3,2.18,280.0,741.57,48.14,21149.07,C0511
V044,Bulk Carrier,77449.8,22669.3,6,6.7,10.09,881.7,128.3,23.08,223.9,2.66,10.18,301.5,2.37,351.6,741.5,34.68,21323.86,C0512
V017,General Cargo,96441.9,13966.4,17,6.53,13.82,4439.2,36.3,31.84,216.5,5.19,10.52,66.1,0.87,77.9,777.91,58.12,14544.68,C0513
V038,Ro-Ro,21458.6,15208.6,16,13.13,13.02,149.1,346.3,34.38,196.6,3.34,8.1,152.9,1.16,50.7,525.47,57.83,12313.04,C0514
V047,Container,35662.2,17531.9,23,9.71,10.37,4423.8,234.9,6.93,212.5,4.2,7.08,141.1,1.88,187.5,581.37,35.74,13096.97,C0515
V030,Container,20605.0,23527.7,3,8.56,15.05,2901.2,164.2,4.69,336.5,2.92,7.01,184.8,1.66,298.5,730.32,80.12,11247.79,C0516
V002,Bulk Carrier,71798.0,5382.3,21,9.81,14.03,1725.1,143.2,1.97,3.1,2.75,5.92,291.5,2.88,14.3,668.78,56.9,18601.32,C0517
V008,Ro-Ro,91842.4,14536.9,4,8.55,16.35,3643.0,116.9,30.39,17.2,2.79,7.58,199.3,0.56,358.4,667.88,94.07,21374.4,C0518
V014,General Cargo,39478.6,18754.4,10,9.91,16.21,2588.0,353.3,10.32,68.9,2.58,6.19,304.8,1.05,216.8,549.86,85.59,10219.15,C0519
V037,Container,94162.8,19454.1,5,12.88,11.21,2545.6,48.5,0.06,60.2,3.32,10.97,186.7,1.72,352.4,584.35,39.73,20689.42,C0520
V035,Bulk Carrier,24821.4,18850.6,21,10.74,19.77,639.7,113.3,7.83,65.2,1.65,10.26,217.4,2.6,131.4,656.4,140.12,15014.83,C0521
V042,Bulk Carrier,94754.9,7688.7,22,11.56,11.87,2008.6,174.8,11.92,241.9,5.37,8.21,157.5,2.79,164.9,583.15,41.15,21353.14,C0522
V039,General Cargo,48129.8,10987.9,10,8.92,14.45,1281.2,172.1,34.68,165.4,2.13,7.58,296.3,1.01,270.9,563.08,59.4,11190.33,C0523
V011,Ro-Ro,28113.7,12174.3,12,11.91,14.88,176.9,169.7,18.32,357.0,1.06,6.61,332.6,0.2,285.4,526.33,73.11,13861.95,C0524
V015,Ro-Ro,58869.7,21088.7,10,11.33,18.13,1864.5,63.3,7.16,81.7,0.76,9.89,230.1,1.26,83.9,546.72,126.25,15585.13,C0525
V002,Bulk Carrier,40542.1,10575.2,13,6.96,10.99,540.1,52.2,11.72,111.9,0.28,14.11,295.5,1.18,334.7,730.66,27.56,15364.13,C0526
V037,Bulk Carrier,42789.8,9214.1,11,10.58,14.29,1358.5,91.7,11.56,354.3,2.65,11.54,21.2,2.96,312.3,715.63,59.32,17515.63,C0527
V043,Container,44583.2,24149.0,22,8.05,16.29,553.3,329.2,0.69,299.4,1.29,12.19,326.2,1.29,6.6,513.75,94.05,15872.95,C0528
V032,Container,84242.1,5177.3,16,12.43,12.15,594.6,40.7,4.73,169.1,0.33,13.18,68.0,0.92,46.3,560.99,40.59,19425.49,C0529
V040,Ro-Ro,63132.9,24956.4,8,9.41,16.27,1075.2,272.7,24.33,199.7,3.22,7.87,92.3,1.1,178.6,668.14,98.84,16667.97,C0530
V013,Ro-Ro,44904.6,18536.4,8,13.96,19.24,4999.3,272.7,4.21,303.5,4.14,4.69,19.2,1.19,165.9,596.79,153.38,15955.97,C0531
V043,General Cargo,68826.7,21569.4,25,6.74,19.98,110.7,291.5,8.08,173.2,0.7,10.85,347.5,2.46,255.0,746.97,140.72,14274.6,C0532
V017,General Cargo,77292.1,10892.4,8,12.24,10.32,3229.5,319.2,12.28,74.2,2.87,6.08,306.7,0.24,32.3,735.5,30.28,14078.71,C0533
V015,Bulk Carrier,41809.9,5286.3,13,11.39,12.36,792.1,94.7,26.52,298.2,4.51,10.26,328.7,0.95,232.1,767.47,38.15,16382.89,C0534
V033,Tanker,53083.9,19757.4,2,12.14,13.1,4611.1,80.8,20.38,193.6,5.92,12.13,305.0,2.9,221.9,668.88,56.34,17248.1,C0535
V016,General Cargo,29750.9,21682.9,12,8.46,13.99,558.8,167.6,24.11,55.1,4.07,12.62,172.6,0.46,84.1,605.62,62.83,9911.89,C0536
V013,Ro-Ro,34491.9,19809.5,10,9.94,12.42,4779.8,95.4,19.85,182.0,1.62,7.32,332.7,2.23,195.3,681.82,49.99,14339.77,C0537
V022,Container,74489.4,7857.0,12,12.37,12.03,3093.5,264.4,23.93,148.8,4.36,9.64,349.0,1.07,80.0,526.74,45.48,16270.81,C0538
V023,Bulk Carrier,34515.1,20068.6,11,7.86,19.55,106.2,228.9,0.1,315.7,3.67,10.83,180.9,1.75,52.9,502.88,139.15,14100.47,C0539
V036,Container,62013.1,20378.5,15,7.81,19.19,4480.6,315.0,32.58,45.4,1.43,13.01,63.2,0.3,206.3,505.13,139.01,17280.56,C0540
V043,General Cargo,76723.7,18170.8,16,10.41,10.47,2656.4,29.8,3.88,315.1,5.14,12.38,237.1,0.92,351.9,622.26,30.92,15759.74,C0541
V050,Tanker,28550.2,20322.3,17,10.19,13.39,1387.1,329.4,14.22,184.4,2.68,14.87,351.2,1.5,85.3,568.42,56.74,16220.1,C0542
V050,Container,65385.0,21918.4,2,8.26,14.05,3859.7,105.6,26.99,145.6,5.78,4.09,314.0,0.7,127.9,547.2,70.68,17650.95,C0543
V010,Tanker,40525.0,17272.1,18,8.38,12.39,4640.7,176.6,15.23,58.3,4.39,8.81,310.3,1.63,92.4,684.6,48.2,19263.47,C0544
V017,Tanker,97034.2,6772.1,12,8.22,16.29,2470.1,157.9,33.14,252.3,3.94,6.82,336.2,0.66,95.9,798.53,84.24,22867.98,C0545
V030,Bulk Carrier,58683.7,14752.6,19,12.17,16.4,1646.2,273.7,16.37,333.7,4.42,5.32,321.8,1.95,145.5,553.33,92.57,17654.81,C0546
V013,Container,84479.4,6553.0,23,11.22,18.51,3965.8,151.3,30.62,135.1,2.97,14.03,279.5,2.71,252.7,663.93,129.3,18050.38,C0547
V030,Tanker,64018.1,13150.9,18,12.66,17.41,3440.7,339.7,28.38,87.0,3.13,14.98,258.6,0.26,14.0,535.92,104.18,18769.93,C0548
V046,Bulk Carrier,23473.0,13142.1,17,13.8,15.43,4454.9,324.9,34.33,199.8,5.14,5.99,95.3,0.65,344.6,780.27,74.09,14571.06,C0549
V030,Tanker,70652.1,6320.2,6,9.79,16.54,3493.3,314.0,32.43,286.6,4.15,4.42,223.7,2.53,16.7,587.53,96.31,21040.97,C0550
V007,Bulk Carrier,96112.3,11976.4,25,6.53,12.74,1293.3,25.7,31.43,1.4,5.4,7.03,187.7,1.89,317.3,763.5,51.91,21930.89,C0551
V010,Ro-Ro,68128.9,7220.0,15,6.38,15.93,4665.1,307.5,25.61,227.3,5.37,13.18,310.3,0.24,322.0,584.92,95.76,16608.26,C0552
V035,Bulk Carrier,85535.1,21164.7,3,8.37,14.89,613.7,281.4,12.84,214.7,5.86,7.23,177.0,1.46,188.8,741.82,72.96,19539.85,C0553
V002,Bulk Carrier,90736.5,23953.8,6,13.46,11.33,1412.9,37.3,3.71,114.5,4.26,4.63,46.0,0.63,49.3,562.81,43.47,23206.39,C0554
V030,Ro-Ro,38246.4,6446.3,3,10.19,12.43,2649.0,38.7,24.1,162.5,3.11,4.58,1.8,0.6,203.5,587.84,44.52,13332.75,C0555
V019,Bulk Carrier,36963.6,24102.3,1,8.17,12.92,2872.1,36.4,34.25,88.9,1.16,8.7,244.0,2.82,226.3,557.74,52.52,14564.52,C0556
V039,Container,68878.5,15451.5,13,9.19,19.24,175.0,4.1,25.43,284.4,4.29,14.25,198.0,2.28,308.8,579.28,143.24,16178.64,C0557
V037,Container,52882.3,10991.3,21,10.79,12.3,3924.8,197.5,32.51,228.4,1.89,7.15,119.1,2.09,198.3,750.46,47.65,15244.99,C0558
V003,Tanker,87188.9,6537.2,14,11.22,12.89,1871.9,350.4,28.15,191.8,1.84,8.7,60.8,0.72,147.9,691.71,48.95,23802.92,C0559
V025,Tanker,92001.8,15012.5,13,7.23,13.69,2091.5,157.9,5.71,141.3,1.58,5.12,168.0,0.36,301.8,621.76,56.38,23970.08,C0560
V034,Tanker,48273.7,20890.3,4,13.82,16.64,4065.9,194.7,8.72,104.9,5.28,9.43,36.1,2.61,353.1,791.46,100.31,16975.35,C0561
V022,Container,38949.6,19141.7,7,10.36,11.18,1958.5,348.5,11.97,296.2,5.23,11.66,121.0,0.02,232.2,639.46,43.25,13164.96,C0562
V038,Container,82442.0,6004.5,22,7.09,19.54,331.4,91.9,5.89,162.5,3.86,6.98,136.5,1.16,314.8,790.93,147.91,19495.76,C0563
V014,Container,41984.5,6458.0,10,13.15,18.66,964.6,309.0,20.36,180.5,2.94,7.26,167.6,0.83,215.5,558.98,127.15,14571.23,C0564
V039,Bulk Carrier,85809.1,13057.5,7,6.6,15.77,4783.9,196.7,34.14,187.5,4.1,13.26,168.0,1.71,248.3,771.39,81.74,21526.25,C0565
V002,Bulk Carrier,53899.1,10905.8,21,13.26,16.74,445.0,205.0,26.65,161.4,3.72,4.11,92.5,0.75,247.7,504.15,89.02,17888.01,C0566
V032,Bulk Carrier,73404.0,9647.7,15,13.97,10.17,1839.2,123.5,14.82,92.2,2.61,11.0,306.1,0.93,253.7,663.59,29.06,20527.24,C0567
V043,Bulk Carrier,27642.8,10620.1,15,11.6,13.39,2565.6,202.2,0.16,43.3,2.4,8.33,128.0,2.55,115.6,626.92,48.82,13067.2,C0568
V003,General Cargo,69908.7,21069.7,4,12.16,17.96,2517.1,26.3,10.96,35.5,2.42,7.28,82.7,1.81,207.2,657.53,111.51,13431.42,C0569
V041,Container,56141.4,23584.6,23,8.7,10.77,119.4,275.3,18.44,272.7,3.62,11.23,63.3,0.44,213.9,666.03,42.77,15725.44,C0570
V008,Bulk Carrier,66928.7,13102.1,23,13.53,12.82,2555.7,102.5,11.35,80.5,3.96,13.18,116.1,2.18,113.4,616.71,51.38,18164.11,C0571
V026,Tanker,33441.1,23122.2,6,10.24,15.85,1980.5,319.5,3.89,20.0,2.82,10.14,24.3,0.62,125.9,799.46,82.97,17801.65,C0572
V032,Bulk Carrier,78949.9,11429.9,24,11.86,12.56,4863.2,132.4,15.5,287.1,5.82,4.34,11.8,1.3,274.4,792.95,48.54,20057.96,C0573
V011,Tanker,89023.8,14528.7,20,13.39,19.34,879.9,51.4,8.86,55.5,0.69,9.08,217.9,1.94,209.8,788.52,138.71,24898.08,C0574
V050,Ro-Ro,37339.2,9520.6,5,13.8,11.31,1835.4,250.5,31.82,225.1,2.21,9.09,222.9,0.82,53.7,793.73,43.71,15597.77,C0575
V001,General Cargo,27657.2,17809.5,20,12.67,17.97,2155.5,59.2,3.56,121.9,2.63,9.98,190.7,1.15,301.5,737.9,104.99,10363.44,C0576
V015,Container,21891.1,24579.6,12,8.42,15.08,2014.4,271.3,1.72,45.5,0.3,11.38,274.4,2.2,317.9,796.58,74.62,13160.34,C0577
V004,General Cargo,71357.7,17069.9,1,13.73,17.5,3362.6,348.5,0.19,149.2,2.32,4.21,14.1,2.81,167.8,767.71,105.97,14160.26,C0578
V004,Bulk Carrier,68567.5,12156.3,8,11.02,13.11,1156.0,280.6,11.48,5.3,1.79,9.52,337.0,1.59,75.2,624.78,47.54,20283.57,C0579
V028,Container,63735.8,17956.3,1,13.45,15.14,1183.3,8.1,23.11,302.8,3.14,10.47,34.2,0.03,341.1,735.43,77.17,15842.71,C0580
V010,Bulk Carrier,38555.8,7458.4,5,11.41,18.57,3673.1,216.0,25.56,184.9,2.15,7.78,242.6,1.02,317.6,773.62,119.43,15562.74,C0581
V011,General Cargo,51272.5,22773.2,22,8.46,14.67,2551.4,250.3,15.86,50.1,4.41,11.35,48.0,1.2,88.0,713.78,71.78,12356.74,C0582
V050,Bulk Carrier,67558.1,15061.7,6,8.96,13.6,2134.3,297.2,23.95,85.3,3.16,6.51,316.8,1.02,34.4,626.83,52.76,17353.08,C0583
V023,Container,59741.3,13987.0,21,10.4,15.36,929.1,20.2,12.6,161.3,0.95,7.49,183.9,1.31,158.6,519.74,76.54,15639.57,C0584
V047,Tanker,99022.8,16717.3,3,12.32,17.17,1018.9,172.8,23.37,68.0,4.55,14.59,29.6,1.9,243.5,742.91,103.99,26960.21,C0585
V003,Container,30915.2,17495.7,15,8.54,14.44,151.7,192.7,1.42,96.7,0.78,7.83,222.0,0.36,63.1,785.82,64.59,13411.83,C0586
V039,Container,75611.6,6435.5,5,10.64,19.39,548.0,60.9,13.68,192.4,5.07,7.81,3.3,0.82,184.8,608.74,141.89,16424.18,C0587
V039,Container,52345.5,18652.3,24,8.76,12.95,2828.5,116.1,27.68,299.7,5.6,10.55,279.4,1.52,153.1,545.57,54.29,14730.5,C0588
V017,Container,54256.0,9838.6,14,12.53,14.75,4470.2,158.5,28.11,144.7,2.07,14.68,234.2,0.95,320.6,597.95,70.63,14462.18,C0589
V022,Container,77407.8,19279.1,18,9.73,17.57,1507.1,300.0,25.07,258.1,5.57,14.81,76.5,2.97,154.6,674.79,120.2,16051.23,C0590
V027,Container,75394.9,21450.7,16,6.61,16.89,1706.0,334.6,7.15,315.6,4.8,10.38,134.9,1.29,192.2,595.08,106.82,19033.89,C0591
V016,Tanker,99300.5,21079.2,6,7.33,18.64,666.5,226.2,8.65,77.9,5.55,4.01,2.8,2.61,343.9,683.19,134.07,24660.0,C0592
V016,Container,30271.5,16050.0,25,6.49,19.97,2004.3,142.2,34.86,290.6,4.06,13.91,249.7,2.69,107.9,790.06,154.93,12504.61,C0593
V040,Container,28328.8,15403.4,24,9.99,14.27,282.4,91.5,3.62,272.7,1.57,10.27,116.2,2.51,104.0,701.22,62.99,13062.52,C0594
V003,Ro-Ro,77947.1,7857.5,14,6.85,11.11,4596.2,353.6,6.32,128.5,5.39,8.03,205.8,0.14,287.9,608.8,36.85,17040.29,C0595
V047,Bulk Carrier,66271.0,20506.9,24,6.91,10.3,3398.2,353.9,4.55,356.2,1.27,13.12,344.4,2.84,99.9,780.73,33.28,17866.26,C0596
V033,Tanker,41932.9,10428.2,8,13.53,17.27,4954.7,333.0,11.47,94.5,1.44,8.4,107.8,0.39,299.5,669.69,96.3,18439.32,C0597
V042,Container,26353.5,14933.9,7,12.98,18.74,4425.8,282.8,7.36,91.7,1.77,4.37,356.5,0.1,34.4,538.51,127.1,12949.35,C0598
V002,Container,26852.7,10685.5,8,9.62,12.21,2417.7,117.3,17.42,278.0,1.96,13.03,227.8,1.24,40.1,649.69,38.01,13882.17,C0599
V039,Container,91535.3,7676.6,13,13.89,11.58,2646.5,294.1,16.66,156.5,3.18,10.0,87.2,0.58,324.5,696.09,40.91,19616.1,C0600
V046,Container,35349.4,17591.2,6,6.0,10.62,1033.8,147.2,31.55,119.1,4.34,7.72,157.2,0.55,194.7,751.48,46.67,13454.15,C0601
V048,Container,45869.7,6086.6,18,10.91,18.23,2364.0,117.6,1.22,64.3,5.57,6.76,266.6,0.86,258.8,780.94,122.28,15332.87,C0602
V027,Container,38132.5,19972.9,2,10.93,13.11,4524.8,268.2,11.2,275.5,0.71,10.53,160.7,0.75,81.1,595.22,56.4,14907.05,C0603
V015,Container,48399.7,11351.7,8,9.66,14.02,349.2,28.7,20.88,283.1,5.74,6.29,24.7,2.05,59.9,546.65,66.66,15479.33,C0604
V007,Container,25553.9,5002.7,11,9.18,15.03,4331.4,17.5,21.17,204.0,5.54,7.56,60.7,0.56,300.6,522.15,74.71,13692.62,C0605
V045,Bulk Carrier,61524.8,15222.6,1,9.64,18.39,1770.6,161.3,16.8,344.6,0.51,11.0,284.9,1.63,129.1,721.51,111.88,19184.56,C0606
V042,Container,25409.0,5937.0,22,9.32,16.51,4507.6,160.4,28.55,114.5,2.29,13.7,233.4,2.96,163.8,738.55,90.76,13435.38,C0607
V009,Bulk Carrier,84028.5,10523.4,6,11.84,16.15,4710.3,322.4,2.2,79.1,4.92,9.86,205.1,1.3,10.1,622.81,81.34,19103.9,C0608
V041,Bulk Carrier,38697.0,19139.5,16,7.08,11.76,3387.2,45.4,28.54,243.9,3.75,12.35,60.3,1.93,138.9,618.78,42.54,16306.68,C0609
V006,Tanker,63201.0,6253.8,20,7.58,15.13,3355.7,44.4,17.32,273.0,4.72,12.39,301.6,2.91,277.4,786.27,74.59,20144.14,C0610
V012,Container,90406.3,21786.8,12,7.44,17.15,2318.5,53.1,4.68,81.0,4.37,11.31,345.9,0.41,295.7,775.0,110.24,19243.91,C0611
V030,Tanker,72070.2,5076.4,11,8.1,19.73,4194.1,10.7,31.0,27.6,3.08,6.7,14.7,1.26,251.6,569.98,148.25,22164.01,C0612
V020,Tanker,62636.6,9936.5,10,10.2,12.01,4811.9,25.8,22.72,291.8,0.44,13.53,28.1,2.55,249.2,734.24,39.36,22226.73,C0613
V020,Container,45946.7,19818.1,3,6.89,10.1,3897.9,237.6,5.72,351.5,3.59,8.8,318.5,2.8,182.2,686.81,34.6,15991.64,C0614
V046,Ro-Ro,46640.2,11325.4,13,12.95,10.75,3147.5,155.4,1.18,232.1,0.48,4.49,293.6,1.8,193.8,546.27,32.63,14904.67,C0615
V027,General Cargo,73559.0,7037.8,3,8.38,13.76,3073.3,274.9,4.94,100.0,3.7,6.69,222.5,0.43,267.3,607.03,52.81,14756.35,C0616
V020,Container,99531.1,12204.7,15,7.3,18.21,4262.4,357.3,21.31,358.8,4.84,12.42,340.2,2.7,89.0,553.24,133.66,20955.46,C0617
V007,Container,72947.1,10407.9,16,11.4,10.07,2751.9,237.3,6.28,321.6,3.59,4.76,232.7,0.52,83.3,588.55,31.76,16758.29,C0618
V040,Ro-Ro,64622.7,21854.2,13,6.3,14.57,4038.9,18.2,7.9,184.8,5.98,5.62,77.8,1.06,342.0,684.59,81.71,16166.72,C0619
V040,Tanker,78452.0,11267.0,17,10.96,13.29,2593.5,37.6,0.88,297.1,2.84,11.64,262.3,1.13,10.0,612.58,52.06,20254.53,C0620
V030,Container,57216.4,20778.6,3,11.59,10.52,406.0,317.2,25.3,293.7,4.54,13.82,232.5,1.34,50.2,618.22,41.51,16581.42,C0621
V008,Container,24811.4,22837.4,20,7.72,14.5,1981.3,189.9,28.36,336.5,4.07,10.97,354.9,2.37,205.3,661.89,71.8,12431.47,C0622
V002,Bulk Carrier,64983.7,13676.3,11,6.34,12.55,2277.8,296.9,27.89,302.7,5.95,6.45,77.0,2.41,265.6,526.17,49.0,20352.36,C0623
V014,Bulk Carrier,96610.0,23198.9,21,8.91,13.52,793.9,308.4,4.46,231.7,4.34,4.59,215.2,2.16,193.6,721.64,57.53,21967.49,C0624
V010,Tanker,34024.2,12546.4,19,6.79,17.06,602.2,334.0,31.62,219.3,1.15,10.77,280.9,0.07,127.8,620.51,95.58,18326.27,C0625
V050,Bulk Carrier,75200.4,24281.6,22,6.93,15.22,2723.8,341.9,23.53,168.2,5.74,4.52,122.0,1.69,352.1,644.12,75.55,19356.21,C0626
V018,Bulk Carrier,36074.7,6785.8,11,8.03,11.25,517.2,199.7,31.41,225.5,4.07,10.74,136.7,2.24,253.4,792.29,36.76,16184.09,C0627
V018,Tanker,62866.2,18740.4,16,8.36,19.61,1584.4,122.8,15.65,286.3,0.54,6.48,319.6,1.33,299.3,603.31,145.68,18656.94,C0628
V016,Container,27734.1,14876.3,21,10.24,16.36,3748.5,346.3,15.29,348.9,4.01,13.95,145.5,2.83,14.5,694.47,92.48,12891.95,C0629
V005,Container,56029.7,12753.0,3,11.43,17.66,4825.7,197.1,27.46,168.2,5.32,9.23,224.9,2.47,84.9,617.75,121.09,16532.76,C0630
V031,Tanker,80493.1,17654.2,22,10.74,10.79,3617.6,23.1,3.27,206.5,3.55,6.46,320.1,1.91,134.7,768.28,40.93,24474.31,C0631
V037,Ro-Ro,47805.7,19077.1,6,7.19,10.47,4963.9,231.4,18.23,160.1,2.25,13.38,75.5,0.19,65.7,754.03,34.54,16700.32,C0632
V020,Bulk Carrier,73192.9,5087.3,14,7.38,10.19,3521.9,211.6,29.27,240.7,4.96,6.79,353.5,1.96,26.2,572.49,36.14,17674.2,C0633
V023,Bulk Carrier,83636.0,8339.1,24,13.03,11.89,1539.6,322.5,29.06,226.8,4.74,7.37,252.7,2.73,81.0,707.52,40.31,20131.39,C0634
V032,Container,94174.2,19260.9,18,10.47,14.14,3393.1,235.1,33.46,6.4,3.36,13.18,178.6,1.14,192.1,519.55,71.28,17667.06,C0635
V042,Bulk Carrier,38771.4,18327.7,17,12.96,19.36,3540.6,125.7,24.44,194.8,1.1,7.4,155.1,2.51,250.5,788.96,134.72,14372.45,C0636
V017,Bulk Carrier,51945.3,24321.0,4,8.97,14.57,1921.5,347.8,7.27,31.9,1.66,8.51,343.6,0.94,278.6,604.7,63.22,17677.28,C0637
V013,Container,32193.3,20220.8,23,10.92,12.9,186.8,288.6,0.71,9.5,4.48,7.82,74.1,1.71,15.5,749.55,56.93,13761.06,C0638
V049,Container,99398.7,24015.5,15,10.19,15.62,3545.7,227.0,16.78,284.8,4.88,5.28,112.2,1.95,154.1,595.53,90.02,21036.18,C0639
V050,Bulk Carrier,94160.1,19050.8,11,8.55,11.12,206.3,105.5,17.98,93.1,1.82,4.43,110.8,2.03,44.0,689.83,40.79,23442.54,C0640
V013,Container,63196.6,10961.0,3,9.76,16.1,3192.8,134.5,8.41,122.6,2.33,11.97,104.0,2.65,155.2,795.08,84.12,17091.35,C0641
V017,Container,87362.7,7107.3,3,10.02,15.68,901.7,241.2,4.36,23.1,0.65,11.1,168.7,0.7,156.2,763.02,73.37,19863.59,C0642
V015,Container,61676.6,20636.5,16,7.61,17.92,2871.5,25.9,20.52,64.6,4.34,7.11,356.1,0.79,179.4,548.11,127.75,14700.19,C0643
V026,Container,69886.9,17883.0,5,8.52,19.87,2569.2,92.4,26.75,275.6,0.22,7.25,320.0,2.11,321.4,664.25,157.2,16080.28,C0644
V044,Container,27130.0,5963.7,21,12.33,12.51,166.2,257.0,34.76,177.7,0.47,14.4,118.1,0.53,289.8,604.56,42.89,12999.25,C0645
V028,Ro-Ro,80421.6,12201.0,10,13.33,15.1,1878.0,172.8,26.54,317.0,0.23,14.86,152.2,1.39,229.2,630.3,75.1,20539.68,C0646
V042,Bulk Carrier,30217.1,24136.0,19,8.88,19.09,3045.3,144.9,27.78,143.0,3.94,9.21,241.0,0.06,318.7,600.55,133.47,13175.42,C0647
V045,Tanker,86085.4,15008.0,25,8.46,17.85,4258.2,54.5,21.58,96.7,2.62,12.83,6.2,0.42,244.2,600.79,115.96,23327.97,C0648
V030,Tanker,82562.2,13654.6,4,7.56,14.87,4454.3,159.1,34.51,125.1,1.93,12.1,295.3,2.04,294.8,662.77,72.11,23626.9,C0649
V043,Bulk Carrier,76699.6,14154.0,19,11.43,19.45,2470.9,277.4,22.4,256.6,5.49,7.27,316.7,2.24,203.0,557.59,143.56,18004.27,C0650
V035,Container,22892.8,9177.7,11,8.58,10.57,3669.3,95.0,30.11,199.8,1.32,4.64,308.6,0.35,189.1,661.22,29.73,12022.57,C0651
V022,Bulk Carrier,44250.3,12374.1,2,13.9,19.31,1650.6,1.9,33.1,325.5,2.46,5.57,135.0,0.68,260.7,583.69,132.46,17492.11,C0652
V010,Bulk Carrier,41049.0,12396.3,10,8.61,10.51,1776.7,240.7,32.55,216.8,5.65,13.22,166.3,0.3,7.1,586.69,38.77,16391.92,C0653
V011,Tanker,48810.9,6047.1,11,9.15,15.47,1052.9,350.1,13.35,177.5,2.68,12.04,4.5,1.3,248.5,721.62,74.46,17607.8,C0654
V038,Bulk Carrier,27011.4,20351.4,25,10.83,18.9,2853.5,218.5,2.75,282.9,3.42,11.31,143.8,0.38,336.4,508.88,129.62,15269.04,C0655
V033,Container,94956.6,13330.1,20,12.41,12.63,1641.4,43.2,6.02,341.1,0.67,5.44,165.8,1.31,257.0,614.28,46.9,18905.81,C0656
V006,Container,64304.2,21443.6,16,9.76,14.72,513.4,115.5,2.07,128.1,4.78,11.04,326.5,2.2,13.2,622.26,78.5,17581.98,C0657
V037,Bulk Carrier,44441.9,22007.0,19,9.38,13.24,3456.5,312.4,3.69,90.0,2.65,12.49,321.8,2.05,136.0,645.53,55.65,15578.46,C0658
V007,Tanker,51758.5,9239.9,23,13.97,19.52,3568.0,83.7,6.46,221.8,4.84,13.47,347.8,0.84,291.4,700.7,143.91,19295.03,C0659
V044,Bulk Carrier,55776.2,18147.1,24,6.08,18.24,1864.0,218.8,11.94,179.6,1.67,4.15,318.6,2.02,345.1,610.91,112.52,17150.18,C0660
V012,Bulk Carrier,68047.5,14445.6,11,13.16,17.09,475.9,145.0,19.02,356.1,2.65,11.53,3.0,2.78,133.3,563.94,94.59,18045.89,C0661
V007,General Cargo,61254.4,22603.1,14,7.19,15.88,2188.9,74.8,24.91,166.5,4.76,4.21,230.9,1.04,302.8,765.46,81.71,14106.02,C0662
V002,Tanker,93551.4,9314.8,2,12.29,18.21,2267.4,292.8,7.38,26.8,5.85,11.78,24.6,0.99,311.0,794.31,119.75,22684.89,C0663
V001,Container,59757.1,18556.3,23,10.94,13.92,3376.5,267.4,23.54,351.9,0.55,10.99,98.1,1.71,44.4,506.0,59.3,14639.35,C0664
V023,Container,99372.6,17155.0,5,8.73,14.48,1645.5,238.2,24.65,303.7,4.91,5.63,208.2,0.74,304.5,663.94,75.28,19311.28,C0665
V025,Container,88114.0,10906.0,5,12.99,17.3,3444.7,85.1,19.55,64.2,1.94,12.43,252.2,1.95,116.7,602.51,106.14,19630.39,C0666
V018,Container,36680.8,7732.0,19,6.1,13.58,4370.3,35.2,31.63,325.7,3.39,4.75,235.7,2.5,213.6,583.1,58.0,14487.81,C0667
V044,Container,94447.6,18032.8,21,7.81,10.64,1263.7,207.4,3.88,122.6,1.88,13.09,17.7,1.38,194.0,600.71,35.85,21387.19,C0668
V007,Container,29309.3,19771.9,12,10.54,10.74,4896.7,199.3,6.2,135.8,3.76,6.88,37.3,2.04,238.7,691.66,33.27,12382.9,C0669
V003,Container,85396.0,11312.5,18,8.81,11.15,1993.2,67.8,15.0,326.3,2.25,11.58,46.3,1.96,266.6,557.21,39.72,18197.4,C0670
V029,Container,50449.9,17896.7,4,10.88,18.7,1409.6,20.2,4.43,190.8,2.13,14.16,32.9,0.12,158.7,773.86,133.62,13939.0,C0671
V010,Ro-Ro,90237.9,12902.6,22,6.19,14.72,2165.4,29.1,19.82,49.6,0.42,7.74,64.2,0.55,319.8,639.83,72.72,20516.51,C0672
V043,Container,89444.5,19264.1,17,6.93,17.13,562.5,357.4,13.94,132.9,1.05,9.53,247.9,2.68,291.4,597.67,101.29,20830.47,C0673
V005,Bulk Carrier,84474.0,8984.3,10,7.02,13.93,716.0,282.1,9.96,260.0,5.52,9.09,299.1,2.82,282.8,729.66,61.53,21585.68,C0674
V034,Bulk Carrier,83202.4,22804.3,20,7.51,12.59,2130.7,331.9,5.95,62.7,5.99,5.73,147.2,2.34,165.0,504.9,54.74,21000.78,C0675
V008,General Cargo,44374.3,10748.2,6,9.67,13.47,3836.0,70.2,11.74,212.5,4.73,10.49,249.4,2.76,13.5,629.56,51.83,11464.75,C0676
V014,Container,26473.5,12355.7,25,12.02,17.94,4511.5,345.8,21.28,250.3,1.86,12.17,72.0,0.92,177.2,606.59,116.0,13672.52,C0677
V040,Bulk Carrier,52238.4,6161.8,14,13.24,16.25,3357.6,51.4,20.15,123.8,2.53,14.09,350.4,0.74,323.4,601.46,81.86,17101.04,C0678
V006,General Cargo,33882.0,7230.2,11,12.68,19.38,615.6,183.3,5.73,249.8,4.49,13.36,126.0,1.15,68.6,601.12,130.24,10066.97,C0679
V001,Ro-Ro,75596.1,15317.2,11,7.58,16.8,3392.9,298.7,4.37,318.3,5.82,9.61,304.5,0.17,353.7,509.38,110.29,18149.99,C0680
V033,Ro-Ro,47688.0,10351.9,18,9.53,15.7,3213.6,125.9,0.93,170.0,2.84,11.91,340.3,2.43,290.8,545.63,85.22,14318.64,C0681
V040,Container,98048.8,21709.6,23,7.6,16.1,4048.2,152.9,0.43,137.8,5.01,12.81,311.3,2.95,255.5,542.57,95.66,18628.15,C0682
V011,Container,71277.8,5293.9,22,8.12,19.42,4143.7,46.1,30.79,90.4,5.86,9.43,24.1,2.47,243.8,796.58,151.12,15469.87,C0683
V050,Tanker,85798.4,12581.9,18,10.03,17.88,4354.2,44.3,1.58,217.5,5.27,5.27,234.1,1.66,211.3,506.65,113.55,23006.9,C0684
V024,General Cargo,30602.0,11746.9,24,6.54,10.24,2129.2,223.0,25.59,316.7,1.52,8.82,43.2,0.89,259.4,550.12,22.99,10878.76,C0685
V010,Bulk Carrier,88961.2,5386.6,23,7.75,15.34,3519.5,243.2,30.52,116.9,0.25,13.27,2.0,0.59,151.9,792.25,66.49,20592.41,C0686
V044,Bulk Carrier,93820.6,7487.4,11,13.48,16.88,1414.4,279.8,3.43,142.6,3.05,10.56,18.6,1.09,304.3,688.48,86.28,21460.2,C0687
V023,Container,58965.0,13272.9,21,9.73,17.49,4996.7,200.4,15.27,146.4,3.28,11.97,329.8,2.0,250.7,635.2,110.95,17344.49,C0688
V016,Tanker,68500.2,14857.3,12,9.56,12.13,959.1,232.5,33.68,201.9,1.37,6.04,327.0,1.34,277.7,523.63,43.44,22114.31,C0689
V037,Container,81184.8,13085.8,5,6.12,18.67,149.6,4.9,29.19,82.2,1.85,14.61,81.3,2.8,285.3,700.9,127.54,18264.03,C0690
V016,Container,33987.1,15618.8,23,7.98,19.56,829.2,58.4,17.14,296.0,4.64,8.44,196.9,2.56,33.1,541.34,149.24,12801.71,C0691
V044,Bulk Carrier,60205.3,16902.6,9,12.93,12.37,3901.8,354.6,26.69,106.4,2.93,11.19,343.8,0.31,20.0,701.36,45.14,19441.38,C0692
V031,Bulk Carrier,51893.0,5198.5,25,7.32,18.83,2289.2,27.4,29.17,253.9,2.04,4.21,178.8,0.39,288.4,793.75,116.29,16168.07,C0693
V006,Container,31709.9,14281.9,9,9.32,10.97,2292.8,244.4,12.18,184.8,3.81,5.4,141.7,2.03,93.4,659.59,36.62,12690.28,C0694
V030,Container,49402.8,24270.0,22,6.11,10.56,4779.6,63.4,31.23,210.9,3.99,12.6,174.0,0.69,209.5,564.23,39.57,16146.77,C0695
V037,Tanker,25453.8,15380.6,10,9.83,11.29,4606.2,258.0,16.47,64.7,4.66,14.65,284.5,2.37,159.7,687.59,43.12,15744.5,C0696
V001,Container,22065.0,18550.8,22,6.17,10.58,1624.9,254.2,18.47,264.6,1.11,7.52,171.8,1.77,7.9,653.88,37.44,12771.8,C0697
V042,Bulk Carrier,30813.3,11237.3,19,12.56,18.45,1124.4,84.3,34.99,67.9,4.5,4.41,282.0,0.69,14.5,659.94,120.6,14958.71,C0698
V025,Container,97049.2,20479.8,1,12.6,10.59,4257.6,97.1,29.52,40.9,3.68,7.97,155.4,1.44,297.8,643.43,43.32,20313.31,C0699
V046,Bulk Carrier,63962.4,20458.4,7,12.3,12.72,4539.5,235.7,12.66,196.8,0.53,4.19,90.7,1.22,218.8,702.12,44.48,17695.88,C0700
V021,Bulk Carrier,97265.8,15425.9,4,8.27,11.04,2753.8,140.4,0.36,255.3,4.71,6.12,117.5,2.62,188.6,671.58,39.47,21048.4,C0701
V035,Container,54599.8,24520.3,1,12.7,12.95,3184.2,70.0,21.92,18.0,2.42,12.28,28.0,0.1,340.0,796.1,58.17,14898.94,C0702
V038,Container,44945.3,7511.0,15,10.34,10.91,1358.9,263.4,24.64,25.0,2.12,14.31,179.1,2.69,62.3,747.76,34.71,13480.49,C0703
V005,Container,60491.3,5339.0,8,8.99,16.68,4023.9,55.5,22.78,289.0,2.8,4.96,53.3,1.96,92.9,579.41,93.33,17239.45,C0704
V049,Container,55160.9,20403.2,12,11.0,11.33,3197.4,308.0,33.88,291.3,2.21,10.14,292.2,2.21,272.4,717.73,46.24,14831.58,C0705
V050,General Cargo,28453.2,21143.1,22,6.1,18.52,2567.2,185.3,30.2,88.3,2.16,6.79,151.4,0.01,279.1,564.29,117.15,10546.57,C0706
V012,Container,71266.1,7404.1,22,7.14,18.17,394.5,38.1,15.71,221.5,4.89,5.53,275.4,1.88,145.8,734.7,118.13,18120.08,C0707
V005,Ro-Ro,37283.1,10311.7,18,11.94,10.14,4588.1,249.9,2.2,159.5,0.92,6.41,343.6,1.77,342.4,544.27,25.34,15392.71,C0708
V009,Container,69567.0,5351.0,15,7.95,18.96,3115.7,186.9,16.66,227.8,5.83,10.36,305.8,1.61,337.8,642.07,135.77,16740.92,C0709
V044,Tanker,72016.1,10866.2,17,10.78,10.29,1044.2,107.3,24.12,310.6,3.42,4.72,342.5,2.36,4.5,737.18,30.34,21392.47,C0710
V009,Tanker,32162.0,20462.8,14,9.08,12.4,3071.3,152.1,21.27,28.7,1.26,8.78,204.5,1.67,62.0,584.03,46.2,18125.64,C0711
V035,Bulk Carrier,24908.0,15359.2,14,12.84,10.32,3419.6,107.4,18.83,280.1,0.96,5.49,59.5,2.57,295.3,751.14,27.07,14514.93,C0712
V001,Bulk Carrier,82460.9,11961.9,18,13.62,13.36,2676.3,94.7,16.41,177.5,3.63,7.0,336.7,0.7,120.7,693.25,51.93,21816.18,C0713
V047,Bulk Carrier,56784.0,12434.8,20,13.07,15.14,3618.7,58.9,10.28,203.1,3.87,6.1,312.7,2.42,34.4,619.26,71.72,19043.92,C0714
V010,Container,24653.1,5027.1,18,8.16,17.97,2949.1,130.6,9.71,235.4,0.51,13.71,311.2,0.54,282.6,627.03,110.12,13156.83,C0715
V046,General Cargo,99589.3,10996.0,16,7.55,13.38,4744.1,90.4,17.51,332.1,1.61,11.79,249.6,2.44,163.7,777.8,43.75,15199.03,C0716
V039,Ro-Ro,24622.4,17929.2,1,9.8,17.05,363.1,246.0,5.62,20.4,4.81,13.55,225.0,2.82,177.3,565.34,113.34,13379.87,C0717
V036,General Cargo,75602.8,24483.9,23,6.06,11.88,620.6,246.2,11.92,10.6,0.49,8.22,5.3,1.01,67.1,708.01,41.29,13128.27,C0718
V037,Container,98694.3,21941.2,11,6.21,17.51,951.0,180.7,11.34,64.2,5.16,7.45,269.3,1.59,237.9,712.19,114.04,20481.46,C0719
V048,Tanker,39134.4,5471.9,15,10.43,12.36,3481.8,280.1,20.55,355.1,4.02,8.19,33.0,1.97,198.4,776.73,43.18,18950.38,C0720
V035,General Cargo,31379.9,22971.2,12,10.16,11.44,3263.4,302.9,2.33,257.4,2.72,4.2,93.5,0.24,74.4,713.95,35.39,10684.28,C0721
V017,Container,29710.8,20664.0,8,13.96,11.85,4471.1,208.7,29.04,221.3,2.21,11.97,198.5,1.48,122.5,675.34,49.28,12775.35,C0722
V013,Container,44262.0,20607.5,22,7.61,11.82,3691.1,222.8,19.68,16.9,0.31,7.85,162.6,1.08,214.9,770.76,42.15,13071.95,C0723
V006,Tanker,28083.7,14159.9,20,8.06,15.13,2590.9,101.8,23.48,316.5,4.99,7.45,5.7,2.62,333.0,748.74,75.35,17451.64,C0724
V037,Bulk Carrier,75372.9,12960.1,6,6.91,18.45,4960.0,322.2,24.61,292.6,1.03,10.58,296.6,2.63,331.3,715.03,114.41,18158.08,C0725
V048,Ro-Ro,24983.3,11058.3,3,13.34,10.8,1403.9,8.7,10.2,239.3,2.0,8.8,316.4,2.1,103.6,509.77,32.84,12037.52,C0726
V032,Container,60753.8,6313.9,24,12.22,17.07,4182.6,125.5,16.46,122.1,3.5,14.79,245.5,1.97,264.8,612.06,103.8,15249.2,C0727
V011,Tanker,99735.7,9564.7,13,12.58,16.54,2191.3,259.8,33.47,25.4,1.63,7.92,194.8,2.2,279.2,689.57,87.13,22802.74,C0728
V017,Container,85117.6,9932.1,13,13.22,18.73,3278.8,28.8,26.83,208.8,3.08,10.75,345.9,1.1,291.2,656.68,129.92,18344.62,C0729
V005,Container,69217.6,14681.5,2,10.2,12.44,3663.6,65.9,33.93,259.1,4.89,7.43,43.2,1.21,205.5,595.8,54.42,16969.13,C0730
V006,Container,44500.3,19948.9,5,9.61,14.5,3205.4,212.1,26.12,33.9,2.93,14.9,265.6,1.66,3.8,543.33,68.65,13892.48,C0731
V010,Ro-Ro,69911.7,14476.2,17,8.64,19.26,788.5,201.6,6.15,228.2,5.7,8.9,46.2,2.81,274.2,665.9,152.76,16425.24,C0732
V033,Tanker,62163.3,6156.9,6,10.71,16.6,2270.5,266.0,2.26,103.1,5.12,10.98,137.5,2.17,38.4,585.78,93.38,18684.57,C0733
V030,Bulk Carrier,54086.7,24155.8,2,9.63,13.89,2851.0,292.5,20.22,275.1,2.13,5.39,210.8,1.65,42.1,569.9,58.47,16920.24,C0734
V021,Bulk Carrier,30456.8,23854.5,4,9.61,11.31,4260.3,46.3,12.52,194.3,2.52,12.06,265.4,2.31,218.0,619.69,39.98,13363.99,C0735
V042,Ro-Ro,90928.3,20703.8,22,13.5,12.62,2273.9,6.6,9.64,46.5,2.66,6.96,1.3,1.11,354.1,735.65,56.52,21091.61,C0736
V017,Bulk Carrier,55982.8,24826.6,11,13.87,15.81,4601.9,248.3,28.25,189.5,3.83,8.93,93.8,2.19,87.3,646.36,88.67,16507.0,C0737
V027,Ro-Ro,35569.8,15889.6,8,12.37,17.18,2257.8,108.5,12.84,142.5,1.86,13.71,193.8,1.23,232.5,564.95,109.61,13813.78,C0738
V003,Bulk Carrier,49420.7,24255.4,12,12.05,11.24,2789.0,225.4,11.1,64.9,5.82,14.68,191.8,0.84,109.3,535.07,48.38,16437.79,C0739
V029,Bulk Carrier,53130.4,6512.1,8,11.44,16.0,4001.8,54.2,29.75,302.9,3.73,8.67,229.5,1.83,323.5,649.7,78.73,16925.26,C0740
V002,Bulk Carrier,86203.0,12313.6,11,7.33,15.5,2957.0,168.9,29.62,4.0,2.52,13.18,109.4,2.06,213.7,738.31,72.91,18859.44,C0741
V029,Container,78689.2,9507.6,22,6.47,15.14,4805.1,181.6,12.47,112.4,3.94,4.59,194.6,1.38,74.7,695.85,82.45,16479.38,C0742
V049,Tanker,81544.4,8916.7,20,11.53,16.9,3335.6,210.6,29.14,4.5,2.49,13.32,68.3,1.7,94.4,569.64,92.48,24336.36,C0743
V036,Bulk Carrier,20882.5,7816.1,8,11.83,18.37,2661.3,184.7,29.78,34.6,4.94,10.92,67.3,2.08,155.7,631.01,115.29,12216.87,C0744
V034,Container,53292.3,17448.3,8,6.38,13.23,215.6,178.4,14.84,107.0,3.49,9.38,207.6,2.3,43.9,756.57,59.75,15341.12,C0745
V037,Ro-Ro,58507.5,20626.4,17,13.42,18.89,2127.3,119.8,2.33,19.5,0.44,13.79,246.8,2.69,28.3,553.3,140.05,16794.25,C0746
V042,Bulk Carrier,21535.4,16566.0,20,6.73,11.61,1566.3,25.6,0.06,214.8,1.23,13.3,43.3,1.06,244.8,659.62,36.45,13188.85,C0747
V001,Bulk Carrier,40785.1,7939.3,20,8.29,11.73,3765.7,32.2,18.32,31.3,5.22,7.27,44.2,2.85,146.6,606.87,43.16,15600.92,C0748
V026,General Cargo,80823.2,21222.5,23,11.38,12.67,1120.6,156.2,12.04,252.6,3.46,12.71,203.5,1.91,261.4,537.25,51.47,15514.09,C0749
V001,Tanker,30968.8,17719.1,16,7.36,11.2,1105.6,128.1,34.9,19.0,5.71,5.09,97.2,2.36,39.6,514.97,41.81,17459.36,C0750
V004,Container,62824.8,12763.3,14,6.44,12.3,1028.6,185.8,27.03,21.4,0.62,13.05,141.3,2.1,219.6,666.76,40.89,15493.02,C0751
V039,General Cargo,37216.1,18482.6,11,8.65,11.06,715.5,109.7,26.64,109.9,1.91,11.43,144.3,0.62,159.6,506.22,36.18,10737.9,C0752
V014,Tanker,20969.7,10198.1,7,12.13,18.22,1623.9,247.6,33.43,322.8,1.32,4.97,64.3,0.21,20.9,531.03,115.85,14312.21,C0753
V046,Container,39296.1,11903.8,16,9.31,11.39,4441.0,311.0,31.07,230.9,3.41,11.51,0.5,2.18,196.1,604.27,41.7,13855.11,C0754
V018,Container,98069.9,23349.7,13,11.22,17.47,3897.1,107.6,11.14,277.2,2.42,10.39,307.1,1.53,29.8,513.06,107.53,20537.07,C0755
V034,Tanker,84123.0,10810.1,15,10.64,10.48,3702.7,69.5,5.81,51.0,1.11,10.54,257.4,2.11,298.0,620.13,29.88,21762.9,C0756
V001,Tanker,96766.1,14399.8,24,6.18,19.49,4007.0,41.8,26.11,300.3,3.93,7.2,248.6,1.43,227.5,539.11,142.28,23767.32,C0757
V022,Bulk Carrier,59028.3,22802.8,16,13.91,17.11,1420.1,221.9,13.24,2.9,3.31,6.93,196.7,0.94,200.5,604.96,101.4,19417.29,C0758
V016,Ro-Ro,28778.9,19154.4,21,6.33,10.07,4448.5,159.8,16.56,76.7,1.79,12.39,252.3,0.86,48.0,737.35,30.74,12425.65,C0759
V022,Tanker,63836.8,6244.1,23,13.74,17.64,772.8,67.7,22.06,221.8,2.98,6.82,336.8,2.19,103.5,687.91,104.34,20307.62,C0760
V050,Container,56350.2,7946.1,24,10.4,15.14,1748.1,235.1,31.78,135.1,4.53,8.91,239.6,0.83,177.4,633.62,81.33,16284.09,C0761
V016,Container,87548.6,5156.8,9,13.71,17.79,2975.1,53.5,14.67,354.3,1.39,11.64,95.4,2.14,228.0,527.55,114.47,17443.68,C0762
V028,Container,27846.6,17618.4,3,6.92,15.22,604.2,199.5,27.42,10.9,1.9,4.88,205.4,1.15,66.0,685.74,74.4,11606.54,C0763
V028,Tanker,59059.3,13953.5,19,9.92,16.41,3677.6,189.8,9.39,359.5,2.21,10.54,159.2,2.31,3.2,549.11,94.44,18431.07,C0764
V022,Container,32003.9,7685.5,20,7.36,17.86,1997.5,264.3,24.43,224.5,4.53,10.48,200.3,0.43,124.1,522.98,117.08,14283.07,C0765
V006,Bulk Carrier,45974.1,24158.7,5,6.41,14.05,3943.6,19.8,0.06,201.1,5.11,11.53,186.3,0.61,173.8,699.2,64.24,14794.13,C0766
V025,Tanker,78988.6,15593.2,10,10.94,10.03,2515.2,319.6,30.5,21.4,2.38,8.07,309.2,2.06,66.4,773.62,33.26,20975.02,C0767
V042,Ro-Ro,58081.5,9837.9,17,7.66,18.5,986.3,253.1,1.06,98.4,1.92,8.94,234.6,1.68,177.2,638.18,128.68,15210.75,C0768
V002,Container,50071.1,15012.1,15,10.7,13.81,3700.3,77.8,24.95,332.9,5.36,7.63,68.0,0.61,121.9,512.3,65.03,13825.2,C0769
V007,Ro-Ro,51558.1,18592.4,23,6.9,14.96,1335.5,66.0,1.62,127.5,6.0,12.89,22.7,2.71,163.8,764.09,86.88,16474.99,C0770
V017,Container,56755.7,6524.8,25,8.66,10.08,2505.0,155.4,9.32,238.2,4.09,5.44,152.8,0.83,125.1,520.09,34.34,14854.38,C0771
V035,Ro-Ro,82801.3,10494.1,8,12.25,14.92,470.1,294.3,17.4,359.8,5.94,14.59,5.6,1.26,226.2,760.25,81.27,19689.49,C0772
V020,Container,91366.8,21139.3,15,9.5,19.86,3127.5,303.5,14.7,94.7,4.03,10.98,114.6,0.61,15.4,617.55,157.14,19483.32,C0773
V044,Bulk Carrier,96426.8,14193.3,21,11.02,12.78,3362.7,187.4,6.71,207.4,4.45,13.76,132.5,1.16,61.5,609.62,49.02,23646.4,C0774
V002,Tanker,82952.3,15931.5,14,11.18,13.95,1955.5,309.9,11.68,250.7,2.45,8.69,135.2,1.47,155.8,662.84,61.35,20601.79,C0775
V007,Container,45232.6,13656.3,20,12.75,16.87,4776.7,2.0,25.47,59.3,2.71,7.66,352.6,0.89,128.3,787.13,101.18,15532.32,C0776
V032,Container,75050.8,5878.0,7,8.6,18.15,4383.4,12.7,23.42,53.5,1.04,13.91,109.4,2.31,141.0,769.62,120.48,17917.18,C0777
V049,Tanker,55008.2,8315.0,21,11.5,14.17,3568.9,328.3,2.51,164.3,4.97,5.09,95.5,1.18,289.4,641.1,61.3,18054.54,C0778
V019,Tanker,40373.6,13910.8,23,13.69,13.1,3596.9,279.1,26.16,138.9,5.6,5.29,46.6,2.19,319.1,708.75,55.26,18480.71,C0779
V012,Tanker,87269.7,9183.7,12,11.84,19.38,1336.8,162.3,1.86,257.1,3.82,7.29,184.0,0.62,89.5,674.13,140.34,25072.83,C0780
V009,Tanker,23074.1,5999.6,17,9.92,16.77,3318.4,271.3,19.0,25.0,2.19,14.56,55.3,1.13,301.1,708.04,90.07,14598.84,C0781
V027,Bulk Carrier,92141.0,21873.0,17,11.05,11.19,1071.2,344.0,9.1,350.0,1.09,10.96,221.9,0.02,165.2,748.8,38.49,23428.46,C0782
V014,Container,56918.2,24623.9,10,11.92,10.69,805.6,278.0,20.57,5.1,1.74,10.1,55.9,2.28,98.6,510.35,44.43,15537.25,C0783
V002,Container,70976.1,20862.9,19,10.9,14.84,4997.4,303.3,9.15,216.5,1.68,11.76,207.6,1.88,354.8,597.73,71.92,17444.76,C0784
V021,Container,72748.3,22075.7,14,6.13,12.2,3149.6,273.8,34.47,202.5,3.76,8.59,297.5,2.45,296.9,787.8,55.04,18943.02,C0785
V004,General Cargo,91609.4,9839.5,11,7.56,12.54,2211.8,60.6,10.84,48.5,5.68,12.34,15.3,1.37,357.9,784.8,48.99,15138.32,C0786
V021,Bulk Carrier,70933.6,24212.5,2,12.48,18.78,1512.0,300.1,8.47,54.3,0.48,8.33,151.1,2.4,60.5,503.37,121.88,20426.8,C0787
V048,Bulk Carrier,69114.7,8938.5,18,8.18,10.9,3059.2,70.2,9.75,285.4,0.21,13.09,166.0,1.94,51.8,560.43,26.58,18326.71,C0788
V022,Bulk Carrier,25332.2,24028.6,7,11.85,17.15,343.0,321.3,31.38,319.5,3.68,6.94,284.8,0.01,181.2,798.13,105.72,14915.26,C0789
V049,General Cargo,61472.6,24896.4,12,8.98,12.71,563.9,165.1,22.27,101.9,1.85,7.05,168.4,0.76,229.9,647.85,48.77,13375.67,C0790
V002,Container,32013.5,19234.5,2,10.18,17.6,261.0,243.7,25.57,157.7,5.31,9.75,204.3,1.48,61.6,671.86,119.73,12432.4,C0791
V017,Bulk Carrier,78994.7,24622.9,20,6.54,17.22,2545.9,179.0,32.13,127.8,2.1,8.74,284.8,1.86,309.8,549.93,104.7,19786.99,C0792
V019,Bulk Carrier,60977.8,16390.8,18,7.45,10.07,3043.0,33.8,31.92,26.1,1.88,11.13,201.5,0.2,191.5,768.3,36.7,17438.43,C0793
V040,Tanker,74418.2,10190.8,6,13.66,15.09,406.2,104.7,25.86,242.4,1.76,8.01,129.0,2.12,147.9,569.38,69.91,19956.84,C0794
V024,Container,23333.8,13739.9,24,13.12,11.39,3634.0,354.1,6.92,297.1,1.04,6.54,30.9,1.63,216.7,556.89,37.53,11151.37,C0795
V020,Ro-Ro,26783.4,16871.2,10,11.22,18.66,1228.9,345.9,29.52,109.8,3.57,9.17,262.8,1.58,228.6,568.44,138.82,13033.17,C0796
V038,General Cargo,77305.9,6461.6,20,9.68,18.72,3457.5,115.4,7.13,356.5,1.18,10.17,313.6,0.88,15.4,775.89,112.07,13017.43,C0797
V012,Bulk Carrier,25766.7,17446.9,15,11.41,14.18,4911.3,358.7,26.0,27.3,2.66,5.57,349.2,1.78,360.0,710.85,67.34,13177.35,C0798
V025,Tanker,25700.5,24623.6,5,10.95,14.44,3486.4,304.4,24.0,238.2,2.87,10.12,333.6,0.08,131.0,730.58,69.78,16389.28,C0799
V023,General Cargo,20968.7,8802.2,20,10.55,13.03,4427.6,219.9,26.56,161.4,0.32,7.51,287.1,0.19,22.2,613.11,43.74,10216.2,C0800
V050,Tanker,96520.1,20851.9,3,6.47,17.17,4746.2,14.4,18.64,160.8,0.3,8.32,231.6,2.2,306.8,772.75,99.92,25741.58,C0801
V034,Container,79000.7,23158.0,5,11.06,13.59,2485.1,324.5,22.36,164.8,3.22,7.07,281.3,0.97,357.5,736.82,63.72,17242.28,C0802
V032,Bulk Carrier,48260.1,23874.0,25,12.15,12.68,3541.4,200.7,33.37,93.1,4.24,14.25,155.6,1.04,293.9,725.18,55.61,17962.05,C0803
V024,Tanker,43722.8,24202.7,8,13.95,14.32,4274.6,312.7,3.54,257.6,5.66,11.52,214.1,0.63,306.7,791.28,71.48,18281.11,C0804
V042,Bulk Carrier,47976.3,15429.2,8,6.09,10.91,1847.4,300.4,10.81,259.8,1.24,6.89,125.5,1.34,225.3,609.86,35.33,15386.42,C0805
V025,Tanker,81972.3,24546.2,8,11.84,17.47,1380.8,299.9,21.4,101.7,0.8,11.1,117.6,0.16,332.0,683.29,107.19,21123.18,C0806
V003,General Cargo,72909.6,20146.2,12,10.57,10.13,4738.3,251.3,33.74,300.7,0.5,13.33,272.4,0.9,12.9,772.98,33.49,14586.7,C0807
V025,General Cargo,34815.6,8233.4,24,9.47,16.44,3658.9,104.9,3.35,114.1,2.73,8.42,163.4,1.58,276.0,737.27,83.31,10221.94,C0808
V028,Bulk Carrier,33928.7,14538.0,23,7.02,11.83,1176.4,121.0,0.79,261.0,3.81,13.13,76.4,1.4,241.5,669.01,45.98,15065.83,C0809
V012,Container,27871.7,19366.6,8,9.27,12.32,2300.5,111.0,1.95,43.6,5.08,5.7,72.7,3.0,17.9,522.86,52.27,14019.76,C0810
V026,General Cargo,72824.2,9946.8,11,8.84,16.36,4002.6,7.2,1.83,60.7,4.16,13.05,309.3,1.17,195.8,695.82,87.25,12644.87,C0811
V048,Ro-Ro,81149.8,17812.3,14,8.42,19.93,2780.6,209.7,31.77,113.7,1.41,9.94,244.0,1.16,185.4,657.97,164.53,17383.88,C0812
V044,Container,41203.7,18332.0,8,11.85,17.78,3284.8,251.6,25.24,213.8,2.88,6.45,196.6,1.51,249.0,555.25,118.58,15493.38,C0813
V008,General Cargo,21675.6,8254.0,24,11.61,12.26,3793.5,307.4,23.7,232.4,5.48,8.48,144.3,0.57,27.9,764.68,45.01,10032.66,C0814
V005,Ro-Ro,26573.7,16301.7,10,10.71,11.76,3147.8,50.5,18.29,142.7,2.1,14.87,155.1,2.63,289.9,602.97,44.32,12422.01,C0815
V011,Bulk Carrier,97428.8,20432.5,7,13.51,18.66,2746.4,195.9,27.37,28.0,3.09,12.62,20.7,1.72,50.2,616.24,126.13,23980.14,C0816
V042,Bulk Carrier,43635.6,14977.9,17,8.8,14.44,3773.1,2.9,5.45,134.5,5.76,10.33,163.8,0.58,150.7,701.72,65.6,17367.96,C0817
V035,Bulk Carrier,81537.9,5242.1,4,7.95,11.37,3665.1,34.2,13.72,248.0,4.46,5.27,286.4,2.38,317.3,646.64,32.35,20568.22,C0818
V027,Container,69973.1,5180.8,13,11.25,18.62,3186.4,19.5,17.15,241.6,4.54,8.6,139.7,0.1,201.8,526.78,127.39,17404.41,C0819
V041,Container,50555.2,12140.6,4,7.59,18.16,1863.0,261.2,3.86,57.7,1.66,6.89,138.1,2.95,136.7,616.23,118.62,14359.03,C0820
V044,Ro-Ro,36455.0,23523.9,5,8.52,19.84,2088.5,29.2,14.68,2.8,2.61,4.78,5.7,2.6,17.4,528.34,165.7,13176.08,C0821
V038,Container,29710.9,9573.5,22,7.8,19.1,4855.1,257.9,11.08,271.1,0.68,9.96,164.8,1.74,242.0,557.23,134.43,13193.86,C0822
V019,Container,69201.0,17687.3,4,6.55,18.52,650.7,89.9,1.25,38.3,3.72,13.78,9.1,0.33,355.2,502.15,129.01,16218.78,C0823
V048,Bulk Carrier,81970.7,9441.5,18,12.62,10.53,1415.7,316.0,4.79,29.6,0.8,11.43,205.3,0.65,328.2,554.39,22.73,21139.09,C0824
V032,Bulk Carrier,71512.3,11433.4,6,8.04,11.04,2512.8,292.7,26.74,1.0,5.05,6.75,182.4,0.84,258.2,599.13,36.32,20585.3,C0825
V046,General Cargo,62424.2,21960.8,24,9.78,15.69,4200.0,344.8,0.63,155.7,4.92,10.31,302.4,0.72,37.9,661.47,83.19,11918.12,C0826
V028,Container,23356.1,19577.2,24,6.35,15.31,902.0,318.2,32.7,181.2,3.29,14.38,209.4,1.49,86.2,775.78,83.01,12546.71,C0827
V036,Container,97479.1,6908.0,23,11.59,14.58,1457.1,336.0,3.02,229.6,1.02,11.95,116.4,2.83,67.3,662.1,61.73,18690.12,C0828
V018,Tanker,83897.1,13574.0,22,8.64,13.97,422.4,309.1,27.97,106.6,0.35,11.58,185.8,1.33,128.0,711.68,56.77,24704.12,C0829
V010,Bulk Carrier,43425.8,5583.4,2,11.96,14.31,3559.3,249.6,31.45,255.8,4.82,14.65,251.9,1.98,84.8,607.3,68.32,15322.38,C0830
V032,Container,98397.6,14617.8,23,9.3,15.69,1267.2,61.3,32.94,61.0,3.68,12.79,33.8,2.07,88.0,725.49,90.22,20283.48,C0831
V018,Bulk Carrier,68150.5,18248.7,11,7.57,10.02,2004.5,97.8,30.36,299.5,4.32,5.5,223.6,2.61,222.0,686.14,30.35,19111.02,C0832
V012,Container,66593.8,7370.1,14,10.11,12.61,2274.1,76.6,10.06,205.9,1.96,7.82,330.0,0.1,114.7,637.94,43.32,16305.54,C0833
V008,Container,79845.9,10777.7,5,7.04,15.18,4467.4,217.3,11.66,210.2,3.15,14.62,107.7,1.21,243.8,558.13,74.16,18620.38,C0834
V033,Bulk Carrier,84941.6,12956.7,6,9.52,17.22,2115.5,181.3,14.93,75.5,4.53,9.39,225.6,2.35,341.2,591.06,100.33,21744.17,C0835
V046,Bulk Carrier,72518.3,23390.6,10,8.54,11.74,811.6,312.1,4.88,26.7,2.88,5.23,295.7,2.44,229.9,686.28,41.42,19661.54,C0836
V038,General Cargo,30247.7,24865.1,8,13.3,15.47,2669.1,343.0,0.78,167.3,3.69,9.04,184.3,2.78,270.6,627.82,74.82,11110.84,C0837
V014,Bulk Carrier,47061.4,5898.2,14,6.49,17.14,4818.5,145.7,30.42,221.6,4.78,11.67,258.5,2.11,270.6,766.82,92.84,18124.84,C0838
V002,Bulk Carrier,94246.7,20220.2,24,11.55,14.45,3077.7,182.3,19.39,34.2,1.45,14.97,112.0,0.74,119.1,570.45,60.74,21502.71,C0839
V009,Tanker,37969.2,12434.5,3,7.46,10.27,4918.6,349.7,21.31,342.2,0.58,7.56,110.2,1.52,5.4,521.92,28.61,17272.65,C0840
V044,Container,49773.4,12849.2,12,8.55,14.49,4221.4,99.4,32.44,352.9,3.28,9.65,240.3,0.1,19.8,676.8,68.81,13503.89,C0841
V005,Tanker,54566.2,20085.3,16,9.32,12.96,276.2,285.3,23.28,196.4,0.56,13.68,253.9,1.94,101.5,765.82,53.71,20447.93,C0842
V034,Container,55152.4,23368.5,23,13.26,19.3,3326.2,81.1,24.18,342.0,4.65,7.91,337.3,1.66,248.2,609.42,152.93,15565.54,C0843
V019,General Cargo,69035.2,24018.6,17,7.94,11.25,1505.2,245.3,27.54,64.6,4.37,5.2,80.9,2.0,326.4,694.31,36.02,13475.62,C0844
V007,Container,95446.1,16542.5,1,6.73,16.52,2842.1,91.3,4.07,9.2,5.31,14.44,168.6,2.79,345.2,569.42,95.99,17960.6,C0845
V039,Bulk Carrier,39255.4,12142.4,23,8.55,10.53,1468.8,318.1,12.61,14.2,3.91,9.37,90.2,2.06,9.3,667.54,31.79,16864.7,C0846
V042,Container,29720.1,20751.0,10,6.84,14.46,1809.5,202.1,33.89,211.5,0.59,9.53,28.8,0.96,356.4,736.04,72.79,12677.95,C0847
V017,General Cargo,35797.6,10020.0,25,7.03,15.54,4623.5,66.9,32.3,22.2,1.67,10.83,145.2,0.6,116.1,760.11,73.11,11419.77,C0848
V026,Bulk Carrier,90954.0,16281.5,23,10.59,12.98,1112.6,80.8,30.94,345.1,4.89,4.04,134.7,2.56,303.5,531.54,53.8,19977.18,C0849
V046,Bulk Carrier,71664.9,12171.6,10,6.49,14.55,4383.1,177.8,15.82,51.1,1.17,14.24,97.4,0.58,64.9,606.91,61.21,21087.5,C0850
V027,Container,42872.5,18132.6,21,6.25,11.64,249.2,346.2,30.0,109.7,4.25,7.98,106.9,0.48,22.6,691.89,43.26,13352.4,C0851
V043,Tanker,85275.8,9808.0,24,11.72,13.04,545.3,277.1,1.69,296.1,4.73,8.37,129.7,0.62,136.2,510.42,54.45,21766.71,C0852
V028,Container,88909.6,8831.9,2,8.89,16.21,4287.9,175.8,5.2,78.7,2.11,5.92,356.0,1.53,309.2,707.18,85.27,20247.77,C0853
V020,Ro-Ro,87721.1,23364.8,9,7.0,13.02,3189.7,121.6,14.49,87.5,2.07,8.16,281.9,0.37,79.5,658.41,55.99,21591.21,C0854
V006,Container,93514.1,7036.1,22,8.03,19.0,3761.5,197.7,16.92,231.2,3.44,12.84,25.7,2.81,55.4,586.57,140.97,18239.44,C0855
V008,Container,40179.3,15119.2,13,11.14,16.28,1126.1,269.4,9.22,99.4,5.2,12.8,314.1,2.9,327.5,744.4,96.39,13915.23,C0856
V032,Container,80403.4,9417.1,25,8.2,14.39,2731.7,282.2,12.48,78.3,1.5,14.29,228.0,2.92,337.8,587.02,61.24,18879.9,C0857
V019,Bulk Carrier,56843.2,5778.6,16,9.96,10.39,3712.4,116.9,5.7,91.5,5.66,8.44,320.6,0.12,4.5,797.42,29.1,18965.85,C0858
V032,Bulk Carrier,87359.9,5720.4,18,6.97,15.0,3173.8,259.6,17.12,176.6,3.67,11.8,123.0,2.84,261.9,744.91,66.35,20567.99,C0859
V019,Container,78279.3,8504.4,19,10.7,17.65,2411.3,236.8,27.78,347.8,5.95,9.58,167.2,2.99,111.3,712.39,117.72,17885.01,C0860
V024,Tanker,82115.8,22335.4,12,8.53,12.66,4802.9,345.3,23.15,299.6,0.72,12.84,322.6,2.83,134.9,518.4,54.99,23862.2,C0861
V024,Bulk Carrier,72492.9,10649.6,8,11.02,18.07,3413.2,335.2,3.77,102.5,0.93,11.84,98.1,2.01,168.9,771.29,106.63,20295.69,C0862
V017,Bulk Carrier,34194.3,24009.2,17,12.47,12.52,4548.0,284.2,17.07,130.8,4.99,8.05,329.6,2.1,153.6,737.02,56.73,15926.94,C0863
V018,Bulk Carrier,63602.2,16632.4,15,10.89,18.24,3675.9,260.4,24.42,167.2,5.22,7.7,298.3,0.37,185.4,568.71,118.07,18652.19,C0864
V012,Bulk Carrier,98773.6,13732.3,10,8.37,10.85,3703.8,98.7,18.55,352.4,2.78,6.78,353.0,2.62,209.7,617.67,29.01,20598.1,C0865
V041,Bulk Carrier,94991.0,16601.8,15,8.05,18.66,492.1,304.5,13.71,62.1,4.34,10.34,116.7,0.18,167.6,580.59,121.98,23712.24,C0866
V023,Container,23453.9,15334.0,15,8.62,14.99,1861.4,153.9,21.77,128.7,5.23,14.6,84.9,0.95,252.6,795.32,80.96,13221.69,C0867
V048,Container,33185.2,20175.5,23,7.32,12.97,4306.0,98.0,33.9,262.6,0.45,6.2,119.1,2.97,258.7,756.26,55.58,14090.51,C0868
V018,Ro-Ro,30538.3,10649.9,7,7.45,12.65,1239.8,138.3,3.32,347.0,3.53,5.05,343.7,1.27,158.5,779.07,47.8,12738.41,C0869
V016,General Cargo,78078.4,12061.0,13,12.33,14.32,666.0,300.9,13.65,56.0,5.15,5.31,119.9,0.39,51.3,736.63,57.15,13610.66,C0870
V016,Bulk Carrier,85422.8,22881.9,17,9.08,19.99,1697.9,53.5,14.23,81.9,2.51,12.61,203.5,2.91,230.6,636.9,151.26,21875.35,C0871
V036,Container,37080.9,23929.1,9,9.49,12.2,1180.1,164.2,20.19,81.3,1.95,7.85,145.3,2.95,278.3,561.63,49.3,12383.24,C0872
V023,Tanker,60468.2,22851.2,8,10.75,11.03,4633.9,177.2,5.33,7.5,4.82,6.47,142.6,0.56,229.7,562.42,42.36,21966.8,C0873
V022,Bulk Carrier,87256.2,13389.0,20,10.72,15.85,4353.0,13.2,6.18,217.5,2.15,7.88,69.6,2.59,211.7,545.5,82.06,20548.53,C0874
V039,Container,78624.1,20607.3,21,6.54,14.89,2548.4,70.5,9.99,241.5,0.22,11.1,193.3,1.17,82.6,663.99,70.5,18642.29,C0875
V033,Container,63379.0,14526.7,18,12.65,15.24,400.6,297.6,33.46,216.9,5.77,10.01,305.8,1.14,232.2,775.99,87.93,17594.32,C0876
V024,Tanker,67227.8,14950.8,13,7.42,16.67,3601.4,299.1,25.69,25.7,3.63,12.18,17.8,0.79,120.5,797.54,94.88,20453.4,C0877
V020,Tanker,60668.8,9093.6,16,11.78,12.67,3154.7,105.3,23.16,24.9,4.95,7.73,320.1,0.13,331.0,586.19,50.75,19344.68,C0878
V033,Container,43803.9,16822.6,9,12.18,19.11,4855.7,315.0,28.59,75.7,4.99,8.97,239.6,0.8,235.3,709.19,142.13,14676.02,C0879
V031,Container,65201.8,8722.7,12,11.72,14.36,2838.9,277.8,4.47,104.5,0.59,5.12,222.0,0.16,100.1,679.13,61.1,16779.05,C0880
V040,Container,75110.8,11631.3,12,10.63,11.29,1748.3,150.4,30.08,283.2,1.19,4.8,225.3,2.77,170.3,646.68,33.81,17188.16,C0881
V008,Tanker,89865.8,22100.6,6,6.12,17.42,2643.2,269.4,20.82,57.4,2.0,9.08,106.7,1.99,304.8,699.73,103.05,24217.38,C0882
V010,Container,70903.3,9141.5,19,8.88,16.43,4898.4,346.1,11.74,15.9,2.06,7.32,149.5,2.66,120.8,611.41,93.25,18571.53,C0883
V001,Container,80889.7,6423.2,7,10.84,13.16,3512.2,165.2,28.55,141.8,4.02,10.74,287.7,2.15,189.2,783.35,57.93,17969.32,C0884
V021,Tanker,32805.7,6380.2,25,9.1,16.22,3392.7,85.8,28.09,149.9,3.81,4.47,110.3,0.39,244.7,711.63,88.38,15569.25,C0885
V025,Container,56924.6,23815.7,3,12.91,12.2,1279.3,339.1,29.6,162.3,3.07,5.34,169.2,2.82,271.6,726.26,47.13,15295.62,C0886
V032,Tanker,20746.5,15138.4,16,8.47,14.45,3743.7,217.3,4.04,297.7,1.43,13.52,7.1,2.7,62.6,572.73,65.44,14742.38,C0887
V046,Container,39734.3,13188.2,18,8.35,18.99,3776.3,37.9,33.93,35.3,2.42,10.23,264.1,1.04,203.5,550.57,143.77,12925.53,C0888
V046,Container,78116.9,21217.6,16,8.13,11.34,1654.7,206.2,33.59,253.4,3.35,11.83,150.4,0.33,328.4,618.3,48.51,16607.32,C0889
V010,Container,99344.8,21716.5,23,8.66,13.87,2470.2,180.2,12.51,121.7,2.91,13.26,189.1,2.11,348.6,730.0,72.92,20674.93,C0890
V048,Tanker,27934.2,11643.8,7,10.46,18.21,1543.6,308.0,2.31,111.6,0.94,9.1,41.3,2.19,236.2,781.64,108.97,15450.76,C0891
V009,Ro-Ro,52119.5,18872.4,4,11.66,19.69,1367.7,191.1,5.85,335.7,3.97,12.37,357.0,2.69,354.1,628.2,162.14,17617.43,C0892
V020,Ro-Ro,84005.7,20422.5,25,11.3,14.54,226.9,91.9,34.75,89.4,0.62,9.77,108.9,0.16,205.5,732.25,76.54,18546.63,C0893
V048,Bulk Carrier,36322.9,18093.0,8,12.46,15.07,1497.5,243.2,19.71,231.3,2.39,6.45,228.6,0.43,159.3,641.12,74.4,14085.83,C0894
V020,Tanker,64406.8,8031.9,13,13.09,15.72,2814.5,195.3,12.48,99.0,4.32,7.71,209.2,1.79,198.6,588.57,83.41,21581.12,C0895
V040,Container,78645.7,22517.7,13,12.53,19.32,107.8,83.9,10.09,182.6,0.32,9.39,282.6,1.86,41.7,721.78,144.51,19222.27,C0896
V007,Container,69278.8,15781.9,17,6.15,18.58,1487.8,206.5,8.99,283.1,3.51,7.49,105.8,0.1,144.6,739.46,125.71,16169.95,C0897
V011,Ro-Ro,35042.0,10649.4,17,11.89,11.71,4418.9,295.8,23.25,317.4,2.14,7.69,272.1,1.19,165.0,560.85,48.55,13473.23,C0898
V021,Container,48430.8,13504.6,5,7.67,14.37,3008.9,10.3,14.68,301.9,0.25,7.71,137.7,1.75,305.5,591.55,62.48,13896.19,C0899
V038,Container,82703.3,5751.4,6,7.06,14.64,3078.5,227.1,33.79,209.6,1.3,5.35,148.0,2.21,273.1,648.43,65.63,18348.86,C0900
V047,Container,64338.1,7557.3,19,11.11,17.89,2076.5,125.9,23.93,89.6,5.66,4.93,242.2,0.95,216.5,555.96,118.81,16321.15,C0901
V019,Container,20418.4,20310.9,13,8.56,16.03,3414.7,105.4,27.72,238.0,3.22,4.51,282.3,1.45,125.0,778.65,86.43,11438.03,C0902
V046,Container,80879.3,5000.2,25,6.46,16.54,1030.7,141.3,10.25,255.6,5.98,5.22,240.1,2.44,67.3,677.4,94.04,16440.2,C0903
V015,Bulk Carrier,22824.9,13331.3,14,7.1,19.98,4111.9,123.1,2.77,3.8,3.24,7.78,324.0,2.86,125.2,536.36,143.01,13738.89,C0904
V006,Bulk Carrier,79658.7,15450.2,22,6.01,10.75,671.8,299.6,17.07,158.1,3.35,10.53,102.7,0.69,244.7,555.21,35.53,22064.61,C0905
V010,Ro-Ro,36198.4,6092.7,4,13.23,12.23,3314.4,98.9,11.01,303.6,2.47,6.07,324.2,0.76,94.7,786.31,40.37,14890.98,C0906
V046,Ro-Ro,96645.9,24461.6,7,6.2,14.08,1771.6,263.9,7.07,176.3,2.0,13.77,47.1,2.82,153.7,721.45,68.95,20878.49,C0907
V016,Container,49435.3,9522.5,8,7.68,13.48,3762.8,33.9,33.34,112.1,1.66,12.89,237.4,1.19,139.2,720.32,51.02,13766.53,C0908
V045,Container,46154.5,11084.0,25,9.33,10.22,2793.8,342.5,15.54,313.8,2.19,9.73,197.1,2.16,275.6,521.75,32.89,13876.73,C0909
V011,Bulk Carrier,31911.0,11078.9,13,8.85,10.92,2316.5,224.0,6.11,56.1,2.87,11.97,178.1,1.84,318.2,768.59,29.41,14207.9,C0910
V035,Bulk Carrier,44448.3,9608.3,6,13.29,16.81,930.2,254.4,6.95,74.3,1.31,8.03,111.9,0.86,251.8,633.12,85.85,17091.51,C0911
V008,Container,90132.1,5029.5,6,6.32,18.79,3220.4,107.3,9.82,247.5,1.5,4.4,181.3,1.96,123.0,697.92,123.37,20446.72,C0912
V028,Tanker,99706.7,19586.9,24,10.1,15.14,4876.4,148.4,34.98,126.9,1.77,13.95,58.2,1.97,155.9,787.91,79.3,26974.81,C0913
V003,Bulk Carrier,49464.8,24336.9,21,11.44,15.39,4145.5,80.6,9.38,256.7,2.81,5.41,133.0,1.78,51.6,530.0,78.99,18426.36,C0914
V002,Bulk Carrier,55888.9,9485.9,3,13.45,12.55,394.0,335.7,11.51,56.8,3.99,14.43,35.5,0.3,60.5,644.68,43.43,19214.43,C0915
V014,Bulk Carrier,77765.7,18260.9,3,10.96,17.68,1943.5,175.7,23.08,90.8,5.17,10.29,205.9,2.99,59.1,514.88,112.03,21805.87,C0916
V029,Container,90895.7,19837.9,13,12.43,17.52,4635.4,227.0,10.29,56.4,1.87,7.36,34.5,1.2,47.0,649.86,110.71,17455.95,C0917
V047,General Cargo,67443.5,21968.5,22,6.67,15.88,2564.9,264.3,7.55,343.0,1.27,9.45,57.7,1.91,64.6,575.68,79.5,12613.41,C0918
V003,Tanker,51322.1,13452.6,2,9.09,12.13,3344.3,133.6,5.55,145.9,2.4,9.52,30.8,2.66,73.0,773.32,38.57,18158.87,C0919
V001,Container,53009.7,11058.6,16,8.99,10.97,4571.7,259.2,10.94,121.4,5.39,4.26,137.3,1.27,40.3,619.55,40.13,15449.47,C0920
V015,Ro-Ro,75649.5,11505.9,22,13.09,10.64,4381.6,243.4,3.71,5.1,0.26,7.91,303.1,2.32,230.5,690.16,31.35,17153.97,C0921
V020,Bulk Carrier,20257.5,19252.4,6,7.21,15.93,2558.9,254.0,0.65,55.2,4.13,12.14,326.5,2.92,356.5,758.09,81.09,14433.65,C0922
V022,Ro-Ro,69567.1,21335.6,8,7.22,18.25,2244.5,176.1,28.16,151.6,2.97,9.61,25.9,1.08,316.5,795.11,135.42,18429.69,C0923
V034,Tanker,48439.4,8632.3,23,8.63,18.58,1764.5,137.9,4.83,24.7,1.13,6.69,228.4,1.22,16.4,651.15,116.91,18693.25,C0924
V050,Bulk Carrier,83535.8,12418.8,8,6.44,14.64,3623.2,79.9,27.16,183.9,2.06,7.69,246.4,2.72,152.3,636.73,59.53,19264.0,C0925
V033,Container,27439.3,23038.8,25,7.46,17.84,1506.2,296.9,27.91,163.8,1.5,13.49,192.2,0.48,309.4,522.72,116.36,12093.16,C0926
V009,Container,67056.2,21133.9,6,13.72,19.47,1324.4,219.0,18.83,276.2,5.29,9.78,240.1,0.09,48.5,503.82,155.89,15563.34,C0927
V003,Bulk Carrier,58477.8,24697.2,14,9.43,12.75,1845.6,160.0,10.84,237.5,2.99,9.81,84.1,2.73,305.2,682.64,57.24,19070.23,C0928
V002,Tanker,71386.0,20085.0,3,11.06,13.98,968.4,339.8,5.08,160.5,3.47,14.58,176.3,2.46,213.4,519.64,66.2,21776.23,C0929
V004,Container,25188.3,12863.9,10,11.81,19.31,3506.1,17.2,25.79,80.9,3.64,7.53,140.7,2.92,335.3,614.11,143.22,13082.55,C0930
V016,Container,66398.7,16812.8,3,8.94,13.38,3119.6,306.1,21.05,261.7,3.91,9.27,32.3,0.17,315.4,501.08,57.14,15953.28,C0931
V033,Ro-Ro,64918.8,18220.3,12,7.18,19.14,2466.1,359.1,22.94,254.8,3.07,12.93,225.2,0.47,243.7,684.57,146.0,17062.43,C0932
V009,General Cargo,64852.8,6569.1,17,7.65,19.81,2012.6,319.3,0.3,55.2,0.3,12.35,178.3,0.32,236.8,627.62,132.09,13132.46,C0933
V040,Bulk Carrier,68279.0,15889.9,5,8.51,16.62,4554.4,291.8,32.46,329.3,2.14,6.92,99.1,2.05,76.7,538.11,92.05,19907.11,C0934
V038,Container,74117.4,19186.4,20,11.09,18.17,242.7,134.8,2.32,23.2,1.27,5.66,170.5,1.82,42.0,588.91,124.03,18354.71,C0935
V018,Container,84399.1,8346.4,25,9.19,17.5,3868.6,83.3,12.84,19.8,4.14,11.71,279.1,1.08,149.5,670.9,109.61,17357.47,C0936
V016,Container,41585.7,20612.6,9,6.05,17.0,4519.4,264.5,14.09,67.4,0.53,6.83,288.6,0.17,67.2,697.01,99.64,15389.72,C0937
V008,General Cargo,86004.0,16675.5,21,10.19,13.07,2287.1,109.6,0.05,327.4,3.47,14.15,233.8,1.92,36.9,638.7,52.33,13965.75,C0938
V023,Container,59860.5,24044.4,20,13.37,10.57,2798.4,63.4,17.4,187.2,1.42,5.42,168.4,1.71,108.8,741.19,34.37,17241.07,C0939
V036,Bulk Carrier,26164.7,5848.4,7,12.5,13.43,4727.9,283.1,26.35,283.7,5.7,7.5,207.3,0.34,309.8,533.73,58.05,13034.85,C0940
V003,Container,24684.1,10306.5,22,12.6,16.67,1140.2,112.5,28.81,82.0,2.15,4.6,138.6,2.73,6.2,525.36,100.82,11858.32,C0941
V015,Bulk Carrier,46739.1,17031.1,4,12.36,11.03,2648.7,329.2,30.78,176.5,2.09,11.74,45.6,0.6,105.3,513.27,39.39,17633.28,C0942
V038,Tanker,82791.8,10931.2,13,8.59,10.12,2426.1,302.6,17.07,129.0,5.56,13.8,138.8,2.23,152.7,660.75,33.24,21382.14,C0943
V033,Ro-Ro,76614.5,19288.5,13,12.12,11.4,1366.1,305.2,22.07,298.0,2.62,10.99,190.9,2.66,183.8,711.87,51.42,18436.5,C0944
V018,Container,83089.2,20180.1,10,7.15,17.16,4111.1,277.8,2.78,8.1,5.78,14.32,215.6,1.74,65.4,539.16,113.29,18123.58,C0945
V023,Container,61381.5,7050.3,18,11.26,19.73,4508.0,317.1,17.08,87.8,0.34,5.41,336.9,0.74,347.1,691.68,144.33,15306.41,C0946
V043,Container,55215.9,15277.1,17,11.13,19.83,3931.5,290.1,5.42,54.9,1.98,4.97,279.8,0.93,208.4,643.08,153.98,16161.34,C0947
V003,General Cargo,31796.2,15177.8,20,6.2,14.94,1057.3,216.9,12.94,309.3,4.06,13.22,54.7,2.66,188.0,796.2,66.21,11442.33,C0948
V030,Ro-Ro,46255.4,12385.6,20,12.3,18.69,525.1,106.5,11.53,168.3,5.37,13.41,62.7,0.89,3.2,715.24,141.97,16685.72,C0949
V045,Bulk Carrier,54721.5,23658.5,13,13.23,17.37,3066.7,319.8,14.82,145.5,1.69,13.14,36.2,2.24,174.9,697.24,102.76,16833.11,C0950
V017,Tanker,27088.0,21550.1,17,8.14,15.01,379.8,302.6,20.01,161.8,5.6,12.79,265.7,2.97,301.6,671.13,80.33,15954.91,C0951
V050,Tanker,37649.0,18944.2,22,12.5,15.73,3396.8,170.2,31.6,349.9,3.65,7.98,254.2,3.0,79.1,799.21,82.46,16317.65,C0952
V032,Container,67858.0,19286.5,4,6.66,11.37,2699.1,14.1,13.81,306.1,4.85,6.39,355.1,1.6,126.4,794.14,48.22,15921.86,C0953
V046,General Cargo,78853.0,14234.3,1,10.8,19.38,3347.7,229.9,34.34,254.3,2.5,14.22,187.9,2.48,7.4,661.43,135.1,13544.74,C0954
V007,Bulk Carrier,99867.8,23419.9,1,9.89,13.52,2991.8,18.2,26.57,104.6,1.43,7.38,297.5,2.97,351.7,636.56,54.67,24469.6,C0955
V039,Bulk Carrier,94649.1,18891.9,15,10.37,14.46,2171.2,333.5,17.9,59.5,5.49,8.38,207.5,1.12,24.0,638.63,67.29,23600.49,C0956
V014,Bulk Carrier,71405.2,19579.6,13,13.41,16.72,1084.3,346.2,22.54,331.7,5.61,11.7,314.7,0.76,323.4,628.5,101.35,20345.37,C0957
V015,Container,53699.8,22233.8,17,12.97,13.34,1597.9,68.2,3.58,152.3,3.09,7.23,259.6,0.34,112.7,659.42,56.35,15411.25,C0958
V044,Container,70894.2,10481.4,24,12.28,12.54,2670.1,243.5,29.56,100.4,0.24,13.01,231.4,0.42,211.5,582.08,45.97,17050.92,C0959
V012,Tanker,82852.1,21141.4,8,8.19,16.31,3294.2,33.2,20.38,169.5,0.84,4.77,203.4,2.56,244.6,778.04,88.99,22990.17,C0960
V008,Container,29466.9,8904.8,18,13.29,10.25,3919.5,262.6,34.51,330.4,3.52,12.7,260.3,1.77,50.7,647.07,36.7,13018.98,C0961
V016,Tanker,52792.4,11906.8,13,6.78,17.21,3859.1,125.0,22.28,139.3,0.34,10.62,151.1,2.62,159.8,752.6,98.1,18832.66,C0962
V041,Container,87184.2,11712.2,23,12.83,15.14,4866.2,245.2,29.19,202.6,2.5,10.3,34.8,2.37,117.2,642.59,79.92,17339.65,C0963
V034,Bulk Carrier,50706.6,24570.5,14,8.63,16.06,1500.6,134.2,27.99,289.1,1.96,9.04,14.4,2.02,20.4,715.49,83.07,15670.46,C0964
V046,Container,65749.8,22130.7,8,6.43,16.32,448.4,52.4,12.09,153.8,4.34,7.05,172.4,1.83,299.9,601.06,96.68,18065.05,C0965
V024,Bulk Carrier,67021.5,19023.4,8,11.35,15.27,1793.7,146.2,9.09,84.1,0.52,9.1,215.7,0.15,16.3,687.44,69.81,18713.55,C0966
V029,Tanker,34758.1,19541.1,15,7.85,15.83,3742.1,40.6,15.07,358.0,3.03,8.95,28.4,2.62,235.2,649.51,89.37,18344.04,C0967
V016,Container,48978.8,16241.5,13,7.95,16.84,2246.7,207.7,16.35,344.4,3.56,10.42,103.3,1.25,113.1,610.13,95.91,13881.7,C0968
V005,Bulk Carrier,46760.9,23941.8,7,8.45,17.53,4107.2,14.7,8.4,303.7,3.78,7.1,115.9,1.68,69.2,764.47,106.02,16672.52,C0969
V005,Bulk Carrier,22095.7,14925.2,5,6.51,17.27,2791.7,189.8,31.31,247.8,2.55,4.85,202.6,0.07,240.2,533.81,99.58,12906.29,C0970
V030,Tanker,21935.3,12610.4,17,7.42,18.7,4656.0,319.1,18.99,106.2,1.97,5.6,100.3,2.81,206.8,646.08,126.36,14459.69,C0971
V050,General Cargo,86535.8,8260.7,25,6.04,11.89,4744.5,301.6,34.25,328.8,4.16,11.69,34.4,2.71,113.5,558.31,45.34,13731.21,C0972
V050,Tanker,41845.7,20724.1,16,9.56,14.01,439.6,317.8,28.35,99.2,5.12,4.25,59.3,1.63,184.7,758.32,66.98,16359.25,C0973
V005,Container,61446.3,19688.9,23,6.67,19.48,2336.4,331.9,19.45,288.3,4.22,13.42,62.6,1.73,88.6,576.04,151.33,17479.75,C0974
V043,Container,43898.0,12687.1,2,11.46,13.97,3087.5,37.6,33.15,330.6,5.61,11.64,303.4,2.12,310.9,690.03,63.21,13860.06,C0975
V013,Container,95254.3,5503.9,22,7.88,11.25,1353.8,46.3,17.67,217.1,4.36,12.45,102.4,0.79,113.0,549.67,38.16,19950.64,C0976
V035,Bulk Carrier,40743.7,21779.9,18,13.55,15.25,2094.7,200.5,31.05,289.1,4.63,13.2,257.3,0.67,88.3,621.47,79.01,15702.85,C0977
V049,Container,54372.5,5228.4,17,12.97,11.09,3420.6,321.8,12.54,285.0,1.17,5.35,204.4,2.02,270.7,769.81,32.07,15117.43,C0978
V025,Bulk Carrier,89818.4,19074.0,7,8.32,12.03,1211.0,350.8,13.25,69.5,2.63,13.05,351.7,0.31,6.3,549.82,43.34,21491.68,C0979
V050,Bulk Carrier,87354.7,24405.1,13,12.27,19.98,3049.7,16.7,14.63,240.5,3.01,9.55,98.2,1.36,96.5,698.96,148.57,19758.84,C0980
V014,Container,34888.1,13753.2,18,12.43,15.41,3517.5,128.1,19.13,33.6,1.69,13.74,57.0,1.48,135.1,561.35,76.76,14784.82,C0981
V044,Tanker,84211.5,9699.5,14,13.89,12.84,543.4,76.6,19.37,182.8,3.27,13.75,18.7,1.14,317.6,624.72,51.98,24490.58,C0982
V046,Container,56655.0,19097.4,18,10.78,19.95,2537.9,272.1,17.37,58.4,1.89,4.27,86.7,0.56,342.2,662.19,154.58,16410.08,C0983
V026,Container,58637.5,21342.6,13,6.66,19.67,1389.1,230.5,10.71,149.9,4.19,8.21,246.3,1.07,257.9,673.19,156.58,15753.61,C0984
V018,Tanker,30678.4,15928.6,11,11.17,14.41,3649.5,43.2,32.45,299.9,2.93,9.79,30.7,1.01,177.3,680.75,68.0,15175.44,C0985
V020,Bulk Carrier,26448.1,24340.7,21,11.0,12.6,1028.8,174.1,20.6,355.4,2.86,11.46,88.1,1.5,230.6,692.04,45.25,15393.72,C0986
V034,Tanker,78235.1,6033.4,21,11.11,18.38,4472.0,246.8,14.27,114.5,5.91,7.15,307.9,2.02,149.0,581.53,124.43,21568.26,C0987
V007,Bulk Carrier,59716.9,15095.9,16,8.46,17.16,2211.6,280.4,22.79,191.5,2.48,6.77,209.9,2.9,107.6,620.41,101.47,16340.47,C0988
V047,Container,54948.1,19369.1,23,12.88,16.87,1070.2,7.2,26.88,184.1,2.3,8.19,25.0,0.43,342.2,511.2,101.84,14994.32,C0989
V010,Ro-Ro,78360.7,22252.8,17,13.68,18.93,2246.3,320.6,33.63,343.6,2.05,9.51,17.2,2.62,41.5,730.63,148.1,20062.86,C0990
V015,Tanker,81241.0,8585.1,8,7.74,16.89,2102.8,204.9,17.48,172.3,5.39,14.46,22.0,0.85,124.7,751.13,99.1,23207.97,C0991
V017,Tanker,32712.7,21000.1,19,6.71,12.84,2201.7,292.3,3.92,251.7,3.08,12.38,339.1,1.77,323.7,559.77,53.41,17393.77,C0992
V011,Container,68818.0,16054.1,20,7.56,16.94,2969.3,290.9,15.43,331.8,3.68,8.72,306.0,1.64,260.3,560.43,108.82,17865.59,C0993
V034,Bulk Carrier,30828.3,12931.1,15,12.56,13.06,2653.8,68.3,16.76,134.4,1.25,4.6,304.2,1.67,10.5,512.61,47.04,13847.26,C0994
V027,Bulk Carrier,80110.0,7634.3,9,11.41,17.59,833.9,39.7,31.39,324.8,3.34,5.85,332.7,2.17,8.3,791.12,99.6,21976.22,C0995
V021,Container,72556.4,22305.9,20,11.09,16.2,421.3,259.7,13.82,330.3,1.79,9.02,181.9,1.15,185.9,742.16,90.47,17035.93,C0996
V031,General Cargo,96529.2,8145.5,10,9.21,10.77,3674.1,56.3,33.37,335.0,4.44,12.95,89.0,0.96,174.3,608.21,36.17,16414.78,C0997
V050,Container,25516.6,11195.8,12,10.62,15.13,2842.6,306.0,16.98,97.4,5.03,8.19,144.5,2.56,159.5,644.57,78.77,11280.91,C0998
V004,General Cargo,24564.4,10800.9,21,8.46,13.43,1859.1,261.4,34.08,144.1,4.35,9.92,258.8,0.66,108.8,587.59,53.9,11098.0,C0999
V041,Bulk Carrier,42575.0,22428.3,23,9.82,13.29,4061.0,303.1,0.29,313.3,4.44,13.81,315.4,0.54,355.2,679.17,58.63,15318.29,C1000
