date,route,cargo_type,vessel_class,vessel_dwt,distance_nm,baltic_style_index,bunker_fuel_price_usd_ton,port_congestion_days,market_event,charter_rate_usd_per_day,freight_rate_usd_per_tonne
2022-01-03,"Abbot Point, Australia - Ennore",Coal,Supramax,51168,5277.3,1200.0,632.8,2.3,None,1321.0,27.52
2022-01-03,"Abbot Point, Australia - Haldia",Coal,Handysize,39034,5103.7,1000.0,645.2,1.2,None,1027.0,29.1
2022-01-03,"Abbot Point, Australia - Kolkata",Coal,Panamax,65642,5114.5,1500.0,642.8,0.8,None,1621.0,30.08
2022-01-03,"Abbot Point, Australia - Paradip",Coal,Panamax,80347,5127.9,1500.0,675.3,0.6,None,1602.0,28.52
2022-01-03,"Dampier, Australia - Visakhapatnam",Iron Ore,Panamax,86306,3570.3,1500.0,672.1,4.6,None,1599.0,20.4
2022-01-03,"Durban, South Africa - Ennore",Coal,Handysize,37914,4543.3,1000.0,657.9,2.0,None,923.0,24.76
2022-01-03,"Durban, South Africa - Paradip",Coal,Supramax,57283,5193.0,1200.0,661.3,1.6,None,1167.0,29.84
2022-01-03,"Nacala, Mozambique - Ennore",Coking Coal,Panamax,73090,3410.6,1500.0,661.3,2.1,None,1530.0,19.14
2022-01-03,"Newcastle, Australia - Ennore",Thermal Coal,Handysize,35440,5823.9,1000.0,644.5,2.5,None,1002.0,31.46
2022-01-03,"Newcastle, Australia - Gangavaram",Thermal Coal,Supramax,48055,5850.9,1200.0,647.9,2.9,None,1260.0,31.93
2022-01-03,"Newcastle, Australia - Haldia",Thermal Coal,Supramax,60697,5795.2,1200.0,663.4,1.4,None,1161.0,31.53
2022-01-03,"Newcastle, Australia - Visakhapatnam",Thermal Coal,Panamax,74070,5849.9,1500.0,646.6,2.3,None,1548.0,35.94
2022-01-03,"Norfolk, USA - Gangavaram",Coking Coal,Handysize,37959,8662.0,1000.0,652.3,2.7,None,1060.0,51.43
2022-01-03,"Norfolk, USA - Haldia",Coking Coal,Panamax,83713,8458.2,1500.0,636.2,2.4,None,1454.0,46.0
2022-01-03,"Norfolk, USA - Paradip",Coking Coal,Supramax,54977,8548.6,1200.0,659.3,3.1,None,1149.0,44.88
2022-01-03,"Ponta da Madeira, Brazil - Kolkata",Iron Ore,Panamax,83139,9207.4,1500.0,642.5,0.0,None,1657.0,52.87
2022-01-03,"Richards Bay, South Africa - Paradip",Coking Coal,Handysize,33378,5101.3,1000.0,659.5,3.0,None,1002.0,28.58
2022-01-03,"Samarinda, Indonesia - Ennore",Thermal Coal,Handysize,29249,2762.6,1000.0,660.6,2.6,None,945.0,14.51
2022-01-03,"Samarinda, Indonesia - Paradip",Thermal Coal,Handysize,38268,2577.8,1000.0,654.0,1.5,None,972.0,15.05
2022-01-03,"Samarinda, Indonesia - Visakhapatnam",Thermal Coal,Panamax,67399,2685.9,1500.0,668.8,1.4,None,1608.0,15.21
2022-01-03,"Taboneo, Indonesia - Haldia",Thermal Coal,Supramax,59455,2575.7,1200.0,657.4,3.1,None,1259.0,13.64
2022-01-03,"Tubarao, Brazil - Gangavaram",Iron Ore,Panamax,84881,8973.4,1500.0,641.6,2.2,None,1780.0,53.52
2022-01-03,"Tubarao, Brazil - Paradip",Iron Ore,Panamax,83477,9234.1,1500.0,651.4,2.7,None,1501.0,48.07
2022-01-03,"Vale do Rio Doce, Brazil - Haldia",Iron Ore,Capesize,171406,9494.8,1800.0,653.6,4.8,None,1880.0,49.71
2022-01-10,"Durban, South Africa - Gangavaram",Coal,Panamax,85893,4895.8,1466.1,648.0,0.0,None,1284.0,26.65
2022-01-10,"Gladstone, Australia - Ennore",Coal,Panamax,74110,5565.0,1466.1,650.5,3.1,None,1444.0,29.8
2022-01-10,"Gladstone, Australia - Visakhapatnam",Coal,Supramax,48138,5537.2,1180.0,663.3,2.9,None,1081.0,29.58
2022-01-10,"Hay Point, Australia - Haldia",Coking Coal,Handysize,29203,5223.9,1035.2,635.4,2.2,None,984.0,32.02
2022-01-10,"Hay Point, Australia - Kolkata",Coking Coal,Supramax,54969,5235.2,1180.0,638.1,1.9,None,1209.0,28.2
2022-01-10,"Ponta da Madeira, Brazil - Visakhapatnam",Iron Ore,Capesize,175705,8964.6,2014.9,676.6,2.5,None,1985.0,46.61
2022-01-10,"Saldanha Bay, South Africa - Gangavaram",Iron Ore,Panamax,69952,5685.5,1466.1,641.5,0.7,None,1477.0,30.26
2022-01-10,"Samarinda, Indonesia - Gangavaram",Thermal Coal,Panamax,81516,2689.0,1466.1,673.1,2.2,None,1445.0,14.26
2022-01-10,"Samarinda, Indonesia - Haldia",Thermal Coal,Handysize,32966,2560.1,1035.2,645.1,1.2,None,913.0,14.43
2022-01-10,"Taboneo, Indonesia - Haldia",Thermal Coal,Handysize,33244,2575.7,1035.2,661.3,3.1,None,1034.0,15.55
2022-01-10,"Tubarao, Brazil - Gangavaram",Iron Ore,Capesize,163776,8973.4,2014.9,642.4,3.7,None,1839.0,50.47
2022-01-10,"Vale do Rio Doce, Brazil - Ennore",Iron Ore,Capesize,185551,8858.1,2014.9,644.8,1.8,None,2160.0,46.11
2022-01-17,"Abbot Point, Australia - Gangavaram",Coal,Supramax,61887,5235.8,1143.7,626.7,2.9,None,1049.0,25.72
2022-01-17,"Dampier, Australia - Haldia",Iron Ore,Panamax,84837,3608.6,1457.6,639.5,2.0,None,1693.0,19.36
2022-01-17,"Gladstone, Australia - Gangavaram",Coal,Handysize,36279,5539.5,1075.6,641.6,0.6,None,985.0,30.54
2022-01-17,"Gladstone, Australia - Visakhapatnam",Coal,Supramax,54793,5537.2,1143.7,624.5,3.5,None,1303.0,30.39
2022-01-17,"Nacala, Mozambique - Haldia",Coking Coal,Panamax,71273,4191.3,1457.6,640.6,2.9,None,1444.0,22.06
2022-01-17,"Nacala, Mozambique - Paradip",Coking Coal,Panamax,70802,4041.9,1457.6,642.9,0.0,None,1448.0,21.99
2022-01-17,"Newcastle, Australia - Ennore",Thermal Coal,Supramax,58114,5823.9,1143.7,636.5,3.3,None,1214.0,28.75
2022-01-17,"Norfolk, USA - Gangavaram",Coking Coal,Panamax,74221,8662.0,1457.6,647.4,2.1,None,1572.0,46.34
2022-01-17,"Norfolk, USA - Paradip",Coking Coal,Handysize,32413,8548.6,1075.6,638.2,1.3,None,1060.0,48.46
2022-01-17,"Ponta da Madeira, Brazil - Haldia",Iron Ore,Panamax,71790,9206.8,1457.6,635.7,2.0,None,1412.0,45.01
2022-01-17,"Ponta da Madeira, Brazil - Kolkata",Iron Ore,Panamax,70108,9207.4,1457.6,653.1,1.9,None,1513.0,47.93
2022-01-17,"Ponta da Madeira, Brazil - Paradip",Iron Ore,Panamax,81517,9142.2,1457.6,672.7,1.0,None,1520.0,52.16
2022-01-17,"Richards Bay, South Africa - Haldia",Coking Coal,Supramax,51499,5255.1,1143.7,638.9,0.9,None,1074.0,26.24
2022-01-17,"Saldanha Bay, South Africa - Kolkata",Iron Ore,Capesize,170328,6171.5,1964.5,674.2,1.0,None,2038.0,34.01
2022-01-17,"Samarinda, Indonesia - Gangavaram",Thermal Coal,Handysize,36208,2689.0,1075.6,653.5,2.1,None,1061.0,15.56
2022-01-17,"Samarinda, Indonesia - Visakhapatnam",Thermal Coal,Handysize,31009,2685.9,1075.6,664.2,1.0,None,980.0,14.8
2022-01-17,"Taboneo, Indonesia - Kolkata",Thermal Coal,Panamax,85207,2594.2,1457.6,643.2,1.7,None,1503.0,13.18
2022-01-17,"Taboneo, Indonesia - Visakhapatnam",Thermal Coal,Panamax,73273,2652.9,1457.6,655.6,1.4,None,1545.0,12.74
2022-01-17,"Vancouver, Canada - Haldia",Coking Coal,Supramax,53523,7337.7,1143.7,666.6,0.9,None,1066.0,37.54
2022-01-17,"Vancouver, Canada - Kolkata",Coking Coal,Supramax,50390,7293.3,1143.7,644.4,2.2,None,1280.0,39.71
2022-01-24,"Abbot Point, Australia - Gangavaram",Coal,Handysize,31385,5235.8,1036.5,618.9,1.4,None,927.0,28.18
2022-01-24,"Dampier, Australia - Visakhapatnam",Iron Ore,Panamax,69292,3570.3,1362.5,636.0,3.5,None,1413.0,16.94
2022-01-24,"Durban, South Africa - Paradip",Coal,Handysize,37001,5193.0,1036.5,612.4,2.6,None,1003.0,25.83
2022-01-24,"Nacala, Mozambique - Haldia",Coking Coal,Handysize,31585,4191.3,1036.5,608.0,3.9,None,1184.0,22.46
2022-01-24,"Newcastle, Australia - Ennore",Thermal Coal,Handysize,35030,5823.9,1036.5,657.7,2.7,None,1067.0,32.27
2022-01-24,"Norfolk, USA - Haldia",Coking Coal,Supramax,50377,8458.2,1185.5,614.7,3.2,None,1256.0,47.41
2022-01-24,"Ponta da Madeira, Brazil - Paradip",Iron Ore,Panamax,81355,9142.2,1362.5,659.0,1.7,None,1290.0,48.58
2022-01-24,"Richards Bay, South Africa - Paradip",Coking Coal,Supramax,59226,5101.3,1185.5,629.6,0.8,None,1283.0,26.7
2022-01-24,"Saldanha Bay, South Africa - Ennore",Iron Ore,Panamax,87709,5338.7,1362.5,637.4,3.0,None,1307.0,29.53
2022-01-24,"Taboneo, Indonesia - Haldia",Thermal Coal,Supramax,60152,2575.7,1185.5,636.2,1.9,None,1190.0,13.16
2022-01-24,"Tubarao, Brazil - Visakhapatnam",Iron Ore,Panamax,88912,8981.5,1362.5,651.6,0.4,None,1261.0,48.4
2022-01-24,"Vale do Rio Doce, Brazil - Ennore",Iron Ore,Panamax,81586,8858.1,1362.5,617.5,0.0,None,1361.0,46.33
2022-01-24,"Vale do Rio Doce, Brazil - Gangavaram",Iron Ore,Capesize,180181,9121.7,1975.5,636.6,1.4,None,1886.0,50.98
2022-01-24,"Vancouver, Canada - Paradip",Coking Coal,Panamax,84287,7484.8,1362.5,660.2,0.0,None,1399.0,36.01
2022-01-31,"Abbot Point, Australia - Ennore",Coal,Handysize,32391,5277.3,1061.1,617.9,3.7,None,1122.0,29.72
2022-01-31,"Abbot Point, Australia - Haldia",Coal,Handysize,33426,5103.7,1061.1,630.4,1.9,None,965.0,27.68
2022-01-31,"Durban, South Africa - Ennore",Coal,Handysize,39057,4543.3,1061.1,642.7,1.1,None,1048.0,26.25
2022-01-31,"Durban, South Africa - Paradip",Coal,Panamax,67300,5193.0,1344.1,634.5,4.7,None,1302.0,27.07
2022-01-31,"Durban, South Africa - Visakhapatnam",Coal,Handysize,33200,4905.5,1061.1,642.2,0.4,None,1045.0,28.58
2022-01-31,"Gladstone, Australia - Ennore",Coal,Panamax,77177,5565.0,1344.1,622.9,0.8,None,1416.0,28.16
2022-01-31,"Gladstone, Australia - Gangavaram",Coal,Supramax,49102,5539.5,998.7,621.7,2.8,None,1011.0,28.17
2022-01-31,"Gladstone, Australia - Kolkata",Coal,Supramax,55695,5435.4,998.7,640.2,3.8,None,975.0,26.39
2022-01-31,"Nacala, Mozambique - Ennore",Coking Coal,Supramax,55098,3410.6,998.7,613.4,1.2,None,1033.0,15.18
2022-01-31,"Ponta da Madeira, Brazil - Ennore",Iron Ore,Capesize,190185,8806.3,2031.1,628.9,0.0,None,1899.0,40.45
2022-01-31,"Richards Bay, South Africa - Kolkata",Coking Coal,Handysize,30694,5292.9,1061.1,627.7,0.8,None,1105.0,29.83
2022-01-31,"Tubarao, Brazil - Haldia",Iron Ore,Panamax,80160,9350.8,1344.1,646.8,1.7,None,1251.0,44.1
2022-01-31,"Vancouver, Canada - Gangavaram",Coking Coal,Panamax,89689,7739.2,1344.1,628.3,2.8,None,1325.0,36.56
2022-02-07,"Abbot Point, Australia - Paradip",Coal,Handysize,31923,5127.9,990.9,650.3,1.6,None,854.0,26.6
2022-02-07,"Durban, South Africa - Ennore",Coal,Supramax,59004,4543.3,964.2,646.3,2.3,None,981.0,22.2
2022-02-07,"Gladstone, Australia - Paradip",Coal,Panamax,75847,5442.2,1408.2,641.1,0.8,None,1487.0,28.01
2022-02-07,"Norfolk, USA - Ennore",Coking Coal,Panamax,65987,8874.7,1408.2,638.8,2.9,None,1393.0,52.48
2022-02-07,"Ponta da Madeira, Brazil - Visakhapatnam",Iron Ore,Capesize,163476,8964.6,1941.5,659.1,2.1,None,1973.0,42.91
2022-02-07,"Richards Bay, South Africa - Paradip",Coking Coal,Panamax,89143,5101.3,1408.2,638.8,1.9,None,1410.0,26.53
2022-02-07,"Tubarao, Brazil - Ennore",Iron Ore,Panamax,88593,8706.6,1408.2,662.1,2.8,None,1148.0,47.29
2022-02-07,"Vale do Rio Doce, Brazil - Visakhapatnam",Iron Ore,Panamax,80480,9129.7,1408.2,645.3,2.6,None,1417.0,45.25
2022-02-07,"Vancouver, Canada - Paradip",Coking Coal,Panamax,87909,7484.8,1408.2,673.8,3.1,None,1427.0,40.9
2022-02-07,"Vancouver, Canada - Visakhapatnam",Coking Coal,Panamax,71239,7730.4,1408.2,643.9,0.0,None,1314.0,42.09
2022-02-14,"Dampier, Australia - Ennore",Iron Ore,Capesize,192785,3491.8,1949.5,651.8,0.0,None,1801.0,19.02
2022-02-14,"Nacala, Mozambique - Haldia",Coking Coal,Handysize,28038,4191.3,1074.9,636.8,4.7,None,992.0,20.31
2022-02-14,"Nacala, Mozambique - Visakhapatnam",Coking Coal,Supramax,60253,3755.5,880.4,608.1,1.9,None,912.0,15.76
2022-02-14,"Newcastle, Australia - Kolkata",Thermal Coal,Supramax,60587,5812.9,880.4,613.0,1.4,None,917.0,27.12
2022-02-14,"Norfolk, USA - Ennore",Coking Coal,Supramax,56859,8874.7,880.4,634.3,0.0,None,785.0,38.95
2022-02-14,"Norfolk, USA - Visakhapatnam",Coking Coal,Panamax,82588,8657.5,1390.0,637.6,0.7,None,1264.0,48.56
2022-02-14,"Saldanha Bay, South Africa - Gangavaram",Iron Ore,Capesize,166873,5685.5,1949.5,636.1,0.8,None,1911.0,29.8
2022-02-14,"Saldanha Bay, South Africa - Haldia",Iron Ore,Panamax,83152,6135.1,1390.0,616.7,1.9,None,1394.0,28.95
2022-02-14,"Saldanha Bay, South Africa - Kolkata",Iron Ore,Capesize,203547,6171.5,1949.5,637.3,1.1,None,1897.0,32.9
2022-02-14,"Samarinda, Indonesia - Ennore",Thermal Coal,Supramax,60374,2762.6,880.4,614.3,2.3,None,1022.0,11.56
2022-02-14,"Samarinda, Indonesia - Visakhapatnam",Thermal Coal,Handysize,37414,2685.9,1074.9,612.6,2.6,None,1097.0,14.29
2022-02-14,"Taboneo, Indonesia - Ennore",Thermal Coal,Handysize,36579,2689.7,1074.9,642.3,1.7,None,1165.0,15.43
2022-02-14,"Taboneo, Indonesia - Gangavaram",Thermal Coal,Supramax,55801,2655.0,880.4,650.2,2.7,None,947.0,11.88
2022-02-14,"Taboneo, Indonesia - Kolkata",Thermal Coal,Supramax,49001,2594.2,880.4,630.7,4.0,None,955.0,11.59
2022-02-21,"Dampier, Australia - Kolkata",Iron Ore,Panamax,89431,3635.9,1442.0,626.2,1.6,None,1450.0,18.47
2022-02-21,"Dampier, Australia - Visakhapatnam",Iron Ore,Panamax,85280,3570.3,1442.0,616.0,3.4,None,1234.0,16.96
2022-02-21,"Durban, South Africa - Visakhapatnam",Coal,Panamax,67395,4905.5,1442.0,618.9,2.2,None,1479.0,24.63
2022-02-21,"Nacala, Mozambique - Paradip",Coking Coal,Handysize,34259,4041.9,1064.1,616.8,4.7,None,1033.0,20.78
2022-02-21,"Newcastle, Australia - Ennore",Thermal Coal,Supramax,61808,5823.9,916.6,623.3,0.9,None,1040.0,27.72
2022-02-21,"Newcastle, Australia - Haldia",Thermal Coal,Handysize,34111,5795.2,1064.1,636.1,3.1,None,1116.0,33.12
2022-02-21,"Ponta da Madeira, Brazil - Ennore",Iron Ore,Panamax,87314,8806.3,1442.0,636.8,0.6,None,1550.0,47.78
2022-02-21,"Ponta da Madeira, Brazil - Kolkata",Iron Ore,Panamax,89337,9207.4,1442.0,612.8,2.2,None,1348.0,54.19
2022-02-21,"Richards Bay, South Africa - Paradip",Coking Coal,Supramax,49559,5101.3,916.6,628.2,3.3,None,916.0,23.58
2022-02-21,"Tubarao, Brazil - Haldia",Iron Ore,Capesize,197524,9350.8,1956.9,624.1,0.8,None,2009.0,51.7
2022-02-21,"Vale do Rio Doce, Brazil - Ennore",Iron Ore,Capesize,173482,8858.1,1956.9,635.0,0.0,None,2077.0,45.34
2022-02-21,"Vancouver, Canada - Paradip",Coking Coal,Panamax,69550,7484.8,1442.0,644.5,0.0,None,1303.0,37.38
2022-02-21,"Vancouver, Canada - Visakhapatnam",Coking Coal,Supramax,49216,7730.4,916.6,640.2,1.5,None,725.0,37.5
2022-02-28,"Dampier, Australia - Paradip",Iron Ore,Panamax,84327,3570.5,1398.2,652.0,5.3,Russia-Ukraine war disruption,1540.0,18.59
2022-02-28,"Durban, South Africa - Gangavaram",Coal,Handysize,28899,4895.8,1062.3,647.9,2.9,Russia-Ukraine war disruption,1189.0,28.34
2022-02-28,"Hay Point, Australia - Kolkata",Coking Coal,Panamax,75081,5235.2,1398.2,661.6,6.4,Russia-Ukraine war disruption,1810.0,31.9
2022-02-28,"Nacala, Mozambique - Ennore",Coking Coal,Handysize,30565,3410.6,1062.3,654.0,7.2,Russia-Ukraine war disruption,1204.0,20.2
2022-02-28,"Newcastle, Australia - Visakhapatnam",Thermal Coal,Handysize,28178,5849.9,1062.3,670.6,6.1,Russia-Ukraine war disruption,1373.0,37.27
2022-02-28,"Norfolk, USA - Ennore",Coking Coal,Supramax,48555,8874.7,879.6,688.1,6.5,Russia-Ukraine war disruption,1147.0,50.0
2022-02-28,"Ponta da Madeira, Brazil - Kolkata",Iron Ore,Panamax,82431,9207.4,1398.2,651.3,6.7,Russia-Ukraine war disruption,1887.0,52.63
2022-02-28,"Richards Bay, South Africa - Haldia",Coking Coal,Supramax,54206,5255.1,879.6,668.5,4.8,Russia-Ukraine war disruption,1117.0,26.96
2022-02-28,"Richards Bay, South Africa - Visakhapatnam",Coking Coal,Handysize,35907,4813.7,1062.3,638.6,4.3,Russia-Ukraine war disruption,1474.0,32.63
2022-02-28,"Samarinda, Indonesia - Gangavaram",Thermal Coal,Handysize,37011,2689.0,1062.3,633.7,4.3,Russia-Ukraine war disruption,1247.0,17.22
2022-02-28,"Samarinda, Indonesia - Haldia",Thermal Coal,Supramax,48054,2560.1,879.6,661.0,3.9,Russia-Ukraine war disruption,1124.0,13.65
2022-02-28,"Tubarao, Brazil - Paradip",Iron Ore,Capesize,202967,9234.1,1753.7,643.9,4.5,Russia-Ukraine war disruption,2153.0,53.41
2022-02-28,"Vale do Rio Doce, Brazil - Paradip",Iron Ore,Panamax,70962,9380.1,1398.2,664.2,4.4,Russia-Ukraine war disruption,1743.0,53.34
2022-02-28,"Vancouver, Canada - Visakhapatnam",Coking Coal,Panamax,69230,7730.4,1398.2,650.8,5.0,Russia-Ukraine war disruption,1666.0,42.65
2022-03-07,"Dampier, Australia - Paradip",Iron Ore,Capesize,190174,3570.5,1889.2,653.7,5.9,Russia-Ukraine war disruption,2523.0,19.11
2022-03-07,"Gladstone, Australia - Gangavaram",Coal,Supramax,50790,5539.5,817.1,650.3,4.1,Russia-Ukraine war disruption,923.0,25.93
2022-03-07,"Gladstone, Australia - Haldia",Coal,Supramax,58640,5423.2,817.1,652.0,2.6,Russia-Ukraine war disruption,1014.0,27.62
2022-03-07,"Newcastle, Australia - Visakhapatnam",Thermal Coal,Panamax,70027,5849.9,1353.9,640.3,5.7,Russia-Ukraine war disruption,1624.0,31.99
2022-03-07,"Norfolk, USA - Gangavaram",Coking Coal,Handysize,38574,8662.0,1130.8,658.1,4.6,Russia-Ukraine war disruption,1547.0,52.82
2022-03-07,"Norfolk, USA - Visakhapatnam",Coking Coal,Panamax,72473,8657.5,1353.9,674.9,5.2,Russia-Ukraine war disruption,1751.0,54.35
2022-03-07,"Richards Bay, South Africa - Ennore",Coking Coal,Handysize,33765,4452.0,1130.8,667.2,6.1,Russia-Ukraine war disruption,1440.0,31.69
2022-03-07,"Samarinda, Indonesia - Paradip",Thermal Coal,Handysize,33542,2577.8,1130.8,648.9,4.3,Russia-Ukraine war disruption,1440.0,15.91
2022-03-07,"Taboneo, Indonesia - Kolkata",Thermal Coal,Panamax,75127,2594.2,1353.9,665.0,2.3,Russia-Ukraine war disruption,1592.0,15.74
2022-03-07,"Taboneo, Indonesia - Paradip",Thermal Coal,Panamax,65932,2575.5,1353.9,646.2,3.4,Russia-Ukraine war disruption,1614.0,14.6
2022-03-07,"Tubarao, Brazil - Kolkata",Iron Ore,Capesize,167575,9369.5,1889.2,641.3,5.0,Russia-Ukraine war disruption,2044.0,46.63
2022-03-07,"Tubarao, Brazil - Paradip",Iron Ore,Panamax,66963,9234.1,1353.9,658.3,4.5,Russia-Ukraine war disruption,1710.0,56.06
2022-03-07,"Vale do Rio Doce, Brazil - Paradip",Iron Ore,Panamax,70798,9380.1,1353.9,657.9,5.2,Russia-Ukraine war disruption,1744.0,56.95
2022-03-07,"Vancouver, Canada - Haldia",Coking Coal,Panamax,78114,7337.7,1353.9,663.1,1.6,Russia-Ukraine war disruption,1600.0,42.08
2022-03-14,"Abbot Point, Australia - Haldia",Coal,Handysize,31140,5103.7,1123.5,662.8,3.0,Russia-Ukraine war disruption,1284.0,32.95
2022-03-14,"Dampier, Australia - Gangavaram",Iron Ore,Panamax,70831,3569.6,1367.8,628.7,7.1,Russia-Ukraine war disruption,1632.0,20.39
2022-03-14,"Durban, South Africa - Paradip",Coal,Handysize,29762,5193.0,1123.5,652.8,5.3,Russia-Ukraine war disruption,1457.0,35.8
2022-03-14,"Gladstone, Australia - Ennore",Coal,Supramax,52704,5565.0,809.8,662.5,5.5,Russia-Ukraine war disruption,921.0,27.36
2022-03-14,"Gladstone, Australia - Gangavaram",Coal,Supramax,56272,5539.5,809.8,653.5,4.5,Russia-Ukraine war disruption,962.0,27.8
2022-03-14,"Gladstone, Australia - Haldia",Coal,Supramax,60173,5423.2,809.8,661.1,3.8,Russia-Ukraine war disruption,988.0,28.11
2022-03-14,"Hay Point, Australia - Kolkata",Coking Coal,Handysize,29859,5235.2,1123.5,641.9,0.8,Russia-Ukraine war disruption,1461.0,32.45
2022-03-14,"Nacala, Mozambique - Kolkata",Coking Coal,Panamax,86205,4225.9,1367.8,651.0,4.1,Russia-Ukraine war disruption,1625.0,23.74
2022-03-14,"Samarinda, Indonesia - Gangavaram",Thermal Coal,Panamax,74996,2689.0,1367.8,649.8,2.9,Russia-Ukraine war disruption,1649.0,16.22
2022-03-14,"Taboneo, Indonesia - Gangavaram",Thermal Coal,Handysize,36012,2655.0,1123.5,658.3,6.0,Russia-Ukraine war disruption,1382.0,17.96
2022-03-14,"Vale do Rio Doce, Brazil - Visakhapatnam",Iron Ore,Capesize,178990,9129.7,1970.6,646.1,3.6,Russia-Ukraine war disruption,2284.0,53.84
2022-03-14,"Vancouver, Canada - Gangavaram",Coking Coal,Panamax,69723,7739.2,1367.8,644.9,5.6,Russia-Ukraine war disruption,1781.0,44.21
2022-03-21,"Dampier, Australia - Haldia",Iron Ore,Capesize,173040,3608.6,1902.4,649.4,4.7,Russia-Ukraine war disruption,2341.0,21.56
2022-03-21,"Dampier, Australia - Kolkata",Iron Ore,Panamax,76823,3635.9,1360.3,672.4,5.1,Russia-Ukraine war disruption,1494.0,22.1
2022-03-21,"Durban, South Africa - Ennore",Coal,Panamax,78049,4543.3,1360.3,646.3,4.7,Russia-Ukraine war disruption,1876.0,25.08
2022-03-21,"Durban, South Africa - Paradip",Coal,Handysize,32673,5193.0,1157.3,663.5,3.1,Russia-Ukraine war disruption,1570.0,33.14
2022-03-21,"Gladstone, Australia - Kolkata",Coal,Panamax,74511,5435.4,1360.3,679.3,1.9,Russia-Ukraine war disruption,1593.0,32.6
2022-03-21,"Hay Point, Australia - Paradip",Coking Coal,Panamax,71066,5246.5,1360.3,661.5,4.4,Russia-Ukraine war disruption,1690.0,31.16
2022-03-21,"Nacala, Mozambique - Ennore",Coking Coal,Supramax,58571,3410.6,724.8,674.5,5.3,Russia-Ukraine war disruption,872.0,16.52
2022-03-21,"Newcastle, Australia - Kolkata",Thermal Coal,Panamax,85752,5812.9,1360.3,653.6,4.7,Russia-Ukraine war disruption,1639.0,35.53
2022-03-21,"Norfolk, USA - Gangavaram",Coking Coal,Panamax,80035,8662.0,1360.3,685.7,5.0,Russia-Ukraine war disruption,1625.0,51.23
2022-03-21,"Norfolk, USA - Haldia",Coking Coal,Panamax,81088,8458.2,1360.3,648.9,5.1,Russia-Ukraine war disruption,1630.0,46.6
2022-03-21,"Norfolk, USA - Kolkata",Coking Coal,Supramax,51117,8420.2,724.8,652.3,4.2,Russia-Ukraine war disruption,950.0,43.71
2022-03-21,"Norfolk, USA - Paradip",Coking Coal,Panamax,69046,8548.6,1360.3,649.8,4.2,Russia-Ukraine war disruption,1612.0,49.45
2022-03-21,"Ponta da Madeira, Brazil - Gangavaram",Iron Ore,Panamax,75946,8959.2,1360.3,646.8,5.8,Russia-Ukraine war disruption,1827.0,58.01
2022-03-21,"Richards Bay, South Africa - Paradip",Coking Coal,Supramax,61731,5101.3,724.8,664.6,2.1,Russia-Ukraine war disruption,906.0,26.15
2022-03-21,"Saldanha Bay, South Africa - Visakhapatnam",Iron Ore,Panamax,78558,5695.2,1360.3,658.5,2.8,Russia-Ukraine war disruption,1697.0,31.81
2022-03-21,"Samarinda, Indonesia - Gangavaram",Thermal Coal,Supramax,57253,2689.0,724.8,669.7,3.0,Russia-Ukraine war disruption,858.0,12.44
2022-03-21,"Tubarao, Brazil - Haldia",Iron Ore,Capesize,181212,9350.8,1902.4,666.5,3.9,Russia-Ukraine war disruption,2383.0,54.28
2022-03-21,"Vale do Rio Doce, Brazil - Paradip",Iron Ore,Capesize,206649,9380.1,1902.4,671.4,2.6,Russia-Ukraine war disruption,2001.0,53.63
2022-03-21,"Vale do Rio Doce, Brazil - Visakhapatnam",Iron Ore,Panamax,78671,9129.7,1360.3,659.0,6.5,Russia-Ukraine war disruption,1567.0,56.09
2022-03-21,"Vancouver, Canada - Haldia",Coking Coal,Supramax,48547,7337.7,724.8,681.5,5.6,Russia-Ukraine war disruption,879.0,36.77
2022-03-21,"Vancouver, Canada - Kolkata",Coking Coal,Handysize,36065,7293.3,1157.3,640.9,6.5,Russia-Ukraine war disruption,1332.0,47.26
2022-03-28,"Dampier, Australia - Gangavaram",Iron Ore,Capesize,176689,3569.6,1890.7,657.1,3.8,Russia-Ukraine war disruption,1883.0,21.22
2022-03-28,"Durban, South Africa - Gangavaram",Coal,Handysize,34788,4895.8,1099.4,620.4,3.3,Russia-Ukraine war disruption,1279.0,27.84
2022-03-28,"Gladstone, Australia - Gangavaram",Coal,Supramax,52841,5539.5,744.1,648.0,4.3,Russia-Ukraine war disruption,975.0,25.07
2022-03-28,"Hay Point, Australia - Ennore",Coking Coal,Handysize,39289,5386.7,1099.4,648.7,5.3,Russia-Ukraine war disruption,1312.0,33.97
2022-03-28,"Newcastle, Australia - Gangavaram",Thermal Coal,Panamax,71608,5850.9,1423.8,648.8,5.2,Russia-Ukraine war disruption,1701.0,36.43
2022-03-28,"Norfolk, USA - Ennore",Coking Coal,Supramax,50382,8874.7,744.1,651.4,3.4,Russia-Ukraine war disruption,875.0,43.76
2022-03-28,"Ponta da Madeira, Brazil - Ennore",Iron Ore,Panamax,70363,8806.3,1423.8,659.5,3.5,Russia-Ukraine war disruption,1829.0,52.95
2022-03-28,"Richards Bay, South Africa - Ennore",Coking Coal,Panamax,66691,4452.0,1423.8,650.5,4.1,Russia-Ukraine war disruption,1911.0,25.77
2022-03-28,"Vale do Rio Doce, Brazil - Kolkata",Iron Ore,Capesize,159929,9512.7,1890.7,644.1,5.4,Russia-Ukraine war disruption,2177.0,49.95
2022-04-04,"Abbot Point, Australia - Gangavaram",Coal,Supramax,60266,5235.8,716.0,668.0,3.2,Russia-Ukraine war disruption,776.0,23.83
2022-04-04,"Abbot Point, Australia - Paradip",Coal,Handysize,37097,5127.9,1069.6,666.7,5.6,Russia-Ukraine war disruption,1339.0,31.48
2022-04-04,"Dampier, Australia - Gangavaram",Iron Ore,Panamax,77196,3569.6,1448.1,652.2,5.3,Russia-Ukraine war disruption,1770.0,21.01
2022-04-04,"Durban, South Africa - Ennore",Coal,Supramax,55438,4543.3,716.0,660.3,3.1,Russia-Ukraine war disruption,846.0,23.38
2022-04-04,"Nacala, Mozambique - Kolkata",Coking Coal,Panamax,68846,4225.9,1448.1,642.7,6.0,Russia-Ukraine war disruption,1847.0,27.0
2022-04-04,"Newcastle, Australia - Ennore",Thermal Coal,Supramax,56276,5823.9,716.0,631.3,4.2,Russia-Ukraine war disruption,893.0,27.15
2022-04-04,"Newcastle, Australia - Visakhapatnam",Thermal Coal,Panamax,82611,5849.9,1448.1,659.4,6.5,Russia-Ukraine war disruption,1626.0,34.53
2022-04-04,"Ponta da Madeira, Brazil - Haldia",Iron Ore,Capesize,180121,9206.8,1960.7,629.3,3.4,Russia-Ukraine war disruption,2483.0,51.89
2022-04-04,"Richards Bay, South Africa - Paradip",Coking Coal,Supramax,60537,5101.3,716.0,668.8,2.8,Russia-Ukraine war disruption,739.0,25.69
2022-04-04,"Saldanha Bay, South Africa - Gangavaram",Iron Ore,Capesize,177508,5685.5,1960.7,641.0,3.8,Russia-Ukraine war disruption,2178.0,32.84
2022-04-04,"Samarinda, Indonesia - Gangavaram",Thermal Coal,Handysize,32473,2689.0,1069.6,645.3,4.3,Russia-Ukraine war disruption,1390.0,17.27
2022-04-04,"Tubarao, Brazil - Kolkata",Iron Ore,Capesize,192267,9369.5,1960.7,640.3,2.6,Russia-Ukraine war disruption,2494.0,58.07
2022-04-04,"Tubarao, Brazil - Paradip",Iron Ore,Capesize,168344,9234.1,1960.7,653.3,2.3,Russia-Ukraine war disruption,2480.0,52.03
2022-04-04,"Tubarao, Brazil - Visakhapatnam",Iron Ore,Capesize,170038,8981.5,1960.7,652.8,5.0,Russia-Ukraine war disruption,2462.0,53.35
2022-04-04,"Vale do Rio Doce, Brazil - Haldia",Iron Ore,Panamax,81617,9494.8,1448.1,648.9,4.1,Russia-Ukraine war disruption,1746.0,59.99
2022-04-04,"Vale do Rio Doce, Brazil - Paradip",Iron Ore,Panamax,66594,9380.1,1448.1,665.4,5.7,Russia-Ukraine war disruption,1773.0,55.89
2022-04-04,"Vancouver, Canada - Haldia",Coking Coal,Supramax,54293,7337.7,716.0,651.6,3.8,Russia-Ukraine war disruption,806.0,34.58
2022-04-04,"Vancouver, Canada - Paradip",Coking Coal,Supramax,60214,7484.8,716.0,661.6,6.7,Russia-Ukraine war disruption,938.0,33.12
2022-04-11,"Abbot Point, Australia - Gangavaram",Coal,Panamax,69138,5235.8,1612.3,661.2,5.9,Russia-Ukraine war disruption,2096.0,35.94
2022-04-11,"Abbot Point, Australia - Visakhapatnam",Coal,Handysize,29927,5233.1,995.4,649.9,6.1,Russia-Ukraine war disruption,1116.0,28.37
2022-04-11,"Dampier, Australia - Ennore",Iron Ore,Capesize,163295,3491.8,1936.5,688.9,3.7,Russia-Ukraine war disruption,2137.0,21.86
2022-04-11,"Hay Point, Australia - Gangavaram",Coking Coal,Handysize,31888,5350.8,995.4,695.7,4.1,Russia-Ukraine war disruption,1255.0,31.63
2022-04-11,"Nacala, Mozambique - Paradip",Coking Coal,Handysize,35319,4041.9,995.4,654.2,5.7,Russia-Ukraine war disruption,1216.0,24.21
2022-04-11,"Norfolk, USA - Kolkata",Coking Coal,Panamax,81358,8420.2,1612.3,674.2,5.6,Russia-Ukraine war disruption,2150.0,56.91
2022-04-11,"Ponta da Madeira, Brazil - Haldia",Iron Ore,Capesize,180929,9206.8,1936.5,672.7,6.0,Russia-Ukraine war disruption,2305.0,58.84
2022-04-11,"Ponta da Madeira, Brazil - Paradip",Iron Ore,Capesize,182864,9142.2,1936.5,683.0,5.6,Russia-Ukraine war disruption,2325.0,56.24
2022-04-11,"Saldanha Bay, South Africa - Gangavaram",Iron Ore,Panamax,77081,5685.5,1612.3,660.1,7.6,Russia-Ukraine war disruption,1993.0,41.98
2022-04-11,"Samarinda, Indonesia - Kolkata",Thermal Coal,Handysize,29275,2573.8,995.4,676.6,3.8,Russia-Ukraine war disruption,1131.0,16.25
2022-04-11,"Taboneo, Indonesia - Ennore",Thermal Coal,Handysize,33294,2689.7,995.4,673.8,4.5,Russia-Ukraine war disruption,1277.0,15.06
2022-04-11,"Taboneo, Indonesia - Visakhapatnam",Thermal Coal,Handysize,35968,2652.9,995.4,671.8,1.4,Russia-Ukraine war disruption,1157.0,15.79
2022-04-11,"Tubarao, Brazil - Kolkata",Iron Ore,Panamax,78050,9369.5,1612.3,670.0,5.1,Russia-Ukraine war disruption,1864.0,62.61
2022-04-11,"Vancouver, Canada - Paradip",Coking Coal,Panamax,75583,7484.8,1612.3,685.6,3.8,Russia-Ukraine war disruption,2067.0,46.39
2022-04-18,"Abbot Point, Australia - Ennore",Coal,Handysize,37391,5277.3,988.6,680.6,6.4,Russia-Ukraine war disruption,1072.0,30.99
2022-04-18,"Dampier, Australia - Kolkata",Iron Ore,Capesize,198678,3635.9,1915.2,687.7,4.6,Russia-Ukraine war disruption,2562.0,22.7
2022-04-18,"Durban, South Africa - Visakhapatnam",Coal,Handysize,31400,4905.5,988.6,698.1,5.7,Russia-Ukraine war disruption,1242.0,28.73
2022-04-18,"Gladstone, Australia - Paradip",Coal,Panamax,76428,5442.2,1595.2,677.3,4.2,Russia-Ukraine war disruption,1934.0,33.25
2022-04-18,"Nacala, Mozambique - Visakhapatnam",Coking Coal,Panamax,71998,3755.5,1595.2,677.5,4.0,Russia-Ukraine war disruption,2234.0,24.63
2022-04-18,"Newcastle, Australia - Haldia",Thermal Coal,Handysize,37509,5795.2,988.6,732.5,3.0,Russia-Ukraine war disruption,1267.0,39.39
2022-04-18,"Newcastle, Australia - Visakhapatnam",Thermal Coal,Supramax,59074,5849.9,680.6,694.0,1.8,Russia-Ukraine war disruption,803.0,26.21
2022-04-18,"Norfolk, USA - Kolkata",Coking Coal,Supramax,49308,8420.2,680.6,713.9,4.4,Russia-Ukraine war disruption,820.0,39.45
2022-04-18,"Ponta da Madeira, Brazil - Ennore",Iron Ore,Panamax,71427,8806.3,1595.2,691.2,2.5,Russia-Ukraine war disruption,1728.0,54.82
2022-04-18,"Richards Bay, South Africa - Gangavaram",Coking Coal,Supramax,56571,4804.0,680.6,675.6,4.4,Russia-Ukraine war disruption,845.0,21.22
2022-04-18,"Saldanha Bay, South Africa - Haldia",Iron Ore,Panamax,83096,6135.1,1595.2,711.8,3.0,Russia-Ukraine war disruption,1826.0,35.25
2022-04-18,"Saldanha Bay, South Africa - Paradip",Iron Ore,Panamax,76873,5982.9,1595.2,723.6,2.2,Russia-Ukraine war disruption,2089.0,41.9
2022-04-18,"Saldanha Bay, South Africa - Visakhapatnam",Iron Ore,Panamax,80711,5695.2,1595.2,690.0,6.4,Russia-Ukraine war disruption,2079.0,37.27
2022-04-18,"Samarinda, Indonesia - Ennore",Thermal Coal,Panamax,82069,2762.6,1595.2,698.5,3.5,Russia-Ukraine war disruption,1934.0,19.24
2022-04-18,"Samarinda, Indonesia - Gangavaram",Thermal Coal,Panamax,66295,2689.0,1595.2,718.5,5.0,Russia-Ukraine war disruption,2075.0,17.46
2022-04-18,"Samarinda, Indonesia - Kolkata",Thermal Coal,Supramax,56062,2573.8,680.6,670.6,3.8,Russia-Ukraine war disruption,815.0,12.14
2022-04-18,"Taboneo, Indonesia - Ennore",Thermal Coal,Handysize,39399,2689.7,988.6,684.6,5.2,Russia-Ukraine war disruption,1323.0,16.4
2022-04-18,"Taboneo, Indonesia - Kolkata",Thermal Coal,Handysize,37501,2594.2,988.6,694.5,5.6,Russia-Ukraine war disruption,1304.0,16.52
2022-04-25,"Abbot Point, Australia - Ennore",Coal,Panamax,81531,5277.3,1577.9,685.6,5.1,Russia-Ukraine war disruption,2038.0,33.08
2022-04-25,"Abbot Point, Australia - Paradip",Coal,Supramax,61936,5127.9,766.0,682.8,4.7,Russia-Ukraine war disruption,1052.0,28.14
2022-04-25,"Dampier, Australia - Ennore",Iron Ore,Capesize,152508,3491.8,1749.4,674.4,5.8,Russia-Ukraine war disruption,1967.0,19.98
2022-04-25,"Durban, South Africa - Kolkata",Coal,Handysize,28392,5384.9,1050.2,684.2,5.1,Russia-Ukraine war disruption,1299.0,33.28
2022-04-25,"Gladstone, Australia - Gangavaram",Coal,Supramax,52564,5539.5,766.0,680.0,6.0,Russia-Ukraine war disruption,922.0,28.08
2022-04-25,"Hay Point, Australia - Paradip",Coking Coal,Panamax,65299,5246.5,1577.9,678.2,3.2,Russia-Ukraine war disruption,1890.0,32.94
2022-04-25,"Norfolk, USA - Haldia",Coking Coal,Panamax,88191,8458.2,1577.9,676.1,2.3,Russia-Ukraine war disruption,1891.0,52.56
2022-04-25,"Norfolk, USA - Paradip",Coking Coal,Supramax,51418,8548.6,766.0,680.2,3.4,Russia-Ukraine war disruption,882.0,41.25
2022-04-25,"Ponta da Madeira, Brazil - Visakhapatnam",Iron Ore,Capesize,175960,8964.6,1749.4,675.8,2.5,Russia-Ukraine war disruption,2131.0,52.21
2022-04-25,"Samarinda, Indonesia - Kolkata",Thermal Coal,Supramax,49280,2573.8,766.0,652.3,8.0,Russia-Ukraine war disruption,1008.0,13.03
2022-04-25,"Samarinda, Indonesia - Paradip",Thermal Coal,Handysize,30733,2577.8,1050.2,671.8,3.2,Russia-Ukraine war disruption,1213.0,16.85
2022-04-25,"Taboneo, Indonesia - Ennore",Thermal Coal,Panamax,82515,2689.7,1577.9,661.4,6.1,Russia-Ukraine war disruption,1759.0,19.1
2022-04-25,"Vale do Rio Doce, Brazil - Kolkata",Iron Ore,Capesize,171403,9512.7,1749.4,676.6,3.9,Russia-Ukraine war disruption,2010.0,53.31
2022-05-02,"Abbot Point, Australia - Kolkata",Coal,Supramax,52083,5114.5,777.4,686.4,4.9,Russia-Ukraine war disruption,1000.0,28.38
2022-05-02,"Abbot Point, Australia - Paradip",Coal,Supramax,51173,5127.9,777.4,665.0,3.3,Russia-Ukraine war disruption,1016.0,26.05
2022-05-02,"Dampier, Australia - Haldia",Iron Ore,Panamax,85354,3608.6,1487.9,678.0,5.0,Russia-Ukraine war disruption,1535.0,22.54
2022-05-02,"Durban, South Africa - Gangavaram",Coal,Panamax,70397,4895.8,1487.9,691.2,3.1,Russia-Ukraine war disruption,1931.0,32.9
2022-05-02,"Durban, South Africa - Haldia",Coal,Handysize,39588,5347.0,1065.5,693.6,2.4,Russia-Ukraine war disruption,1269.0,32.5
2022-05-02,"Durban, South Africa - Paradip",Coal,Supramax,54332,5193.0,777.4,674.7,6.1,Russia-Ukraine war disruption,926.0,24.43
2022-05-02,"Gladstone, Australia - Ennore",Coal,Panamax,80859,5565.0,1487.9,699.2,4.5,Russia-Ukraine war disruption,1850.0,35.59
2022-05-02,"Hay Point, Australia - Ennore",Coking Coal,Supramax,60757,5386.7,777.4,703.8,3.9,Russia-Ukraine war disruption,1031.0,27.42
2022-05-02,"Nacala, Mozambique - Kolkata",Coking Coal,Supramax,61205,4225.9,777.4,664.7,3.4,Russia-Ukraine war disruption,1041.0,21.37
2022-05-02,"Nacala, Mozambique - Paradip",Coking Coal,Panamax,69170,4041.9,1487.9,689.5,4.8,Russia-Ukraine war disruption,1671.0,25.04
2022-05-02,"Newcastle, Australia - Kolkata",Thermal Coal,Supramax,49354,5812.9,777.4,685.3,3.6,Russia-Ukraine war disruption,898.0,29.85
2022-05-02,"Norfolk, USA - Ennore",Coking Coal,Panamax,71796,8874.7,1487.9,668.8,5.7,Russia-Ukraine war disruption,2187.0,54.94
2022-05-02,"Norfolk, USA - Kolkata",Coking Coal,Supramax,50676,8420.2,777.4,686.9,4.0,Russia-Ukraine war disruption,899.0,40.17
2022-05-02,"Norfolk, USA - Visakhapatnam",Coking Coal,Panamax,89813,8657.5,1487.9,695.2,3.3,Russia-Ukraine war disruption,1831.0,52.68
2022-05-02,"Ponta da Madeira, Brazil - Gangavaram",Iron Ore,Panamax,85204,8959.2,1487.9,671.5,6.6,Russia-Ukraine war disruption,1700.0,58.47
2022-05-02,"Ponta da Madeira, Brazil - Haldia",Iron Ore,Capesize,198319,9206.8,1829.5,698.5,2.7,Russia-Ukraine war disruption,2414.0,51.8
2022-05-02,"Samarinda, Indonesia - Haldia",Thermal Coal,Supramax,60710,2560.1,777.4,691.2,4.2,Russia-Ukraine war disruption,937.0,13.33
2022-05-02,"Taboneo, Indonesia - Kolkata",Thermal Coal,Supramax,50681,2594.2,777.4,672.3,5.7,Russia-Ukraine war disruption,937.0,12.66
2022-05-02,"Tubarao, Brazil - Paradip",Iron Ore,Capesize,193576,9234.1,1829.5,692.5,4.6,Russia-Ukraine war disruption,1969.0,54.9
2022-05-09,"Abbot Point, Australia - Kolkata",Coal,Handysize,30920,5114.5,1116.6,706.6,5.2,Russia-Ukraine war disruption,1473.0,34.32
2022-05-09,"Abbot Point, Australia - Visakhapatnam",Coal,Panamax,86989,5233.1,1496.3,697.2,5.3,Russia-Ukraine war disruption,1947.0,32.78
2022-05-09,"Dampier, Australia - Paradip",Iron Ore,Capesize,189534,3570.5,1855.5,717.7,5.4,Russia-Ukraine war disruption,2355.0,23.12
2022-05-09,"Dampier, Australia - Visakhapatnam",Iron Ore,Capesize,171618,3570.3,1855.5,720.0,4.3,Russia-Ukraine war disruption,2405.0,20.76
2022-05-09,"Durban, South Africa - Kolkata",Coal,Supramax,53928,5384.9,832.8,720.4,4.8,Russia-Ukraine war disruption,1110.0,29.78
2022-05-09,"Gladstone, Australia - Haldia",Coal,Panamax,88652,5423.2,1496.3,714.4,5.1,Russia-Ukraine war disruption,1829.0,32.87
2022-05-09,"Hay Point, Australia - Haldia",Coking Coal,Panamax,80799,5223.9,1496.3,704.4,4.9,Russia-Ukraine war disruption,1804.0,31.64
2022-05-09,"Nacala, Mozambique - Gangavaram",Coking Coal,Handysize,34141,3745.9,1116.6,720.8,1.3,Russia-Ukraine war disruption,1474.0,23.54
2022-05-09,"Newcastle, Australia - Haldia",Thermal Coal,Supramax,56719,5795.2,832.8,720.5,3.6,Russia-Ukraine war disruption,1057.0,31.96
2022-05-09,"Newcastle, Australia - Kolkata",Thermal Coal,Handysize,28305,5812.9,1116.6,714.5,3.9,Russia-Ukraine war disruption,1216.0,39.05
2022-05-09,"Newcastle, Australia - Visakhapatnam",Thermal Coal,Handysize,39349,5849.9,1116.6,688.0,5.6,Russia-Ukraine war disruption,1353.0,40.85
2022-05-09,"Ponta da Madeira, Brazil - Kolkata",Iron Ore,Capesize,204663,9207.4,1855.5,712.1,3.4,Russia-Ukraine war disruption,2234.0,50.14
2022-05-09,"Saldanha Bay, South Africa - Kolkata",Iron Ore,Capesize,157560,6171.5,1855.5,711.6,4.4,Russia-Ukraine war disruption,1957.0,36.17
2022-05-09,"Saldanha Bay, South Africa - Paradip",Iron Ore,Panamax,84385,5982.9,1496.3,706.3,5.5,Russia-Ukraine war disruption,1688.0,40.07
2022-05-09,"Taboneo, Indonesia - Gangavaram",Thermal Coal,Handysize,34825,2655.0,1116.6,722.8,6.3,Russia-Ukraine war disruption,1342.0,17.11
2022-05-09,"Taboneo, Indonesia - Haldia",Thermal Coal,Handysize,38845,2575.7,1116.6,738.1,5.6,Russia-Ukraine war disruption,1282.0,16.18
2022-05-09,"Taboneo, Indonesia - Paradip",Thermal Coal,Handysize,37263,2575.5,1116.6,705.3,4.1,Russia-Ukraine war disruption,1377.0,16.95
2022-05-09,"Taboneo, Indonesia - Visakhapatnam",Thermal Coal,Supramax,48152,2652.9,832.8,700.5,3.7,Russia-Ukraine war disruption,1050.0,12.35
2022-05-09,"Vale do Rio Doce, Brazil - Ennore",Iron Ore,Capesize,206344,8858.1,1855.5,715.7,3.1,Russia-Ukraine war disruption,2191.0,52.03
2022-05-09,"Vancouver, Canada - Ennore",Coking Coal,Supramax,59377,8088.7,832.8,718.2,3.7,Russia-Ukraine war disruption,992.0,43.5
2022-05-09,"Vancouver, Canada - Gangavaram",Coking Coal,Panamax,85485,7739.2,1496.3,720.6,4.4,Russia-Ukraine war disruption,1857.0,53.01
2022-05-09,"Vancouver, Canada - Kolkata",Coking Coal,Handysize,33618,7293.3,1116.6,715.4,5.0,Russia-Ukraine war disruption,1496.0,48.15
2022-05-16,"Abbot Point, Australia - Visakhapatnam",Coal,Supramax,49997,5233.1,883.4,715.6,3.9,Russia-Ukraine war disruption,1074.0,28.16
2022-05-16,"Durban, South Africa - Gangavaram",Coal,Handysize,32459,4895.8,1061.2,685.4,3.9,Russia-Ukraine war disruption,1401.0,30.97
2022-05-16,"Hay Point, Australia - Kolkata",Coking Coal,Supramax,52707,5235.2,883.4,717.1,3.4,Russia-Ukraine war disruption,1002.0,28.46
2022-05-16,"Newcastle, Australia - Paradip",Thermal Coal,Panamax,84634,5793.4,1563.9,721.8,4.6,Russia-Ukraine war disruption,1949.0,36.54
2022-05-16,"Ponta da Madeira, Brazil - Kolkata",Iron Ore,Capesize,191953,9207.4,1898.7,701.6,5.9,Russia-Ukraine war disruption,2530.0,52.53
2022-05-16,"Ponta da Madeira, Brazil - Visakhapatnam",Iron Ore,Panamax,84792,8964.6,1563.9,708.0,3.5,Russia-Ukraine war disruption,1873.0,54.03
2022-05-16,"Richards Bay, South Africa - Gangavaram",Coking Coal,Supramax,61094,4804.0,883.4,715.0,3.4,Russia-Ukraine war disruption,1194.0,24.46
2022-05-16,"Richards Bay, South Africa - Paradip",Coking Coal,Panamax,87288,5101.3,1563.9,704.6,3.7,Russia-Ukraine war disruption,1936.0,35.34
2022-05-16,"Samarinda, Indonesia - Gangavaram",Thermal Coal,Panamax,83997,2689.0,1563.9,678.0,2.8,Russia-Ukraine war disruption,1746.0,17.7
2022-05-16,"Taboneo, Indonesia - Ennore",Thermal Coal,Panamax,89022,2689.7,1563.9,670.1,5.5,Russia-Ukraine war disruption,1835.0,16.76
2022-05-16,"Taboneo, Indonesia - Gangavaram",Thermal Coal,Panamax,71879,2655.0,1563.9,694.1,4.5,Russia-Ukraine war disruption,1827.0,18.86
2022-05-16,"Tubarao, Brazil - Ennore",Iron Ore,Panamax,79083,8706.6,1563.9,699.6,5.6,Russia-Ukraine war disruption,1884.0,52.0
2022-05-16,"Vale do Rio Doce, Brazil - Ennore",Iron Ore,Capesize,166302,8858.1,1898.7,712.6,4.7,Russia-Ukraine war disruption,2215.0,56.23
2022-05-16,"Vale do Rio Doce, Brazil - Kolkata",Iron Ore,Capesize,198720,9512.7,1898.7,709.7,3.6,Russia-Ukraine war disruption,2318.0,55.63
2022-05-16,"Vancouver, Canada - Paradip",Coking Coal,Panamax,89716,7484.8,1563.9,710.4,5.0,Russia-Ukraine war disruption,2102.0,50.46
2022-05-16,"Vancouver, Canada - Visakhapatnam",Coking Coal,Panamax,71501,7730.4,1563.9,713.6,4.7,Russia-Ukraine war disruption,1804.0,53.0
2022-05-23,"Durban, South Africa - Paradip",Coal,Handysize,33587,5193.0,1015.3,729.9,2.4,Russia-Ukraine war disruption,1289.0,36.54
2022-05-23,"Gladstone, Australia - Gangavaram",Coal,Supramax,49882,5539.5,842.5,721.0,5.3,Russia-Ukraine war disruption,1053.0,31.89
2022-05-23,"Hay Point, Australia - Ennore",Coking Coal,Panamax,78868,5386.7,1501.3,721.6,5.6,Russia-Ukraine war disruption,1831.0,32.59
2022-05-23,"Nacala, Mozambique - Ennore",Coking Coal,Handysize,37254,3410.6,1015.3,698.8,3.9,Russia-Ukraine war disruption,1276.0,19.74
2022-05-23,"Norfolk, USA - Gangavaram",Coking Coal,Panamax,89435,8662.0,1501.3,681.9,4.5,Russia-Ukraine war disruption,1661.0,50.24
2022-05-23,"Norfolk, USA - Kolkata",Coking Coal,Supramax,51809,8420.2,842.5,698.5,4.8,Russia-Ukraine war disruption,1115.0,44.65
2022-05-23,"Ponta da Madeira, Brazil - Ennore",Iron Ore,Capesize,194948,8806.3,1724.6,730.2,7.0,Russia-Ukraine war disruption,2151.0,54.76
2022-05-23,"Ponta da Madeira, Brazil - Haldia",Iron Ore,Panamax,66665,9206.8,1501.3,695.6,5.3,Russia-Ukraine war disruption,1788.0,58.46
2022-05-23,"Saldanha Bay, South Africa - Kolkata",Iron Ore,Panamax,82590,6171.5,1501.3,701.8,5.0,Russia-Ukraine war disruption,2064.0,38.71
2022-05-23,"Saldanha Bay, South Africa - Visakhapatnam",Iron Ore,Panamax,73311,5695.2,1501.3,695.0,3.2,Russia-Ukraine war disruption,1943.0,37.39
2022-05-23,"Samarinda, Indonesia - Kolkata",Thermal Coal,Handysize,34330,2573.8,1015.3,704.4,6.3,Russia-Ukraine war disruption,1173.0,15.95
2022-05-23,"Samarinda, Indonesia - Visakhapatnam",Thermal Coal,Supramax,59325,2685.9,842.5,734.7,4.1,Russia-Ukraine war disruption,1021.0,12.74
2022-05-23,"Taboneo, Indonesia - Visakhapatnam",Thermal Coal,Panamax,89120,2652.9,1501.3,717.1,3.5,Russia-Ukraine war disruption,1747.0,17.59
2022-05-23,"Tubarao, Brazil - Gangavaram",Iron Ore,Capesize,152391,8973.4,1724.6,704.2,4.3,Russia-Ukraine war disruption,2200.0,52.15
2022-05-23,"Vale do Rio Doce, Brazil - Ennore",Iron Ore,Capesize,196495,8858.1,1724.6,712.3,5.2,Russia-Ukraine war disruption,2011.0,48.45
2022-05-23,"Vancouver, Canada - Gangavaram",Coking Coal,Handysize,30446,7739.2,1015.3,686.6,4.1,Russia-Ukraine war disruption,1300.0,45.05
2022-05-30,"Durban, South Africa - Haldia",Coal,Supramax,51929,5347.0,899.1,720.7,5.4,Russia-Ukraine war disruption,1145.0,28.66
2022-05-30,"Durban, South Africa - Paradip",Coal,Panamax,79066,5193.0,1502.8,716.5,4.7,Russia-Ukraine war disruption,1889.0,33.07
2022-05-30,"Hay Point, Australia - Kolkata",Coking Coal,Panamax,69358,5235.2,1502.8,738.0,4.1,Russia-Ukraine war disruption,1793.0,37.39
2022-05-30,"Hay Point, Australia - Visakhapatnam",Coking Coal,Handysize,39061,5348.2,993.7,697.0,4.2,Russia-Ukraine war disruption,1259.0,30.63
2022-05-30,"Nacala, Mozambique - Visakhapatnam",Coking Coal,Panamax,75393,3755.5,1502.8,740.0,5.0,Russia-Ukraine war disruption,1888.0,22.53
2022-05-30,"Richards Bay, South Africa - Gangavaram",Coking Coal,Panamax,68806,4804.0,1502.8,703.1,3.4,Russia-Ukraine war disruption,1876.0,29.49
2022-05-30,"Saldanha Bay, South Africa - Haldia",Iron Ore,Capesize,184706,6135.1,1936.9,736.2,4.4,Russia-Ukraine war disruption,2301.0,38.76
2022-05-30,"Samarinda, Indonesia - Gangavaram",Thermal Coal,Panamax,84366,2689.0,1502.8,712.8,4.5,Russia-Ukraine war disruption,1872.0,17.24
2022-05-30,"Samarinda, Indonesia - Haldia",Thermal Coal,Panamax,84596,2560.1,1502.8,738.0,7.0,Russia-Ukraine war disruption,1604.0,18.54
2022-05-30,"Tubarao, Brazil - Paradip",Iron Ore,Panamax,73947,9234.1,1502.8,725.2,3.4,Russia-Ukraine war disruption,1809.0,60.36
2022-05-30,"Vancouver, Canada - Gangavaram",Coking Coal,Supramax,57159,7739.2,899.1,757.3,3.0,Russia-Ukraine war disruption,1178.0,41.25
2022-05-30,"Vancouver, Canada - Paradip",Coking Coal,Supramax,55541,7484.8,899.1,745.3,4.0,Russia-Ukraine war disruption,1131.0,41.18
2022-06-06,"Abbot Point, Australia - Ennore",Coal,Panamax,65228,5277.3,1573.4,702.0,1.1,None,1605.0,29.73
2022-06-06,"Dampier, Australia - Kolkata",Iron Ore,Panamax,67437,3635.9,1573.4,735.2,1.3,None,1548.0,20.83
2022-06-06,"Durban, South Africa - Visakhapatnam",Coal,Panamax,89344,4905.5,1573.4,703.6,2.4,None,1577.0,27.38
2022-06-06,"Gladstone, Australia - Kolkata",Coal,Supramax,53790,5435.4,938.6,724.5,3.2,None,797.0,27.57
2022-06-06,"Gladstone, Australia - Visakhapatnam",Coal,Supramax,55566,5537.2,938.6,729.9,2.0,None,808.0,27.76
2022-06-06,"Nacala, Mozambique - Gangavaram",Coking Coal,Supramax,51730,3745.9,938.6,686.0,2.2,None,968.0,18.68
2022-06-06,"Nacala, Mozambique - Haldia",Coking Coal,Handysize,33012,4191.3,1029.9,726.3,1.2,None,849.0,24.78
2022-06-06,"Newcastle, Australia - Kolkata",Thermal Coal,Handysize,34623,5812.9,1029.9,728.6,0.3,None,1037.0,32.12
2022-06-06,"Norfolk, USA - Ennore",Coking Coal,Supramax,48435,8874.7,938.6,717.7,2.6,None,933.0,44.57
2022-06-06,"Ponta da Madeira, Brazil - Visakhapatnam",Iron Ore,Capesize,152203,8964.6,1963.3,717.2,3.1,None,1901.0,45.33
2022-06-06,"Richards Bay, South Africa - Kolkata",Coking Coal,Panamax,88808,5292.9,1573.4,718.4,2.2,None,1568.0,35.69
2022-06-06,"Saldanha Bay, South Africa - Gangavaram",Iron Ore,Panamax,84799,5685.5,1573.4,719.4,0.0,None,1600.0,34.57
2022-06-06,"Saldanha Bay, South Africa - Paradip",Iron Ore,Capesize,198080,5982.9,1963.3,721.4,1.8,None,1718.0,33.33
2022-06-06,"Samarinda, Indonesia - Haldia",Thermal Coal,Handysize,39258,2560.1,1029.9,695.3,2.9,None,957.0,13.73
2022-06-06,"Taboneo, Indonesia - Ennore",Thermal Coal,Handysize,33853,2689.7,1029.9,677.0,1.6,None,969.0,16.53
2022-06-06,"Taboneo, Indonesia - Gangavaram",Thermal Coal,Handysize,34888,2655.0,1029.9,747.3,4.0,None,1076.0,15.18
2022-06-06,"Tubarao, Brazil - Gangavaram",Iron Ore,Capesize,175698,8973.4,1963.3,731.4,2.8,None,1717.0,51.41
2022-06-06,"Tubarao, Brazil - Visakhapatnam",Iron Ore,Capesize,162852,8981.5,1963.3,698.0,3.2,None,1973.0,48.63
2022-06-06,"Vale do Rio Doce, Brazil - Kolkata",Iron Ore,Capesize,205759,9512.7,1963.3,712.5,1.5,None,2069.0,52.6
2022-06-13,"Abbot Point, Australia - Visakhapatnam",Coal,Panamax,75814,5233.1,1565.8,715.1,0.0,None,1745.0,30.31
2022-06-13,"Durban, South Africa - Visakhapatnam",Coal,Handysize,32084,4905.5,1053.1,737.7,1.3,None,874.0,28.71
2022-06-13,"Gladstone, Australia - Ennore",Coal,Handysize,34779,5565.0,1053.1,731.2,3.1,None,1095.0,31.93
2022-06-13,"Nacala, Mozambique - Gangavaram",Coking Coal,Handysize,34131,3745.9,1053.1,718.9,2.6,None,1026.0,22.28
2022-06-13,"Nacala, Mozambique - Haldia",Coking Coal,Supramax,60790,4191.3,974.4,744.6,2.8,None,958.0,23.07
2022-06-13,"Nacala, Mozambique - Kolkata",Coking Coal,Panamax,85717,4225.9,1565.8,723.6,2.0,None,1335.0,26.56
2022-06-13,"Nacala, Mozambique - Paradip",Coking Coal,Handysize,35787,4041.9,1053.1,750.4,1.9,None,986.0,24.14
2022-06-13,"Newcastle, Australia - Visakhapatnam",Thermal Coal,Handysize,39791,5849.9,1053.1,734.5,2.6,None,1059.0,32.96
2022-06-13,"Ponta da Madeira, Brazil - Ennore",Iron Ore,Capesize,185991,8806.3,1924.0,713.0,4.0,None,2079.0,47.51
2022-06-13,"Ponta da Madeira, Brazil - Paradip",Iron Ore,Capesize,196275,9142.2,1924.0,733.4,1.6,None,2152.0,49.93
2022-06-13,"Richards Bay, South Africa - Ennore",Coking Coal,Supramax,61025,4452.0,974.4,728.5,4.5,None,928.0,23.98
2022-06-13,"Richards Bay, South Africa - Haldia",Coking Coal,Handysize,34201,5255.1,1053.1,700.9,0.0,None,1044.0,31.81
2022-06-13,"Richards Bay, South Africa - Paradip",Coking Coal,Panamax,83857,5101.3,1565.8,728.5,0.0,None,1429.0,27.1
2022-06-13,"Saldanha Bay, South Africa - Ennore",Iron Ore,Capesize,194608,5338.7,1924.0,711.5,3.3,None,1912.0,30.8
2022-06-13,"Saldanha Bay, South Africa - Gangavaram",Iron Ore,Capesize,197025,5685.5,1924.0,726.4,0.7,None,2033.0,31.39
2022-06-13,"Saldanha Bay, South Africa - Haldia",Iron Ore,Capesize,165773,6135.1,1924.0,713.1,2.6,None,1998.0,33.81
2022-06-13,"Saldanha Bay, South Africa - Paradip",Iron Ore,Capesize,176555,5982.9,1924.0,701.4,3.9,None,2083.0,31.67
2022-06-13,"Taboneo, Indonesia - Visakhapatnam",Thermal Coal,Panamax,75954,2652.9,1565.8,698.4,2.3,None,1584.0,15.54
2022-06-13,"Tubarao, Brazil - Ennore",Iron Ore,Panamax,84319,8706.6,1565.8,732.7,2.2,None,1584.0,46.12
2022-06-13,"Vale do Rio Doce, Brazil - Ennore",Iron Ore,Capesize,187471,8858.1,1924.0,712.3,3.8,None,1982.0,49.45
2022-06-13,"Vale do Rio Doce, Brazil - Visakhapatnam",Iron Ore,Panamax,66987,9129.7,1565.8,715.5,1.0,None,1555.0,54.82
2022-06-13,"Vancouver, Canada - Gangavaram",Coking Coal,Handysize,36657,7739.2,1053.1,726.6,3.8,None,1041.0,44.16
2022-06-20,"Abbot Point, Australia - Ennore",Coal,Supramax,53094,5277.3,959.2,740.9,2.6,Indian monsoon season port slowdown,1045.0,29.18
2022-06-20,"Newcastle, Australia - Ennore",Thermal Coal,Panamax,75785,5823.9,1523.1,717.1,4.3,Indian monsoon season port slowdown,1779.0,36.74
2022-06-20,"Newcastle, Australia - Gangavaram",Thermal Coal,Handysize,30022,5850.9,1055.2,701.3,6.5,Indian monsoon season port slowdown,1103.0,32.22
2022-06-20,"Norfolk, USA - Haldia",Coking Coal,Supramax,58710,8458.2,959.2,728.3,2.9,Indian monsoon season port slowdown,1091.0,46.11
2022-06-20,"Norfolk, USA - Kolkata",Coking Coal,Panamax,69237,8420.2,1523.1,727.1,6.2,Indian monsoon season port slowdown,1804.0,53.5
2022-06-20,"Samarinda, Indonesia - Gangavaram",Thermal Coal,Handysize,37672,2689.0,1055.2,708.0,3.8,Indian monsoon season port slowdown,1112.0,15.53
2022-06-20,"Samarinda, Indonesia - Paradip",Thermal Coal,Handysize,34678,2577.8,1055.2,718.9,6.4,Indian monsoon season port slowdown,1103.0,16.71
2022-06-20,"Tubarao, Brazil - Haldia",Iron Ore,Capesize,201525,9350.8,2175.7,694.8,3.9,Indian monsoon season port slowdown,2014.0,58.59
2022-06-20,"Vale do Rio Doce, Brazil - Gangavaram",Iron Ore,Panamax,68887,9121.7,1523.1,686.9,4.3,Indian monsoon season port slowdown,1747.0,55.58
2022-06-20,"Vancouver, Canada - Haldia",Coking Coal,Panamax,80725,7337.7,1523.1,703.5,2.7,Indian monsoon season port slowdown,1659.0,46.71
2022-06-27,"Dampier, Australia - Paradip",Iron Ore,Panamax,67016,3570.5,1616.0,681.2,3.8,Indian monsoon season port slowdown,1554.0,21.67
2022-06-27,"Dampier, Australia - Visakhapatnam",Iron Ore,Capesize,176266,3570.3,2171.0,666.3,6.2,Indian monsoon season port slowdown,2383.0,20.91
2022-06-27,"Durban, South Africa - Haldia",Coal,Panamax,78108,5347.0,1616.0,704.7,5.8,Indian monsoon season port slowdown,1842.0,34.78
2022-06-27,"Gladstone, Australia - Kolkata",Coal,Supramax,56469,5435.4,942.6,697.4,4.5,Indian monsoon season port slowdown,1038.0,26.64
2022-06-27,"Gladstone, Australia - Paradip",Coal,Panamax,74646,5442.2,1616.0,712.6,5.9,Indian monsoon season port slowdown,1755.0,33.91
2022-06-27,"Hay Point, Australia - Ennore",Coking Coal,Handysize,37451,5386.7,1092.3,687.5,3.7,Indian monsoon season port slowdown,1348.0,33.06
2022-06-27,"Newcastle, Australia - Ennore",Thermal Coal,Panamax,71621,5823.9,1616.0,703.7,7.6,Indian monsoon season port slowdown,1580.0,39.71
2022-06-27,"Newcastle, Australia - Kolkata",Thermal Coal,Handysize,32182,5812.9,1092.3,722.3,5.2,Indian monsoon season port slowdown,1171.0,40.18
2022-06-27,"Ponta da Madeira, Brazil - Haldia",Iron Ore,Capesize,154430,9206.8,2171.0,685.1,3.9,Indian monsoon season port slowdown,2384.0,53.43
2022-06-27,"Richards Bay, South Africa - Paradip",Coking Coal,Handysize,28729,5101.3,1092.3,699.9,6.1,Indian monsoon season port slowdown,1271.0,31.93
2022-06-27,"Samarinda, Indonesia - Gangavaram",Thermal Coal,Panamax,81726,2689.0,1616.0,693.8,3.0,Indian monsoon season port slowdown,1570.0,16.64
2022-06-27,"Samarinda, Indonesia - Paradip",Thermal Coal,Panamax,77970,2577.8,1616.0,669.6,2.2,Indian monsoon season port slowdown,1768.0,15.33
2022-06-27,"Taboneo, Indonesia - Visakhapatnam",Thermal Coal,Handysize,36305,2652.9,1092.3,691.0,4.2,Indian monsoon season port slowdown,1264.0,16.4
2022-06-27,"Tubarao, Brazil - Ennore",Iron Ore,Capesize,191788,8706.6,2171.0,676.8,3.8,Indian monsoon season port slowdown,2093.0,49.64
2022-06-27,"Vale do Rio Doce, Brazil - Ennore",Iron Ore,Panamax,73961,8858.1,1616.0,701.9,3.7,Indian monsoon season port slowdown,1790.0,54.02
2022-06-27,"Vale do Rio Doce, Brazil - Kolkata",Iron Ore,Capesize,176739,9512.7,2171.0,700.9,4.4,Indian monsoon season port slowdown,2388.0,57.47
2022-07-04,"Abbot Point, Australia - Haldia",Coal,Panamax,75158,5103.7,1627.2,714.1,3.8,Indian monsoon season port slowdown,1833.0,33.86
2022-07-04,"Dampier, Australia - Haldia",Iron Ore,Capesize,157507,3608.6,1997.8,684.1,6.7,Indian monsoon season port slowdown,2010.0,20.35
2022-07-04,"Dampier, Australia - Visakhapatnam",Iron Ore,Panamax,70631,3570.3,1627.2,693.3,3.2,Indian monsoon season port slowdown,1569.0,21.69
2022-07-04,"Gladstone, Australia - Ennore",Coal,Handysize,35076,5565.0,1085.7,688.1,6.7,Indian monsoon season port slowdown,1115.0,35.28
2022-07-04,"Gladstone, Australia - Gangavaram",Coal,Handysize,28606,5539.5,1085.7,698.4,7.3,Indian monsoon season port slowdown,1222.0,37.98
2022-07-04,"Gladstone, Australia - Haldia",Coal,Panamax,73695,5423.2,1627.2,671.9,5.9,Indian monsoon season port slowdown,1825.0,34.16
2022-07-04,"Hay Point, Australia - Visakhapatnam",Coking Coal,Supramax,51254,5348.2,1011.3,685.5,4.0,Indian monsoon season port slowdown,1014.0,30.43
2022-07-04,"Newcastle, Australia - Haldia",Thermal Coal,Supramax,55492,5795.2,1011.3,705.7,5.5,Indian monsoon season port slowdown,1093.0,32.84
2022-07-04,"Norfolk, USA - Ennore",Coking Coal,Panamax,79085,8874.7,1627.2,710.0,5.2,Indian monsoon season port slowdown,1567.0,54.95
2022-07-04,"Ponta da Madeira, Brazil - Gangavaram",Iron Ore,Panamax,74398,8959.2,1627.2,677.7,4.6,Indian monsoon season port slowdown,1900.0,51.87
2022-07-04,"Ponta da Madeira, Brazil - Haldia",Iron Ore,Panamax,85130,9206.8,1627.2,690.3,4.4,Indian monsoon season port slowdown,1794.0,59.51
2022-07-04,"Ponta da Madeira, Brazil - Paradip",Iron Ore,Capesize,192836,9142.2,1997.8,688.0,5.5,Indian monsoon season port slowdown,2109.0,54.82
2022-07-04,"Ponta da Madeira, Brazil - Visakhapatnam",Iron Ore,Capesize,180963,8964.6,1997.8,664.5,4.3,Indian monsoon season port slowdown,2369.0,48.96
2022-07-04,"Richards Bay, South Africa - Haldia",Coking Coal,Panamax,87384,5255.1,1627.2,699.2,3.6,Indian monsoon season port slowdown,1877.0,30.66
2022-07-04,"Saldanha Bay, South Africa - Kolkata",Iron Ore,Capesize,187968,6171.5,1997.8,657.7,6.0,Indian monsoon season port slowdown,2092.0,33.03
2022-07-04,"Samarinda, Indonesia - Paradip",Thermal Coal,Supramax,51757,2577.8,1011.3,675.4,5.1,Indian monsoon season port slowdown,1058.0,13.01
2022-07-04,"Taboneo, Indonesia - Ennore",Thermal Coal,Supramax,60720,2689.7,1011.3,707.2,5.5,Indian monsoon season port slowdown,1024.0,14.7
2022-07-04,"Taboneo, Indonesia - Haldia",Thermal Coal,Panamax,80545,2575.7,1627.2,682.2,5.9,Indian monsoon season port slowdown,1840.0,16.64
2022-07-04,"Vale do Rio Doce, Brazil - Paradip",Iron Ore,Panamax,89189,9380.1,1627.2,691.7,7.3,Indian monsoon season port slowdown,1697.0,54.04
2022-07-11,"Dampier, Australia - Ennore",Iron Ore,Capesize,152560,3491.8,1955.3,669.0,6.9,Indian monsoon season port slowdown,2322.0,18.79
2022-07-11,"Dampier, Australia - Paradip",Iron Ore,Panamax,87191,3570.5,1665.1,661.6,4.6,Indian monsoon season port slowdown,1634.0,21.17
2022-07-11,"Dampier, Australia - Visakhapatnam",Iron Ore,Panamax,86368,3570.3,1665.1,692.4,3.3,Indian monsoon season port slowdown,1800.0,20.51
2022-07-11,"Durban, South Africa - Ennore",Coal,Handysize,30346,4543.3,1086.4,681.3,4.3,Indian monsoon season port slowdown,1247.0,27.86
2022-07-11,"Hay Point, Australia - Gangavaram",Coking Coal,Panamax,71483,5350.8,1665.1,707.7,4.1,Indian monsoon season port slowdown,1877.0,33.43
2022-07-11,"Hay Point, Australia - Visakhapatnam",Coking Coal,Handysize,34827,5348.2,1086.4,665.0,2.7,Indian monsoon season port slowdown,1123.0,32.26
2022-07-11,"Nacala, Mozambique - Paradip",Coking Coal,Handysize,37591,4041.9,1086.4,670.3,5.3,Indian monsoon season port slowdown,1146.0,23.25
2022-07-11,"Nacala, Mozambique - Visakhapatnam",Coking Coal,Handysize,38704,3755.5,1086.4,698.6,3.7,Indian monsoon season port slowdown,1191.0,23.52
2022-07-11,"Richards Bay, South Africa - Haldia",Coking Coal,Handysize,28643,5255.1,1086.4,680.9,2.9,Indian monsoon season port slowdown,1289.0,30.04
2022-07-11,"Samarinda, Indonesia - Haldia",Thermal Coal,Handysize,29990,2560.1,1086.4,701.1,3.9,Indian monsoon season port slowdown,1244.0,15.94
2022-07-11,"Samarinda, Indonesia - Kolkata",Thermal Coal,Supramax,53905,2573.8,1175.7,680.3,5.0,Indian monsoon season port slowdown,1290.0,16.05
2022-07-11,"Samarinda, Indonesia - Paradip",Thermal Coal,Panamax,66030,2577.8,1665.1,673.9,2.7,Indian monsoon season port slowdown,1777.0,15.77
2022-07-11,"Tubarao, Brazil - Gangavaram",Iron Ore,Panamax,70825,8973.4,1665.1,684.1,2.4,Indian monsoon season port slowdown,1792.0,55.93
2022-07-11,"Vale do Rio Doce, Brazil - Gangavaram",Iron Ore,Capesize,199857,9121.7,1955.3,692.6,3.5,Indian monsoon season port slowdown,2042.0,49.21
2022-07-18,"Hay Point, Australia - Haldia",Coking Coal,Handysize,35913,5223.9,1160.1,688.2,1.6,Indian monsoon season port slowdown,1356.0,33.42
2022-07-18,"Hay Point, Australia - Visakhapatnam",Coking Coal,Supramax,54102,5348.2,1124.3,706.5,4.6,Indian monsoon season port slowdown,1300.0,31.44
2022-07-18,"Nacala, Mozambique - Haldia",Coking Coal,Panamax,82370,4191.3,1771.6,685.3,3.9,Indian monsoon season port slowdown,2010.0,26.35
2022-07-18,"Newcastle, Australia - Gangavaram",Thermal Coal,Handysize,38630,5850.9,1160.1,697.7,2.9,Indian monsoon season port slowdown,1369.0,37.24
2022-07-18,"Newcastle, Australia - Haldia",Thermal Coal,Handysize,28726,5795.2,1160.1,706.9,4.7,Indian monsoon season port slowdown,1226.0,40.93
2022-07-18,"Norfolk, USA - Paradip",Coking Coal,Handysize,32157,8548.6,1160.1,690.7,2.9,Indian monsoon season port slowdown,1199.0,58.52
2022-07-18,"Ponta da Madeira, Brazil - Gangavaram",Iron Ore,Capesize,189621,8959.2,1688.0,682.5,4.3,Indian monsoon season port slowdown,1668.0,49.82
2022-07-18,"Ponta da Madeira, Brazil - Haldia",Iron Ore,Panamax,85282,9206.8,1771.6,711.1,2.5,Indian monsoon season port slowdown,1978.0,66.14
2022-07-18,"Richards Bay, South Africa - Haldia",Coking Coal,Supramax,49170,5255.1,1124.3,680.7,3.3,Indian monsoon season port slowdown,1284.0,29.73
2022-07-18,"Richards Bay, South Africa - Paradip",Coking Coal,Handysize,33973,5101.3,1160.1,690.8,4.0,Indian monsoon season port slowdown,1246.0,34.24
2022-07-18,"Samarinda, Indonesia - Kolkata",Thermal Coal,Handysize,39815,2573.8,1160.1,700.5,3.9,Indian monsoon season port slowdown,1392.0,16.7
2022-07-18,"Samarinda, Indonesia - Visakhapatnam",Thermal Coal,Handysize,31687,2685.9,1160.1,692.2,6.0,Indian monsoon season port slowdown,1367.0,17.98
2022-07-18,"Taboneo, Indonesia - Paradip",Thermal Coal,Panamax,79809,2575.5,1771.6,709.7,5.9,Indian monsoon season port slowdown,1745.0,15.29
2022-07-18,"Vale do Rio Doce, Brazil - Gangavaram",Iron Ore,Capesize,167186,9121.7,1688.0,702.7,4.7,Indian monsoon season port slowdown,1922.0,50.41
2022-07-18,"Vale do Rio Doce, Brazil - Haldia",Iron Ore,Capesize,179816,9494.8,1688.0,715.4,2.3,Indian monsoon season port slowdown,1923.0,54.0
2022-07-18,"Vale do Rio Doce, Brazil - Kolkata",Iron Ore,Panamax,77425,9512.7,1771.6,708.5,4.3,Indian monsoon season port slowdown,1855.0,66.07
2022-07-18,"Vancouver, Canada - Visakhapatnam",Coking Coal,Panamax,85726,7730.4,1771.6,680.8,2.9,Indian monsoon season port slowdown,1997.0,52.45
2022-07-25,"Abbot Point, Australia - Paradip",Coal,Supramax,58626,5127.9,1170.0,732.1,4.0,Indian monsoon season port slowdown,1259.0,32.19
2022-07-25,"Durban, South Africa - Gangavaram",Coal,Handysize,34706,4895.8,1127.5,724.3,4.0,Indian monsoon season port slowdown,1285.0,30.42
2022-07-25,"Gladstone, Australia - Gangavaram",Coal,Supramax,57290,5539.5,1170.0,717.9,5.8,Indian monsoon season port slowdown,1136.0,35.18
2022-07-25,"Gladstone, Australia - Kolkata",Coal,Handysize,28273,5435.4,1127.5,743.9,3.9,Indian monsoon season port slowdown,1139.0,31.23
2022-07-25,"Hay Point, Australia - Gangavaram",Coking Coal,Panamax,70196,5350.8,1872.5,741.7,4.3,Indian monsoon season port slowdown,2002.0,37.01
2022-07-25,"Hay Point, Australia - Kolkata",Coking Coal,Handysize,37239,5235.2,1127.5,733.8,2.1,Indian monsoon season port slowdown,1099.0,34.24
2022-07-25,"Hay Point, Australia - Visakhapatnam",Coking Coal,Panamax,85533,5348.2,1872.5,725.8,6.5,Indian monsoon season port slowdown,1999.0,34.02
2022-07-25,"Newcastle, Australia - Visakhapatnam",Thermal Coal,Handysize,37518,5849.9,1127.5,748.8,2.0,Indian monsoon season port slowdown,1259.0,41.72
2022-07-25,"Richards Bay, South Africa - Ennore",Coking Coal,Handysize,30036,4452.0,1127.5,716.1,4.5,Indian monsoon season port slowdown,1308.0,29.55
2022-07-25,"Saldanha Bay, South Africa - Ennore",Iron Ore,Capesize,189146,5338.7,1829.3,726.3,2.2,Indian monsoon season port slowdown,2069.0,31.49
2022-07-25,"Saldanha Bay, South Africa - Gangavaram",Iron Ore,Panamax,75704,5685.5,1872.5,740.0,4.6,Indian monsoon season port slowdown,1743.0,35.93
2022-07-25,"Samarinda, Indonesia - Visakhapatnam",Thermal Coal,Handysize,30153,2685.9,1127.5,733.7,3.1,Indian monsoon season port slowdown,1221.0,17.38
2022-07-25,"Tubarao, Brazil - Paradip",Iron Ore,Capesize,164355,9234.1,1829.3,715.3,7.6,Indian monsoon season port slowdown,1882.0,50.54
2022-07-25,"Vale do Rio Doce, Brazil - Ennore",Iron Ore,Capesize,151127,8858.1,1829.3,733.3,3.6,Indian monsoon season port slowdown,2006.0,44.44
2022-07-25,"Vancouver, Canada - Haldia",Coking Coal,Handysize,38825,7337.7,1127.5,708.9,4.1,Indian monsoon season port slowdown,1235.0,44.05
2022-08-01,"Dampier, Australia - Ennore",Iron Ore,Capesize,181681,3491.8,1790.4,753.2,4.8,Indian monsoon season port slowdown,1808.0,19.55
2022-08-01,"Dampier, Australia - Paradip",Iron Ore,Capesize,191979,3570.5,1790.4,723.4,4.7,Indian monsoon season port slowdown,2167.0,19.9
2022-08-01,"Gladstone, Australia - Ennore",Coal,Supramax,51107,5565.0,1151.3,736.5,3.0,Indian monsoon season port slowdown,1178.0,29.13
2022-08-01,"Gladstone, Australia - Visakhapatnam",Coal,Panamax,68507,5537.2,1836.1,688.6,2.5,Indian monsoon season port slowdown,2317.0,37.25
2022-08-01,"Nacala, Mozambique - Paradip",Coking Coal,Supramax,57717,4041.9,1151.3,734.7,4.6,Indian monsoon season port slowdown,1372.0,23.05
2022-08-01,"Norfolk, USA - Visakhapatnam",Coking Coal,Panamax,70333,8657.5,1836.1,738.8,3.2,Indian monsoon season port slowdown,2022.0,54.97
2022-08-01,"Ponta da Madeira, Brazil - Kolkata",Iron Ore,Panamax,85498,9207.4,1836.1,740.1,4.3,Indian monsoon season port slowdown,1899.0,61.93
2022-08-01,"Richards Bay, South Africa - Kolkata",Coking Coal,Panamax,80475,5292.9,1836.1,736.4,3.8,Indian monsoon season port slowdown,1941.0,35.5
2022-08-01,"Samarinda, Indonesia - Gangavaram",Thermal Coal,Supramax,57332,2689.0,1151.3,746.6,4.8,Indian monsoon season port slowdown,1129.0,17.0
2022-08-01,"Samarinda, Indonesia - Haldia",Thermal Coal,Supramax,53785,2560.1,1151.3,734.7,5.1,Indian monsoon season port slowdown,1249.0,15.36
2022-08-01,"Taboneo, Indonesia - Haldia",Thermal Coal,Handysize,34606,2575.7,1138.3,766.7,6.3,Indian monsoon season port slowdown,1286.0,18.44
2022-08-01,"Vale do Rio Doce, Brazil - Ennore",Iron Ore,Panamax,84309,8858.1,1836.1,710.4,5.7,Indian monsoon season port slowdown,2010.0,55.67
2022-08-01,"Vancouver, Canada - Ennore",Coking Coal,Handysize,39573,8088.7,1138.3,744.3,6.5,Indian monsoon season port slowdown,1287.0,52.29
2022-08-08,"Abbot Point, Australia - Visakhapatnam",Coal,Handysize,32076,5233.1,1227.3,726.3,5.8,Indian monsoon season port slowdown,1126.0,34.6
2022-08-08,"Hay Point, Australia - Gangavaram",Coking Coal,Panamax,76134,5350.8,1784.7,751.7,1.7,Indian monsoon season port slowdown,1785.0,36.73
2022-08-08,"Richards Bay, South Africa - Haldia",Coking Coal,Supramax,58871,5255.1,1213.7,725.9,6.1,Indian monsoon season port slowdown,1378.0,32.97
2022-08-08,"Samarinda, Indonesia - Ennore",Thermal Coal,Panamax,80781,2762.6,1784.7,724.2,4.2,Indian monsoon season port slowdown,1739.0,18.36
2022-08-08,"Taboneo, Indonesia - Gangavaram",Thermal Coal,Supramax,50477,2655.0,1213.7,739.6,1.2,Indian monsoon season port slowdown,1346.0,16.73
2022-08-08,"Taboneo, Indonesia - Visakhapatnam",Thermal Coal,Supramax,50444,2652.9,1213.7,754.9,5.1,Indian monsoon season port slowdown,1295.0,16.61
2022-08-08,"Tubarao, Brazil - Haldia",Iron Ore,Capesize,157906,9350.8,1713.6,705.6,3.3,Indian monsoon season port slowdown,1653.0,49.69
2022-08-08,"Vale do Rio Doce, Brazil - Gangavaram",Iron Ore,Capesize,159384,9121.7,1713.6,736.7,6.0,Indian monsoon season port slowdown,1942.0,53.56
2022-08-08,"Vale do Rio Doce, Brazil - Haldia",Iron Ore,Capesize,183812,9494.8,1713.6,718.9,5.2,Indian monsoon season port slowdown,1887.0,51.69
2022-08-08,"Vancouver, Canada - Visakhapatnam",Coking Coal,Handysize,29861,7730.4,1227.3,730.7,3.4,Indian monsoon season port slowdown,1394.0,48.96
2022-08-15,"Abbot Point, Australia - Kolkata",Coal,Handysize,36643,5114.5,1230.6,739.9,4.1,Indian monsoon season port slowdown,1487.0,34.54
2022-08-15,"Dampier, Australia - Gangavaram",Iron Ore,Capesize,194402,3569.6,1856.9,741.1,2.0,Indian monsoon season port slowdown,2056.0,21.21
2022-08-15,"Dampier, Australia - Visakhapatnam",Iron Ore,Panamax,83306,3570.3,1807.8,735.3,4.8,Indian monsoon season port slowdown,1878.0,21.28
2022-08-15,"Durban, South Africa - Paradip",Coal,Panamax,74434,5193.0,1807.8,724.4,5.4,Indian monsoon season port slowdown,1879.0,36.13
2022-08-15,"Durban, South Africa - Visakhapatnam",Coal,Panamax,81179,4905.5,1807.8,753.0,6.1,Indian monsoon season port slowdown,1928.0,33.96
2022-08-15,"Gladstone, Australia - Ennore",Coal,Handysize,28803,5565.0,1230.6,716.5,3.8,Indian monsoon season port slowdown,1251.0,34.32
2022-08-15,"Gladstone, Australia - Gangavaram",Coal,Supramax,59940,5539.5,1249.9,731.7,3.8,Indian monsoon season port slowdown,1340.0,31.93
2022-08-15,"Hay Point, Australia - Paradip",Coking Coal,Handysize,29138,5246.5,1230.6,712.9,2.2,Indian monsoon season port slowdown,1265.0,31.58
2022-08-15,"Nacala, Mozambique - Ennore",Coking Coal,Handysize,28315,3410.6,1230.6,733.1,5.2,Indian monsoon season port slowdown,1365.0,23.16
2022-08-15,"Nacala, Mozambique - Paradip",Coking Coal,Handysize,38571,4041.9,1230.6,748.2,4.6,Indian monsoon season port slowdown,1320.0,27.47
2022-08-15,"Newcastle, Australia - Kolkata",Thermal Coal,Supramax,56513,5812.9,1249.9,734.2,3.2,Indian monsoon season port slowdown,1400.0,36.91
2022-08-15,"Norfolk, USA - Visakhapatnam",Coking Coal,Panamax,74456,8657.5,1807.8,718.6,3.7,Indian monsoon season port slowdown,1968.0,58.7
2022-08-15,"Ponta da Madeira, Brazil - Kolkata",Iron Ore,Panamax,68612,9207.4,1807.8,740.6,3.7,Indian monsoon season port slowdown,1796.0,60.57
2022-08-15,"Ponta da Madeira, Brazil - Visakhapatnam",Iron Ore,Capesize,209520,8964.6,1856.9,751.1,4.2,Indian monsoon season port slowdown,1935.0,49.02
2022-08-15,"Saldanha Bay, South Africa - Kolkata",Iron Ore,Panamax,85336,6171.5,1807.8,732.2,6.3,Indian monsoon season port slowdown,1957.0,40.86
2022-08-15,"Taboneo, Indonesia - Visakhapatnam",Thermal Coal,Handysize,28898,2652.9,1230.6,753.7,6.2,Indian monsoon season port slowdown,1321.0,18.0
2022-08-15,"Tubarao, Brazil - Ennore",Iron Ore,Panamax,83000,8706.6,1807.8,768.1,5.3,Indian monsoon season port slowdown,2024.0,60.06
2022-08-15,"Tubarao, Brazil - Haldia",Iron Ore,Panamax,86232,9350.8,1807.8,735.2,3.4,Indian monsoon season port slowdown,2072.0,67.04
2022-08-15,"Tubarao, Brazil - Kolkata",Iron Ore,Panamax,79426,9369.5,1807.8,748.6,4.5,Indian monsoon season port slowdown,1694.0,65.1
2022-08-15,"Vancouver, Canada - Visakhapatnam",Coking Coal,Handysize,30625,7730.4,1230.6,761.6,5.8,Indian monsoon season port slowdown,1283.0,52.56
2022-08-22,"Abbot Point, Australia - Haldia",Coal,Panamax,83193,5103.7,1792.6,732.7,2.7,Indian monsoon season port slowdown,1960.0,35.6
2022-08-22,"Durban, South Africa - Gangavaram",Coal,Panamax,70199,4895.8,1792.6,728.2,4.7,Indian monsoon season port slowdown,1816.0,32.57
2022-08-22,"Durban, South Africa - Haldia",Coal,Handysize,38457,5347.0,1267.0,748.3,4.3,Indian monsoon season port slowdown,1343.0,36.18
2022-08-22,"Durban, South Africa - Paradip",Coal,Handysize,34599,5193.0,1267.0,709.3,2.7,Indian monsoon season port slowdown,1352.0,32.9
2022-08-22,"Gladstone, Australia - Ennore",Coal,Panamax,79131,5565.0,1792.6,712.3,4.8,Indian monsoon season port slowdown,1797.0,37.58
2022-08-22,"Hay Point, Australia - Kolkata",Coking Coal,Supramax,57024,5235.2,1328.6,731.0,3.9,Indian monsoon season port slowdown,1372.0,33.58
2022-08-22,"Newcastle, Australia - Paradip",Thermal Coal,Panamax,67920,5793.4,1792.6,742.1,6.1,Indian monsoon season port slowdown,1916.0,36.82
2022-08-22,"Norfolk, USA - Visakhapatnam",Coking Coal,Supramax,55631,8657.5,1328.6,721.2,2.2,Indian monsoon season port slowdown,1597.0,51.92
2022-08-22,"Ponta da Madeira, Brazil - Ennore",Iron Ore,Capesize,209759,8806.3,1669.1,729.6,4.3,Indian monsoon season port slowdown,1754.0,46.57
2022-08-22,"Ponta da Madeira, Brazil - Gangavaram",Iron Ore,Capesize,203331,8959.2,1669.1,736.8,3.9,Indian monsoon season port slowdown,1839.0,47.06
2022-08-22,"Richards Bay, South Africa - Gangavaram",Coking Coal,Handysize,37847,4804.0,1267.0,743.9,5.1,Indian monsoon season port slowdown,1310.0,33.25
2022-08-22,"Richards Bay, South Africa - Visakhapatnam",Coking Coal,Handysize,30889,4813.7,1267.0,734.0,7.4,Indian monsoon season port slowdown,1310.0,31.16
2022-08-22,"Taboneo, Indonesia - Gangavaram",Thermal Coal,Panamax,75756,2655.0,1792.6,737.1,6.8,Indian monsoon season port slowdown,1670.0,17.97
2022-08-22,"Tubarao, Brazil - Haldia",Iron Ore,Panamax,66584,9350.8,1792.6,727.9,4.8,Indian monsoon season port slowdown,2118.0,62.13
2022-08-22,"Vale do Rio Doce, Brazil - Kolkata",Iron Ore,Panamax,83836,9512.7,1792.6,720.6,2.0,Indian monsoon season port slowdown,1905.0,58.79
2022-08-22,"Vale do Rio Doce, Brazil - Visakhapatnam",Iron Ore,Panamax,73225,9129.7,1792.6,742.5,3.7,Indian monsoon season port slowdown,2047.0,58.64
2022-08-22,"Vancouver, Canada - Ennore",Coking Coal,Supramax,49935,8088.7,1328.6,724.6,3.2,Indian monsoon season port slowdown,1423.0,53.72
2022-08-22,"Vancouver, Canada - Paradip",Coking Coal,Panamax,72021,7484.8,1792.6,740.6,5.5,Indian monsoon season port slowdown,1801.0,47.29
2022-08-29,"Abbot Point, Australia - Gangavaram",Coal,Panamax,79120,5235.8,1618.8,768.0,6.3,Indian monsoon season port slowdown,1769.0,36.48
2022-08-29,"Abbot Point, Australia - Visakhapatnam",Coal,Panamax,74806,5233.1,1618.8,730.9,3.7,Indian monsoon season port slowdown,1663.0,34.58
2022-08-29,"Dampier, Australia - Haldia",Iron Ore,Capesize,181578,3608.6,1749.2,731.5,3.5,Indian monsoon season port slowdown,1842.0,19.89
2022-08-29,"Norfolk, USA - Kolkata",Coking Coal,Handysize,35655,8420.2,1230.1,765.0,3.0,Indian monsoon season port slowdown,1268.0,57.81
2022-08-29,"Norfolk, USA - Visakhapatnam",Coking Coal,Panamax,81077,8657.5,1618.8,737.0,5.3,Indian monsoon season port slowdown,1832.0,58.33
2022-08-29,"Ponta da Madeira, Brazil - Haldia",Iron Ore,Capesize,161194,9206.8,1749.2,750.3,5.1,Indian monsoon season port slowdown,1933.0,53.33
2022-08-29,"Richards Bay, South Africa - Paradip",Coking Coal,Handysize,35132,5101.3,1230.1,739.5,3.6,Indian monsoon season port slowdown,1295.0,34.01
2022-08-29,"Saldanha Bay, South Africa - Ennore",Iron Ore,Panamax,75896,5338.7,1618.8,731.4,5.6,Indian monsoon season port slowdown,1651.0,34.71
2022-08-29,"Saldanha Bay, South Africa - Gangavaram",Iron Ore,Capesize,174085,5685.5,1749.2,729.5,1.6,Indian monsoon season port slowdown,1993.0,29.78
2022-08-29,"Samarinda, Indonesia - Ennore",Thermal Coal,Panamax,81712,2762.6,1618.8,752.3,5.4,Indian monsoon season port slowdown,1803.0,17.93
2022-08-29,"Tubarao, Brazil - Visakhapatnam",Iron Ore,Capesize,157709,8981.5,1749.2,750.8,5.0,Indian monsoon season port slowdown,1639.0,52.28
2022-08-29,"Vale do Rio Doce, Brazil - Haldia",Iron Ore,Panamax,71231,9494.8,1618.8,772.7,3.8,Indian monsoon season port slowdown,1707.0,58.94
2022-08-29,"Vancouver, Canada - Ennore",Coking Coal,Supramax,58685,8088.7,1135.2,751.3,4.8,Indian monsoon season port slowdown,1140.0,48.82
2022-08-29,"Vancouver, Canada - Visakhapatnam",Coking Coal,Handysize,35812,7730.4,1230.1,758.0,2.5,Indian monsoon season port slowdown,1395.0,52.09
2022-09-05,"Abbot Point, Australia - Ennore",Coal,Supramax,50765,5277.3,1101.0,727.4,2.1,Indian monsoon season port slowdown,1249.0,29.95
2022-09-05,"Abbot Point, Australia - Visakhapatnam",Coal,Handysize,38852,5233.1,1335.3,730.8,5.5,Indian monsoon season port slowdown,1540.0,36.49
2022-09-05,"Dampier, Australia - Ennore",Iron Ore,Panamax,85057,3491.8,1736.0,710.0,5.6,Indian monsoon season port slowdown,2046.0,21.05
2022-09-05,"Durban, South Africa - Gangavaram",Coal,Handysize,37009,4895.8,1335.3,743.9,4.3,Indian monsoon season port slowdown,1513.0,37.15
2022-09-05,"Hay Point, Australia - Ennore",Coking Coal,Handysize,28265,5386.7,1335.3,686.0,4.3,Indian monsoon season port slowdown,1411.0,36.56
2022-09-05,"Hay Point, Australia - Visakhapatnam",Coking Coal,Supramax,59599,5348.2,1101.0,714.5,4.7,Indian monsoon season port slowdown,1154.0,31.58
2022-09-05,"Nacala, Mozambique - Gangavaram",Coking Coal,Panamax,86583,3745.9,1736.0,729.5,3.6,Indian monsoon season port slowdown,1872.0,26.28
2022-09-05,"Nacala, Mozambique - Kolkata",Coking Coal,Handysize,34630,4225.9,1335.3,728.3,5.1,Indian monsoon season port slowdown,1555.0,31.38
2022-09-05,"Newcastle, Australia - Ennore",Thermal Coal,Panamax,74208,5823.9,1736.0,712.3,6.0,Indian monsoon season port slowdown,1817.0,34.31
2022-09-05,"Ponta da Madeira, Brazil - Ennore",Iron Ore,Capesize,169959,8806.3,1515.0,721.5,3.3,Indian monsoon season port slowdown,1854.0,45.81
2022-09-05,"Ponta da Madeira, Brazil - Haldia",Iron Ore,Panamax,72945,9206.8,1736.0,716.6,4.6,Indian monsoon season port slowdown,1915.0,57.53
2022-09-05,"Ponta da Madeira, Brazil - Kolkata",Iron Ore,Capesize,164472,9207.4,1515.0,718.5,4.9,Indian monsoon season port slowdown,1725.0,46.83
2022-09-05,"Richards Bay, South Africa - Ennore",Coking Coal,Supramax,55205,4452.0,1101.0,726.1,5.7,Indian monsoon season port slowdown,1266.0,25.49
2022-09-05,"Richards Bay, South Africa - Kolkata",Coking Coal,Supramax,52071,5292.9,1101.0,737.3,1.4,Indian monsoon season port slowdown,1220.0,28.7
2022-09-05,"Taboneo, Indonesia - Kolkata",Thermal Coal,Handysize,37459,2594.2,1335.3,706.1,6.6,Indian monsoon season port slowdown,1492.0,17.01
2022-09-05,"Taboneo, Indonesia - Visakhapatnam",Thermal Coal,Handysize,36221,2652.9,1335.3,744.5,5.8,Indian monsoon season port slowdown,1332.0,17.92
2022-09-05,"Vale do Rio Doce, Brazil - Ennore",Iron Ore,Capesize,168796,8858.1,1515.0,718.5,4.8,Indian monsoon season port slowdown,1753.0,48.89
2022-09-05,"Vale do Rio Doce, Brazil - Paradip",Iron Ore,Panamax,76728,9380.1,1736.0,740.3,2.7,Indian monsoon season port slowdown,1837.0,59.95
2022-09-05,"Vancouver, Canada - Ennore",Coking Coal,Handysize,30244,8088.7,1335.3,726.2,6.1,Indian monsoon season port slowdown,1410.0,50.97
2022-09-12,"Abbot Point, Australia - Haldia",Coal,Handysize,30357,5103.7,1206.0,696.8,6.3,Indian monsoon season port slowdown,1348.0,31.02
2022-09-12,"Abbot Point, Australia - Visakhapatnam",Coal,Supramax,56784,5233.1,1040.8,672.6,4.6,Indian monsoon season port slowdown,1151.0,28.88
2022-09-12,"Dampier, Australia - Kolkata",Iron Ore,Panamax,66002,3635.9,1736.7,710.9,4.9,Indian monsoon season port slowdown,1793.0,24.98
2022-09-12,"Durban, South Africa - Gangavaram",Coal,Handysize,39691,4895.8,1206.0,720.4,5.5,Indian monsoon season port slowdown,1297.0,31.46
2022-09-12,"Hay Point, Australia - Ennore",Coking Coal,Panamax,73552,5386.7,1736.7,712.1,4.3,Indian monsoon season port slowdown,2008.0,36.53
2022-09-12,"Hay Point, Australia - Paradip",Coking Coal,Panamax,78755,5246.5,1736.7,715.4,4.8,Indian monsoon season port slowdown,1795.0,33.56
2022-09-12,"Norfolk, USA - Haldia",Coking Coal,Panamax,76052,8458.2,1736.7,724.8,2.9,Indian monsoon season port slowdown,1883.0,52.14
2022-09-12,"Saldanha Bay, South Africa - Ennore",Iron Ore,Panamax,70383,5338.7,1736.7,682.7,6.6,Indian monsoon season port slowdown,2015.0,35.64
2022-09-12,"Samarinda, Indonesia - Kolkata",Thermal Coal,Panamax,87244,2573.8,1736.7,695.6,4.1,Indian monsoon season port slowdown,1677.0,16.23
2022-09-12,"Taboneo, Indonesia - Ennore",Thermal Coal,Panamax,82905,2689.7,1736.7,718.5,5.6,Indian monsoon season port slowdown,1954.0,18.97
2022-09-12,"Taboneo, Indonesia - Kolkata",Thermal Coal,Supramax,53985,2594.2,1040.8,671.3,5.5,Indian monsoon season port slowdown,1150.0,13.89
2022-09-12,"Tubarao, Brazil - Ennore",Iron Ore,Panamax,76203,8706.6,1736.7,728.8,5.2,Indian monsoon season port slowdown,1915.0,56.36
2022-09-12,"Tubarao, Brazil - Haldia",Iron Ore,Panamax,67425,9350.8,1736.7,727.3,5.1,Indian monsoon season port slowdown,1727.0,63.1
2022-09-12,"Tubarao, Brazil - Paradip",Iron Ore,Capesize,186872,9234.1,1456.1,690.0,6.2,Indian monsoon season port slowdown,1768.0,42.0
2022-09-12,"Vale do Rio Doce, Brazil - Kolkata",Iron Ore,Panamax,80198,9512.7,1736.7,704.2,5.3,Indian monsoon season port slowdown,1647.0,62.11
2022-09-12,"Vale do Rio Doce, Brazil - Paradip",Iron Ore,Capesize,201715,9380.1,1456.1,697.6,6.2,Indian monsoon season port slowdown,1690.0,43.22
2022-09-19,"Abbot Point, Australia - Haldia",Coal,Supramax,54128,5103.7,1044.0,674.6,6.9,Indian monsoon season port slowdown,1096.0,24.34
2022-09-19,"Dampier, Australia - Ennore",Iron Ore,Capesize,187241,3491.8,1333.9,689.3,5.0,Indian monsoon season port slowdown,1335.0,16.13
2022-09-19,"Dampier, Australia - Gangavaram",Iron Ore,Capesize,188472,3569.6,1333.9,679.9,5.8,Indian monsoon season port slowdown,1382.0,15.23
2022-09-19,"Durban, South Africa - Gangavaram",Coal,Supramax,53406,4895.8,1044.0,658.6,6.1,Indian monsoon season port slowdown,1116.0,26.76
2022-09-19,"Durban, South Africa - Kolkata",Coal,Supramax,54138,5384.9,1044.0,688.5,5.2,Indian monsoon season port slowdown,1113.0,30.61
2022-09-19,"Gladstone, Australia - Paradip",Coal,Supramax,59509,5442.2,1044.0,655.1,4.6,Indian monsoon season port slowdown,1151.0,29.52
2022-09-19,"Nacala, Mozambique - Haldia",Coking Coal,Handysize,36025,4191.3,1142.0,677.9,4.3,Indian monsoon season port slowdown,1281.0,25.17
2022-09-19,"Nacala, Mozambique - Paradip",Coking Coal,Handysize,39229,4041.9,1142.0,676.5,2.9,Indian monsoon season port slowdown,1224.0,25.06
2022-09-19,"Ponta da Madeira, Brazil - Paradip",Iron Ore,Capesize,208638,9142.2,1333.9,679.2,4.7,Indian monsoon season port slowdown,1347.0,44.95
2022-09-19,"Richards Bay, South Africa - Haldia",Coking Coal,Supramax,52131,5255.1,1044.0,678.3,2.2,Indian monsoon season port slowdown,1109.0,29.44
2022-09-19,"Richards Bay, South Africa - Kolkata",Coking Coal,Supramax,49034,5292.9,1044.0,677.0,4.0,Indian monsoon season port slowdown,1052.0,27.56
2022-09-19,"Richards Bay, South Africa - Paradip",Coking Coal,Panamax,68814,5101.3,1801.9,663.1,3.7,Indian monsoon season port slowdown,2134.0,31.17
2022-09-19,"Saldanha Bay, South Africa - Haldia",Iron Ore,Panamax,80346,6135.1,1801.9,690.4,5.3,Indian monsoon season port slowdown,2066.0,39.47
2022-09-19,"Samarinda, Indonesia - Haldia",Thermal Coal,Supramax,49989,2560.1,1044.0,670.6,5.2,Indian monsoon season port slowdown,1180.0,14.84
2022-09-19,"Taboneo, Indonesia - Gangavaram",Thermal Coal,Handysize,28874,2655.0,1142.0,663.1,3.6,Indian monsoon season port slowdown,1144.0,16.8
2022-09-19,"Tubarao, Brazil - Ennore",Iron Ore,Panamax,78374,8706.6,1801.9,686.3,5.7,Indian monsoon season port slowdown,1946.0,50.58
2022-09-19,"Tubarao, Brazil - Kolkata",Iron Ore,Capesize,163049,9369.5,1333.9,661.6,2.8,Indian monsoon season port slowdown,1503.0,46.45
2022-09-19,"Vale do Rio Doce, Brazil - Paradip",Iron Ore,Panamax,81644,9380.1,1801.9,671.8,4.4,Indian monsoon season port slowdown,2063.0,56.04
2022-09-26,"Dampier, Australia - Gangavaram",Iron Ore,Capesize,194592,3569.6,1535.4,674.8,3.9,Indian monsoon season port slowdown,1718.0,18.21
2022-09-26,"Dampier, Australia - Paradip",Iron Ore,Capesize,182226,3570.5,1535.4,692.0,6.8,Indian monsoon season port slowdown,1604.0,17.97
2022-09-26,"Durban, South Africa - Paradip",Coal,Handysize,38859,5193.0,1084.2,689.0,5.1,Indian monsoon season port slowdown,1105.0,31.95
2022-09-26,"Gladstone, Australia - Haldia",Coal,Supramax,51212,5423.2,1004.0,680.0,3.0,Indian monsoon season port slowdown,1132.0,30.14
2022-09-26,"Newcastle, Australia - Gangavaram",Thermal Coal,Supramax,61774,5850.9,1004.0,673.4,4.6,Indian monsoon season port slowdown,984.0,30.98
2022-09-26,"Newcastle, Australia - Paradip",Thermal Coal,Supramax,59422,5793.4,1004.0,685.6,3.9,Indian monsoon season port slowdown,1056.0,30.27
2022-09-26,"Norfolk, USA - Gangavaram",Coking Coal,Handysize,33098,8662.0,1084.2,662.2,3.2,Indian monsoon season port slowdown,1318.0,52.54
2022-09-26,"Norfolk, USA - Haldia",Coking Coal,Supramax,50384,8458.2,1004.0,689.3,2.2,Indian monsoon season port slowdown,1215.0,43.89
2022-09-26,"Samarinda, Indonesia - Gangavaram",Thermal Coal,Handysize,39832,2689.0,1084.2,686.7,5.2,Indian monsoon season port slowdown,1318.0,16.37
2022-09-26,"Taboneo, Indonesia - Haldia",Thermal Coal,Supramax,57045,2575.7,1004.0,678.1,5.0,Indian monsoon season port slowdown,1091.0,13.37
2022-09-26,"Taboneo, Indonesia - Kolkata",Thermal Coal,Handysize,29081,2594.2,1084.2,655.8,5.4,Indian monsoon season port slowdown,1303.0,13.82
2022-09-26,"Tubarao, Brazil - Kolkata",Iron Ore,Panamax,84002,9369.5,1693.3,685.1,4.2,Indian monsoon season port slowdown,1896.0,60.8
2022-09-26,"Vale do Rio Doce, Brazil - Haldia",Iron Ore,Capesize,173844,9494.8,1535.4,663.3,5.1,Indian monsoon season port slowdown,1826.0,48.71
2022-10-03,"Abbot Point, Australia - Kolkata",Coal,Handysize,37205,5114.5,1175.3,684.9,1.1,None,1232.0,30.56
2022-10-03,"Abbot Point, Australia - Paradip",Coal,Supramax,50145,5127.9,971.1,674.9,1.6,None,881.0,24.36
2022-10-03,"Hay Point, Australia - Haldia",Coking Coal,Handysize,28128,5223.9,1175.3,663.9,2.6,None,1216.0,28.66
2022-10-03,"Hay Point, Australia - Kolkata",Coking Coal,Supramax,52897,5235.2,971.1,690.6,2.5,None,933.0,25.67
2022-10-03,"Hay Point, Australia - Paradip",Coking Coal,Supramax,56119,5246.5,971.1,677.1,1.9,None,1066.0,28.88
2022-10-03,"Nacala, Mozambique - Paradip",Coking Coal,Supramax,48509,4041.9,971.1,701.2,3.9,None,919.0,22.11
2022-10-03,"Newcastle, Australia - Ennore",Thermal Coal,Handysize,39617,5823.9,1175.3,684.8,4.5,None,1037.0,32.1
2022-10-03,"Ponta da Madeira, Brazil - Ennore",Iron Ore,Panamax,85870,8806.3,1809.4,675.6,0.3,None,1956.0,55.92
2022-10-03,"Ponta da Madeira, Brazil - Kolkata",Iron Ore,Capesize,153572,9207.4,1767.2,664.9,2.6,None,1828.0,44.28
2022-10-03,"Samarinda, Indonesia - Ennore",Thermal Coal,Panamax,74721,2762.6,1809.4,666.9,0.9,None,1779.0,16.67
2022-10-03,"Samarinda, Indonesia - Paradip",Thermal Coal,Panamax,80287,2577.8,1809.4,683.9,1.5,None,1872.0,17.82
2022-10-03,"Taboneo, Indonesia - Kolkata",Thermal Coal,Panamax,79085,2594.2,1809.4,685.8,1.2,None,1541.0,17.2
2022-10-03,"Tubarao, Brazil - Gangavaram",Iron Ore,Panamax,86091,8973.4,1809.4,671.7,1.3,None,2093.0,54.82
2022-10-03,"Tubarao, Brazil - Visakhapatnam",Iron Ore,Panamax,88996,8981.5,1809.4,676.1,0.6,None,1670.0,59.21
2022-10-03,"Vancouver, Canada - Visakhapatnam",Coking Coal,Handysize,35191,7730.4,1175.3,674.2,0.8,None,1018.0,47.26
2022-10-10,"Dampier, Australia - Ennore",Iron Ore,Capesize,168676,3491.8,1740.7,663.5,2.1,None,1745.0,17.64
2022-10-10,"Dampier, Australia - Gangavaram",Iron Ore,Panamax,66576,3569.6,1753.2,673.6,0.0,None,1572.0,20.89
2022-10-10,"Dampier, Australia - Kolkata",Iron Ore,Capesize,198701,3635.9,1740.7,665.1,0.2,None,1724.0,17.83
2022-10-10,"Durban, South Africa - Kolkata",Coal,Handysize,35801,5384.9,1193.9,651.8,2.8,None,1091.0,33.09
2022-10-10,"Gladstone, Australia - Paradip",Coal,Panamax,67327,5442.2,1753.2,671.7,2.0,None,1761.0,31.51
2022-10-10,"Hay Point, Australia - Gangavaram",Coking Coal,Panamax,84630,5350.8,1753.2,692.2,2.4,None,1838.0,33.83
2022-10-10,"Nacala, Mozambique - Haldia",Coking Coal,Handysize,39539,4191.3,1193.9,666.6,0.0,None,1285.0,25.89
2022-10-10,"Nacala, Mozambique - Visakhapatnam",Coking Coal,Handysize,32308,3755.5,1193.9,661.3,1.1,None,1121.0,24.31
2022-10-10,"Newcastle, Australia - Ennore",Thermal Coal,Handysize,28045,5823.9,1193.9,662.7,1.5,None,1151.0,33.55
2022-10-10,"Norfolk, USA - Haldia",Coking Coal,Panamax,69501,8458.2,1753.2,681.4,2.7,None,1818.0,50.11
2022-10-10,"Ponta da Madeira, Brazil - Kolkata",Iron Ore,Panamax,83475,9207.4,1753.2,632.6,2.6,None,1770.0,52.68
2022-10-10,"Richards Bay, South Africa - Ennore",Coking Coal,Handysize,35960,4452.0,1193.9,654.0,3.0,None,1219.0,28.02
2022-10-10,"Richards Bay, South Africa - Kolkata",Coking Coal,Handysize,33250,5292.9,1193.9,666.8,3.2,None,1213.0,31.4
2022-10-10,"Richards Bay, South Africa - Paradip",Coking Coal,Panamax,67958,5101.3,1753.2,677.4,5.5,None,1723.0,29.65
2022-10-10,"Richards Bay, South Africa - Visakhapatnam",Coking Coal,Handysize,28266,4813.7,1193.9,667.9,0.0,None,1186.0,28.53
2022-10-10,"Saldanha Bay, South Africa - Paradip",Iron Ore,Panamax,73110,5982.9,1753.2,659.2,1.4,None,1740.0,35.66
2022-10-10,"Samarinda, Indonesia - Ennore",Thermal Coal,Handysize,35046,2762.6,1193.9,682.3,1.0,None,1181.0,17.12
2022-10-10,"Tubarao, Brazil - Paradip",Iron Ore,Panamax,71963,9234.1,1753.2,654.9,1.4,None,1786.0,57.94
2022-10-10,"Vale do Rio Doce, Brazil - Paradip",Iron Ore,Capesize,183063,9380.1,1740.7,686.3,2.0,None,1678.0,47.35
2022-10-10,"Vancouver, Canada - Kolkata",Coking Coal,Handysize,29399,7293.3,1193.9,661.0,4.7,None,915.0,42.22
2022-10-17,"Abbot Point, Australia - Ennore",Coal,Panamax,72566,5277.3,1741.9,641.7,2.5,None,1732.0,29.44
2022-10-17,"Abbot Point, Australia - Paradip",Coal,Handysize,28653,5127.9,1178.2,644.3,2.9,None,1235.0,30.3
2022-10-17,"Dampier, Australia - Kolkata",Iron Ore,Panamax,70246,3635.9,1741.9,662.1,3.1,None,1843.0,22.38
2022-10-17,"Durban, South Africa - Gangavaram",Coal,Panamax,77618,4895.8,1741.9,681.7,0.5,None,1691.0,29.81
2022-10-17,"Durban, South Africa - Haldia",Coal,Handysize,28205,5347.0,1178.2,649.0,1.1,None,1112.0,30.57
2022-10-17,"Hay Point, Australia - Gangavaram",Coking Coal,Panamax,81355,5350.8,1741.9,635.8,1.3,None,1865.0,32.26
2022-10-17,"Hay Point, Australia - Visakhapatnam",Coking Coal,Panamax,67482,5348.2,1741.9,657.4,1.0,None,1658.0,36.12
2022-10-17,"Nacala, Mozambique - Paradip",Coking Coal,Supramax,59937,4041.9,1175.8,632.6,1.6,None,1290.0,21.89
2022-10-17,"Norfolk, USA - Paradip",Coking Coal,Supramax,59884,8548.6,1175.8,687.5,3.4,None,1295.0,55.32
2022-10-17,"Norfolk, USA - Visakhapatnam",Coking Coal,Panamax,75653,8657.5,1741.9,671.1,2.9,None,1622.0,44.64
2022-10-17,"Ponta da Madeira, Brazil - Kolkata",Iron Ore,Capesize,193274,9207.4,1855.4,678.3,3.7,None,1751.0,47.89
2022-10-17,"Ponta da Madeira, Brazil - Visakhapatnam",Iron Ore,Panamax,89402,8964.6,1741.9,648.6,1.2,None,1605.0,52.07
2022-10-17,"Richards Bay, South Africa - Haldia",Coking Coal,Handysize,37924,5255.1,1178.2,674.7,0.5,None,1061.0,30.53
2022-10-17,"Richards Bay, South Africa - Visakhapatnam",Coking Coal,Supramax,58018,4813.7,1175.8,646.6,2.4,None,1141.0,27.05
2022-10-17,"Samarinda, Indonesia - Gangavaram",Thermal Coal,Handysize,39352,2689.0,1178.2,657.5,0.0,None,1241.0,16.0
2022-10-17,"Samarinda, Indonesia - Haldia",Thermal Coal,Panamax,86450,2560.1,1741.9,671.7,5.2,None,1849.0,15.2
2022-10-17,"Samarinda, Indonesia - Visakhapatnam",Thermal Coal,Handysize,28416,2685.9,1178.2,652.3,3.7,None,1165.0,16.76
2022-10-17,"Taboneo, Indonesia - Ennore",Thermal Coal,Supramax,56236,2689.7,1175.8,657.2,3.4,None,1250.0,14.49
2022-10-17,"Taboneo, Indonesia - Haldia",Thermal Coal,Handysize,35666,2575.7,1178.2,635.9,0.2,None,1174.0,15.62
2022-10-17,"Tubarao, Brazil - Kolkata",Iron Ore,Capesize,171540,9369.5,1855.4,649.9,2.2,None,1719.0,48.94
2022-10-24,"Abbot Point, Australia - Haldia",Coal,Supramax,57401,5103.7,984.9,638.6,3.7,None,1028.0,25.99
2022-10-24,"Abbot Point, Australia - Paradip",Coal,Handysize,34478,5127.9,1106.8,631.7,1.0,None,1191.0,28.86
2022-10-24,"Dampier, Australia - Kolkata",Iron Ore,Panamax,72177,3635.9,1614.5,649.7,0.6,None,1479.0,20.88
2022-10-24,"Durban, South Africa - Ennore",Coal,Handysize,39244,4543.3,1106.8,645.6,3.6,None,1105.0,26.22
2022-10-24,"Nacala, Mozambique - Ennore",Coking Coal,Handysize,28083,3410.6,1106.8,662.9,2.1,None,1127.0,18.51
2022-10-24,"Newcastle, Australia - Haldia",Thermal Coal,Handysize,36823,5795.2,1106.8,647.8,3.0,None,1194.0,35.58
2022-10-24,"Norfolk, USA - Visakhapatnam",Coking Coal,Supramax,53418,8657.5,984.9,638.1,3.4,None,1015.0,43.19
2022-10-24,"Ponta da Madeira, Brazil - Gangavaram",Iron Ore,Capesize,161785,8959.2,1844.1,646.6,0.1,None,1949.0,43.18
2022-10-24,"Ponta da Madeira, Brazil - Visakhapatnam",Iron Ore,Panamax,87519,8964.6,1614.5,622.3,0.9,None,1634.0,51.03
2022-10-24,"Richards Bay, South Africa - Haldia",Coking Coal,Supramax,59596,5255.1,984.9,643.7,0.9,None,1022.0,25.39
2022-10-24,"Saldanha Bay, South Africa - Kolkata",Iron Ore,Panamax,83519,6171.5,1614.5,653.1,2.9,None,1647.0,36.75
2022-10-24,"Saldanha Bay, South Africa - Paradip",Iron Ore,Capesize,155568,5982.9,1844.1,660.0,0.8,None,1558.0,32.99
2022-10-24,"Samarinda, Indonesia - Haldia",Thermal Coal,Supramax,56111,2560.1,984.9,628.0,2.0,None,945.0,12.52
2022-10-24,"Tubarao, Brazil - Kolkata",Iron Ore,Panamax,70804,9369.5,1614.5,658.1,2.0,None,1626.0,54.6
2022-10-24,"Vale do Rio Doce, Brazil - Paradip",Iron Ore,Capesize,202510,9380.1,1844.1,637.5,1.2,None,1817.0,49.45
2022-10-31,"Abbot Point, Australia - Visakhapatnam",Coal,Handysize,30320,5233.1,1128.2,626.7,2.6,None,1132.0,29.57
2022-10-31,"Dampier, Australia - Gangavaram",Iron Ore,Panamax,65249,3569.6,1602.0,652.7,0.5,None,1566.0,20.6
2022-10-31,"Dampier, Australia - Visakhapatnam",Iron Ore,Capesize,206392,3570.3,1922.9,640.0,3.9,None,2049.0,18.29
2022-10-31,"Durban, South Africa - Kolkata",Coal,Supramax,55598,5384.9,975.6,635.7,1.0,None,1023.0,23.48
2022-10-31,"Gladstone, Australia - Gangavaram",Coal,Panamax,71264,5539.5,1602.0,623.1,0.9,None,1364.0,30.6
2022-10-31,"Nacala, Mozambique - Kolkata",Coking Coal,Supramax,56215,4225.9,975.6,613.9,2.3,None,1072.0,20.68
2022-10-31,"Norfolk, USA - Ennore",Coking Coal,Supramax,58680,8874.7,975.6,644.7,0.0,None,874.0,41.49
2022-10-31,"Ponta da Madeira, Brazil - Paradip",Iron Ore,Capesize,204815,9142.2,1922.9,616.9,3.3,None,1902.0,50.8
2022-10-31,"Richards Bay, South Africa - Kolkata",Coking Coal,Supramax,50430,5292.9,975.6,620.7,0.0,None,1031.0,24.92
2022-10-31,"Vancouver, Canada - Ennore",Coking Coal,Supramax,59805,8088.7,975.6,655.3,0.8,None,857.0,42.15
2022-11-07,"Gladstone, Australia - Gangavaram",Coal,Panamax,66541,5539.5,1584.3,637.9,0.0,None,1716.0,29.96
2022-11-07,"Nacala, Mozambique - Haldia",Coking Coal,Panamax,80294,4191.3,1584.3,631.9,1.2,None,1722.0,24.68
2022-11-07,"Newcastle, Australia - Paradip",Thermal Coal,Panamax,75228,5793.4,1584.3,627.7,1.0,None,1648.0,32.03
2022-11-07,"Richards Bay, South Africa - Kolkata",Coking Coal,Supramax,53869,5292.9,1010.2,636.1,3.5,None,939.0,27.33
2022-11-07,"Richards Bay, South Africa - Visakhapatnam",Coking Coal,Handysize,30057,4813.7,1135.1,653.3,3.6,None,1263.0,28.7
2022-11-07,"Saldanha Bay, South Africa - Paradip",Iron Ore,Capesize,176958,5982.9,1840.9,631.8,2.7,None,1964.0,28.93
2022-11-07,"Saldanha Bay, South Africa - Visakhapatnam",Iron Ore,Capesize,150310,5695.2,1840.9,641.4,2.6,None,1815.0,28.81
2022-11-07,"Taboneo, Indonesia - Haldia",Thermal Coal,Panamax,72174,2575.7,1584.3,629.1,3.3,None,1707.0,13.49
2022-11-07,"Taboneo, Indonesia - Kolkata",Thermal Coal,Panamax,73001,2594.2,1584.3,620.6,2.8,None,1543.0,13.89
2022-11-07,"Vale do Rio Doce, Brazil - Paradip",Iron Ore,Capesize,178385,9380.1,1840.9,614.3,3.1,None,1902.0,49.97
2022-11-07,"Vancouver, Canada - Ennore",Coking Coal,Panamax,88738,8088.7,1584.3,628.1,1.3,None,1403.0,44.23
2022-11-07,"Vancouver, Canada - Haldia",Coking Coal,Handysize,34262,7337.7,1135.1,637.6,0.3,None,1104.0,41.52
2022-11-14,"Dampier, Australia - Haldia",Iron Ore,Capesize,176739,3608.6,1646.7,631.4,2.4,None,1759.0,18.07
2022-11-14,"Durban, South Africa - Paradip",Coal,Supramax,61607,5193.0,1022.2,639.2,1.7,None,1093.0,26.69
2022-11-14,"Gladstone, Australia - Ennore",Coal,Panamax,69987,5565.0,1571.1,612.3,3.7,None,1650.0,29.89
2022-11-14,"Gladstone, Australia - Haldia",Coal,Handysize,29114,5423.2,1097.4,596.8,0.8,None,1198.0,29.37
2022-11-14,"Newcastle, Australia - Ennore",Thermal Coal,Handysize,31635,5823.9,1097.4,614.8,0.6,None,1038.0,32.62
2022-11-14,"Richards Bay, South Africa - Kolkata",Coking Coal,Handysize,36207,5292.9,1097.4,632.1,2.7,None,1108.0,30.27
2022-11-14,"Richards Bay, South Africa - Visakhapatnam",Coking Coal,Handysize,34703,4813.7,1097.4,620.3,3.1,None,1003.0,25.08
2022-11-14,"Saldanha Bay, South Africa - Haldia",Iron Ore,Capesize,160135,6135.1,1646.7,609.2,0.0,None,1518.0,26.1
2022-11-14,"Taboneo, Indonesia - Ennore",Thermal Coal,Panamax,73778,2689.7,1571.1,637.2,3.2,None,1507.0,14.75
2022-11-14,"Taboneo, Indonesia - Kolkata",Thermal Coal,Supramax,57804,2594.2,1022.2,620.0,1.0,None,1042.0,13.28
2022-11-14,"Tubarao, Brazil - Ennore",Iron Ore,Capesize,182334,8706.6,1646.7,616.4,1.6,None,1675.0,40.64
2022-11-21,"Abbot Point, Australia - Kolkata",Coal,Handysize,32892,5114.5,1017.0,628.2,1.3,None,972.0,25.74
2022-11-21,"Dampier, Australia - Gangavaram",Iron Ore,Panamax,88160,3569.6,1614.4,647.5,3.1,None,1516.0,19.41
2022-11-21,"Durban, South Africa - Ennore",Coal,Handysize,33986,4543.3,1017.0,636.8,4.2,None,934.0,23.45
2022-11-21,"Durban, South Africa - Paradip",Coal,Handysize,35791,5193.0,1017.0,639.1,5.4,None,982.0,26.2
2022-11-21,"Hay Point, Australia - Paradip",Coking Coal,Panamax,87377,5246.5,1614.4,662.8,2.6,None,1844.0,27.91
2022-11-21,"Newcastle, Australia - Visakhapatnam",Thermal Coal,Supramax,60377,5849.9,1009.4,630.7,1.0,None,943.0,28.11
2022-11-21,"Norfolk, USA - Ennore",Coking Coal,Panamax,80747,8874.7,1614.4,631.1,3.9,None,1729.0,50.49
2022-11-21,"Norfolk, USA - Paradip",Coking Coal,Handysize,35229,8548.6,1017.0,650.8,1.5,None,1176.0,47.12
2022-11-21,"Norfolk, USA - Visakhapatnam",Coking Coal,Supramax,56273,8657.5,1009.4,662.9,4.5,None,906.0,42.39
2022-11-21,"Ponta da Madeira, Brazil - Ennore",Iron Ore,Panamax,76715,8806.3,1614.4,647.4,3.7,None,1681.0,48.0
2022-11-21,"Richards Bay, South Africa - Kolkata",Coking Coal,Panamax,81195,5292.9,1614.4,656.4,1.3,None,1525.0,29.86
2022-11-21,"Saldanha Bay, South Africa - Gangavaram",Iron Ore,Panamax,75773,5685.5,1614.4,641.8,2.8,None,1663.0,34.63
2022-11-21,"Samarinda, Indonesia - Gangavaram",Thermal Coal,Handysize,39661,2689.0,1017.0,645.6,2.5,None,957.0,15.21
2022-11-21,"Samarinda, Indonesia - Kolkata",Thermal Coal,Panamax,82740,2573.8,1614.4,648.8,0.0,None,1726.0,16.2
2022-11-21,"Taboneo, Indonesia - Kolkata",Thermal Coal,Panamax,68426,2594.2,1614.4,618.1,2.7,None,1654.0,14.55
2022-11-21,"Vale do Rio Doce, Brazil - Gangavaram",Iron Ore,Panamax,88095,9121.7,1614.4,630.8,3.4,None,1604.0,50.17
2022-11-21,"Vale do Rio Doce, Brazil - Haldia",Iron Ore,Capesize,196193,9494.8,1446.9,621.1,2.4,None,1346.0,39.93
2022-11-28,"Dampier, Australia - Gangavaram",Iron Ore,Capesize,157998,3569.6,1515.5,634.7,0.4,None,1515.0,15.84
2022-11-28,"Dampier, Australia - Visakhapatnam",Iron Ore,Capesize,167077,3570.3,1515.5,638.7,3.2,None,1435.0,16.89
2022-11-28,"Durban, South Africa - Paradip",Coal,Supramax,57495,5193.0,926.4,654.0,1.8,None,965.0,22.99
2022-11-28,"Durban, South Africa - Visakhapatnam",Coal,Panamax,68068,4905.5,1622.4,625.7,0.3,None,1537.0,25.99
2022-11-28,"Gladstone, Australia - Gangavaram",Coal,Handysize,34757,5539.5,960.3,633.2,3.8,None,998.0,28.17
2022-11-28,"Gladstone, Australia - Haldia",Coal,Supramax,61253,5423.2,926.4,635.7,3.3,None,893.0,26.51
2022-11-28,"Nacala, Mozambique - Visakhapatnam",Coking Coal,Panamax,75421,3755.5,1622.4,649.7,2.2,None,1533.0,20.72
2022-11-28,"Newcastle, Australia - Paradip",Thermal Coal,Handysize,30845,5793.4,960.3,658.2,0.0,None,931.0,32.8
2022-11-28,"Ponta da Madeira, Brazil - Gangavaram",Iron Ore,Capesize,183252,8959.2,1515.5,650.7,1.1,None,1645.0,39.85
2022-11-28,"Richards Bay, South Africa - Ennore",Coking Coal,Handysize,34236,4452.0,960.3,628.4,2.4,None,1043.0,24.92
2022-11-28,"Saldanha Bay, South Africa - Ennore",Iron Ore,Panamax,84505,5338.7,1622.4,655.5,2.9,None,1647.0,31.7
2022-11-28,"Tubarao, Brazil - Ennore",Iron Ore,Capesize,186558,8706.6,1515.5,646.5,1.0,None,1503.0,35.76
2022-11-28,"Tubarao, Brazil - Gangavaram",Iron Ore,Panamax,74497,8973.4,1622.4,647.0,2.4,None,1447.0,50.91
2022-11-28,"Tubarao, Brazil - Visakhapatnam",Iron Ore,Capesize,205879,8981.5,1515.5,657.9,1.1,None,1497.0,45.98
2022-11-28,"Vale do Rio Doce, Brazil - Kolkata",Iron Ore,Panamax,78548,9512.7,1622.4,659.5,3.1,None,1704.0,56.17
2022-11-28,"Vale do Rio Doce, Brazil - Visakhapatnam",Iron Ore,Panamax,75369,9129.7,1622.4,638.4,2.4,None,1540.0,55.3
2022-11-28,"Vancouver, Canada - Haldia",Coking Coal,Panamax,88138,7337.7,1622.4,647.2,1.4,None,1422.0,40.43
2022-12-05,"Abbot Point, Australia - Ennore",Coal,Supramax,58284,5277.3,874.6,626.9,2.4,None,791.0,23.46
2022-12-05,"Abbot Point, Australia - Haldia",Coal,Panamax,89846,5103.7,1712.6,637.4,1.8,None,1761.0,29.77
2022-12-05,"Abbot Point, Australia - Paradip",Coal,Panamax,69924,5127.9,1712.6,644.7,0.0,None,1740.0,30.96
2022-12-05,"Dampier, Australia - Kolkata",Iron Ore,Capesize,180622,3635.9,1805.7,621.8,0.1,None,1747.0,19.0
2022-12-05,"Dampier, Australia - Paradip",Iron Ore,Capesize,206999,3570.5,1805.7,622.6,2.5,None,1972.0,18.31
2022-12-05,"Gladstone, Australia - Haldia",Coal,Panamax,73371,5423.2,1712.6,621.2,2.6,None,1740.0,29.53
2022-12-05,"Gladstone, Australia - Kolkata",Coal,Handysize,35977,5435.4,977.7,644.5,4.4,None,1028.0,28.27
2022-12-05,"Gladstone, Australia - Paradip",Coal,Supramax,55491,5442.2,874.6,641.1,2.7,None,868.0,24.33
2022-12-05,"Hay Point, Australia - Gangavaram",Coking Coal,Handysize,29540,5350.8,977.7,645.6,2.5,None,1108.0,27.45
2022-12-05,"Hay Point, Australia - Paradip",Coking Coal,Supramax,54308,5246.5,874.6,661.3,4.8,None,930.0,26.59
2022-12-05,"Nacala, Mozambique - Haldia",Coking Coal,Supramax,48441,4191.3,874.6,629.0,2.2,None,839.0,20.21
2022-12-05,"Nacala, Mozambique - Kolkata",Coking Coal,Panamax,70526,4225.9,1712.6,637.2,3.3,None,1732.0,24.31
2022-12-05,"Norfolk, USA - Gangavaram",Coking Coal,Supramax,48631,8662.0,874.6,650.5,0.0,None,902.0,39.98
2022-12-05,"Norfolk, USA - Kolkata",Coking Coal,Supramax,58078,8420.2,874.6,608.3,1.8,None,1025.0,39.74
2022-12-05,"Richards Bay, South Africa - Kolkata",Coking Coal,Panamax,85006,5292.9,1712.6,623.9,2.6,None,1787.0,31.16
2022-12-05,"Saldanha Bay, South Africa - Paradip",Iron Ore,Panamax,85621,5982.9,1712.6,623.3,2.7,None,1743.0,34.35
2022-12-05,"Samarinda, Indonesia - Ennore",Thermal Coal,Panamax,84473,2762.6,1712.6,618.0,2.1,None,1600.0,16.29
2022-12-05,"Taboneo, Indonesia - Paradip",Thermal Coal,Panamax,85905,2575.5,1712.6,636.2,0.0,None,1694.0,15.81
2022-12-05,"Tubarao, Brazil - Haldia",Iron Ore,Panamax,74608,9350.8,1712.6,640.8,2.5,None,1809.0,51.0
2022-12-05,"Vancouver, Canada - Ennore",Coking Coal,Handysize,29854,8088.7,977.7,627.4,1.2,None,1047.0,43.99
2022-12-12,"Abbot Point, Australia - Haldia",Coal,Handysize,30160,5103.7,1000.0,623.4,2.7,None,964.0,25.09
2022-12-12,"Abbot Point, Australia - Kolkata",Coal,Handysize,33388,5114.5,1000.0,635.7,0.0,None,1062.0,29.82
2022-12-12,"Durban, South Africa - Kolkata",Coal,Handysize,39304,5384.9,1000.0,620.3,0.4,None,1012.0,27.71
2022-12-12,"Gladstone, Australia - Visakhapatnam",Coal,Panamax,77360,5537.2,1670.1,614.8,3.2,None,1709.0,31.79
2022-12-12,"Hay Point, Australia - Ennore",Coking Coal,Supramax,55500,5386.7,941.1,633.2,4.0,None,928.0,26.57
2022-12-12,"Hay Point, Australia - Kolkata",Coking Coal,Panamax,71186,5235.2,1670.1,609.1,1.6,None,1644.0,30.63
2022-12-12,"Newcastle, Australia - Ennore",Thermal Coal,Handysize,34278,5823.9,1000.0,626.8,3.3,None,1015.0,31.16
2022-12-12,"Norfolk, USA - Haldia",Coking Coal,Supramax,61732,8458.2,941.1,612.2,1.7,None,873.0,37.56
2022-12-12,"Norfolk, USA - Paradip",Coking Coal,Handysize,36617,8548.6,1000.0,637.5,4.0,None,1039.0,44.1
2022-12-12,"Ponta da Madeira, Brazil - Ennore",Iron Ore,Capesize,195199,8806.3,1849.9,617.9,0.0,None,1677.0,40.51
2022-12-12,"Saldanha Bay, South Africa - Kolkata",Iron Ore,Panamax,82751,6171.5,1670.1,602.2,0.5,None,1804.0,35.21
2022-12-12,"Tubarao, Brazil - Gangavaram",Iron Ore,Panamax,83667,8973.4,1670.1,622.1,4.3,None,1625.0,47.83
2022-12-12,"Vale do Rio Doce, Brazil - Kolkata",Iron Ore,Capesize,187302,9512.7,1849.9,619.0,0.5,None,1915.0,49.07
2022-12-12,"Vale do Rio Doce, Brazil - Paradip",Iron Ore,Capesize,161554,9380.1,1849.9,637.3,0.7,None,1905.0,51.69
2022-12-19,"Abbot Point, Australia - Haldia",Coal,Supramax,56643,5103.7,1030.2,632.2,1.0,None,1050.0,27.47
2022-12-19,"Dampier, Australia - Ennore",Iron Ore,Panamax,79775,3491.8,1581.3,642.7,2.6,None,1582.0,18.88
2022-12-19,"Gladstone, Australia - Visakhapatnam",Coal,Panamax,79712,5537.2,1581.3,620.1,3.1,None,1511.0,31.06
2022-12-19,"Nacala, Mozambique - Haldia",Coking Coal,Supramax,61687,4191.3,1030.2,647.1,2.1,None,941.0,21.88
2022-12-19,"Nacala, Mozambique - Paradip",Coking Coal,Handysize,37136,4041.9,1008.5,633.7,3.3,None,893.0,19.55
2022-12-19,"Newcastle, Australia - Haldia",Thermal Coal,Panamax,85907,5795.2,1581.3,644.3,2.8,None,1576.0,34.15
2022-12-19,"Newcastle, Australia - Kolkata",Thermal Coal,Handysize,34033,5812.9,1008.5,632.0,1.1,None,1009.0,29.02
2022-12-19,"Newcastle, Australia - Visakhapatnam",Thermal Coal,Supramax,48783,5849.9,1030.2,631.1,1.3,None,1170.0,28.25
2022-12-19,"Ponta da Madeira, Brazil - Haldia",Iron Ore,Panamax,67920,9206.8,1581.3,661.3,0.1,None,1719.0,55.82
2022-12-19,"Ponta da Madeira, Brazil - Kolkata",Iron Ore,Capesize,183487,9207.4,1797.4,652.3,3.0,None,1617.0,46.19
2022-12-19,"Richards Bay, South Africa - Paradip",Coking Coal,Supramax,61798,5101.3,1030.2,636.4,3.8,None,960.0,25.92
2022-12-19,"Samarinda, Indonesia - Haldia",Thermal Coal,Panamax,86346,2560.1,1581.3,656.5,1.8,None,1487.0,15.12
2022-12-19,"Tubarao, Brazil - Visakhapatnam",Iron Ore,Capesize,173423,8981.5,1797.4,673.2,0.3,None,1909.0,48.13
2022-12-19,"Vale do Rio Doce, Brazil - Haldia",Iron Ore,Panamax,87647,9494.8,1581.3,653.3,0.0,None,1578.0,52.56
2022-12-19,"Vale do Rio Doce, Brazil - Paradip",Iron Ore,Capesize,189781,9380.1,1797.4,657.4,5.0,None,1974.0,49.86
2022-12-19,"Vancouver, Canada - Haldia",Coking Coal,Supramax,56797,7337.7,1030.2,637.5,2.2,None,1075.0,38.67
2022-12-26,"Dampier, Australia - Kolkata",Iron Ore,Panamax,89834,3635.9,1583.1,643.7,3.6,None,1387.0,19.01
2022-12-26,"Gladstone, Australia - Ennore",Coal,Panamax,76701,5565.0,1583.1,655.4,5.2,None,1625.0,31.57
2022-12-26,"Gladstone, Australia - Paradip",Coal,Supramax,49815,5442.2,1048.0,652.3,1.4,None,1090.0,27.93
2022-12-26,"Hay Point, Australia - Haldia",Coking Coal,Panamax,67251,5223.9,1583.1,630.8,2.8,None,1646.0,30.71
2022-12-26,"Hay Point, Australia - Kolkata",Coking Coal,Handysize,29451,5235.2,1004.4,644.6,3.1,None,1040.0,30.37
2022-12-26,"Nacala, Mozambique - Visakhapatnam",Coking Coal,Handysize,38996,3755.5,1004.4,652.0,0.2,None,1004.0,20.2
2022-12-26,"Newcastle, Australia - Paradip",Thermal Coal,Handysize,31255,5793.4,1004.4,645.3,0.0,None,1126.0,29.41
2022-12-26,"Newcastle, Australia - Visakhapatnam",Thermal Coal,Panamax,80386,5849.9,1583.1,646.5,1.4,None,1554.0,31.88
2022-12-26,"Ponta da Madeira, Brazil - Kolkata",Iron Ore,Capesize,188062,9207.4,2039.0,648.4,3.2,None,1884.0,48.24
2022-12-26,"Richards Bay, South Africa - Visakhapatnam",Coking Coal,Supramax,55525,4813.7,1048.0,650.2,2.4,None,984.0,23.7
2022-12-26,"Samarinda, Indonesia - Ennore",Thermal Coal,Supramax,59031,2762.6,1048.0,652.6,3.6,None,943.0,13.4
2022-12-26,"Taboneo, Indonesia - Gangavaram",Thermal Coal,Panamax,67639,2655.0,1583.1,636.7,1.0,None,1598.0,15.37
2022-12-26,"Taboneo, Indonesia - Paradip",Thermal Coal,Panamax,68865,2575.5,1583.1,640.7,2.2,None,1414.0,14.67
2022-12-26,"Vancouver, Canada - Gangavaram",Coking Coal,Supramax,57918,7739.2,1048.0,646.9,1.6,None,1012.0,40.2
2023-01-02,"Abbot Point, Australia - Kolkata",Coal,Supramax,50608,5114.5,1000.1,628.5,1.1,None,999.0,24.45
2023-01-02,"Dampier, Australia - Haldia",Iron Ore,Capesize,207056,3608.6,2072.3,657.1,2.7,None,2156.0,20.66
2023-01-02,"Durban, South Africa - Visakhapatnam",Coal,Panamax,69330,4905.5,1643.2,648.7,2.2,None,1660.0,26.28
2023-01-02,"Newcastle, Australia - Paradip",Thermal Coal,Supramax,49557,5793.4,1000.1,643.7,0.3,None,1001.0,27.79
2023-01-02,"Norfolk, USA - Paradip",Coking Coal,Panamax,72381,8548.6,1643.2,661.3,0.0,None,1573.0,54.82
2023-01-02,"Ponta da Madeira, Brazil - Haldia",Iron Ore,Panamax,69016,9206.8,1643.2,658.7,0.9,None,1661.0,51.06
2023-01-02,"Ponta da Madeira, Brazil - Paradip",Iron Ore,Capesize,183185,9142.2,2072.3,630.8,1.9,None,2041.0,51.33
2023-01-02,"Ponta da Madeira, Brazil - Visakhapatnam",Iron Ore,Panamax,79720,8964.6,1643.2,651.8,2.3,None,1698.0,51.51
2023-01-02,"Saldanha Bay, South Africa - Haldia",Iron Ore,Panamax,76526,6135.1,1643.2,674.3,4.3,None,1543.0,38.17
2023-01-02,"Saldanha Bay, South Africa - Paradip",Iron Ore,Capesize,156310,5982.9,2072.3,648.8,3.0,None,2086.0,32.41
2023-01-02,"Tubarao, Brazil - Ennore",Iron Ore,Panamax,82744,8706.6,1643.2,662.9,4.2,None,1620.0,54.19
2023-01-02,"Tubarao, Brazil - Gangavaram",Iron Ore,Capesize,204099,8973.4,2072.3,642.6,0.0,None,2090.0,45.83
2023-01-02,"Vancouver, Canada - Ennore",Coking Coal,Panamax,71164,8088.7,1643.2,639.4,1.6,None,1556.0,47.62
2023-01-02,"Vancouver, Canada - Visakhapatnam",Coking Coal,Supramax,51505,7730.4,1000.1,628.5,3.0,None,1005.0,37.51
2023-01-09,"Hay Point, Australia - Paradip",Coking Coal,Panamax,87895,5246.5,1756.9,663.7,0.4,None,1850.0,29.03
2023-01-09,"Newcastle, Australia - Ennore",Thermal Coal,Handysize,37203,5823.9,921.4,667.6,1.9,None,994.0,31.05
2023-01-09,"Newcastle, Australia - Kolkata",Thermal Coal,Panamax,68728,5812.9,1756.9,665.3,0.0,None,1716.0,34.42
2023-01-09,"Newcastle, Australia - Paradip",Thermal Coal,Handysize,38181,5793.4,921.4,644.4,3.1,None,1045.0,30.03
2023-01-09,"Norfolk, USA - Ennore",Coking Coal,Panamax,75668,8874.7,1756.9,669.6,0.0,None,1859.0,49.29
2023-01-09,"Ponta da Madeira, Brazil - Gangavaram",Iron Ore,Panamax,79331,8959.2,1756.9,647.8,2.0,None,1969.0,51.13
2023-01-09,"Ponta da Madeira, Brazil - Haldia",Iron Ore,Capesize,175118,9206.8,2088.3,660.0,0.0,None,2227.0,48.22
2023-01-09,"Ponta da Madeira, Brazil - Kolkata",Iron Ore,Capesize,192330,9207.4,2088.3,648.4,1.1,None,1886.0,51.25
2023-01-09,"Richards Bay, South Africa - Gangavaram",Coking Coal,Panamax,75460,4804.0,1756.9,664.5,0.5,None,1820.0,28.4
2023-01-09,"Saldanha Bay, South Africa - Ennore",Iron Ore,Panamax,88080,5338.7,1756.9,672.6,2.4,None,1826.0,29.72
2023-01-09,"Samarinda, Indonesia - Visakhapatnam",Thermal Coal,Panamax,66426,2685.9,1756.9,680.4,5.1,None,1878.0,16.47
2023-01-09,"Vale do Rio Doce, Brazil - Gangavaram",Iron Ore,Capesize,165672,9121.7,2088.3,674.3,1.0,None,2005.0,46.51
2023-01-09,"Vale do Rio Doce, Brazil - Kolkata",Iron Ore,Panamax,87917,9512.7,1756.9,647.6,2.8,None,1827.0,61.88
2023-01-09,"Vale do Rio Doce, Brazil - Visakhapatnam",Iron Ore,Capesize,160314,9129.7,2088.3,664.3,2.8,None,1804.0,51.86
2023-01-09,"Vancouver, Canada - Paradip",Coking Coal,Panamax,76316,7484.8,1756.9,666.6,3.0,None,1728.0,47.12
2023-01-16,"Durban, South Africa - Ennore",Coal,Handysize,38449,4543.3,871.4,712.0,0.0,None,795.0,23.76
2023-01-16,"Durban, South Africa - Haldia",Coal,Panamax,66609,5347.0,1828.5,681.2,0.4,None,1822.0,31.64
2023-01-16,"Durban, South Africa - Paradip",Coal,Panamax,73406,5193.0,1828.5,688.7,0.5,None,1884.0,30.64
2023-01-16,"Gladstone, Australia - Kolkata",Coal,Handysize,33214,5435.4,871.4,688.6,1.7,None,879.0,29.26
2023-01-16,"Hay Point, Australia - Ennore",Coking Coal,Supramax,58108,5386.7,1013.4,674.7,1.2,None,1006.0,30.75
2023-01-16,"Hay Point, Australia - Haldia",Coking Coal,Panamax,80653,5223.9,1828.5,684.7,1.1,None,1787.0,32.4
2023-01-16,"Hay Point, Australia - Paradip",Coking Coal,Supramax,60883,5246.5,1013.4,691.8,0.2,None,1036.0,27.87
2023-01-16,"Nacala, Mozambique - Haldia",Coking Coal,Panamax,71450,4191.3,1828.5,681.1,3.6,None,1918.0,25.22
2023-01-16,"Newcastle, Australia - Haldia",Thermal Coal,Panamax,83569,5795.2,1828.5,686.3,1.6,None,1902.0,35.96
2023-01-16,"Ponta da Madeira, Brazil - Paradip",Iron Ore,Panamax,72462,9142.2,1828.5,677.5,3.7,None,1671.0,55.86
2023-01-16,"Samarinda, Indonesia - Paradip",Thermal Coal,Supramax,53407,2577.8,1013.4,682.7,1.1,None,973.0,12.38
2023-01-16,"Taboneo, Indonesia - Visakhapatnam",Thermal Coal,Supramax,53832,2652.9,1013.4,682.5,2.3,None,1009.0,12.61
2023-01-16,"Vale do Rio Doce, Brazil - Ennore",Iron Ore,Capesize,206153,8858.1,2121.9,675.4,1.5,None,1845.0,51.91
2023-01-16,"Vale do Rio Doce, Brazil - Kolkata",Iron Ore,Capesize,160483,9512.7,2121.9,681.8,2.3,None,2100.0,48.65
2023-01-16,"Vancouver, Canada - Kolkata",Coking Coal,Supramax,55634,7293.3,1013.4,699.8,1.8,None,953.0,37.0
2023-01-23,"Gladstone, Australia - Ennore",Coal,Panamax,72201,5565.0,1665.7,656.9,2.2,None,1753.0,32.17
2023-01-23,"Hay Point, Australia - Ennore",Coking Coal,Supramax,60358,5386.7,1063.2,642.6,3.1,None,1052.0,27.68
2023-01-23,"Hay Point, Australia - Haldia",Coking Coal,Panamax,67160,5223.9,1665.7,647.2,4.0,None,1590.0,33.59
2023-01-23,"Hay Point, Australia - Kolkata",Coking Coal,Supramax,49353,5235.2,1063.2,653.7,2.5,None,1049.0,25.11
2023-01-23,"Newcastle, Australia - Kolkata",Thermal Coal,Handysize,39327,5812.9,882.1,664.5,4.2,None,919.0,29.65
2023-01-23,"Newcastle, Australia - Visakhapatnam",Thermal Coal,Handysize,38352,5849.9,882.1,663.4,2.2,None,928.0,29.6
2023-01-23,"Norfolk, USA - Kolkata",Coking Coal,Handysize,36168,8420.2,882.1,664.7,1.3,None,876.0,41.37
2023-01-23,"Norfolk, USA - Visakhapatnam",Coking Coal,Panamax,82783,8657.5,1665.7,679.9,2.6,None,1777.0,51.91
2023-01-23,"Ponta da Madeira, Brazil - Kolkata",Iron Ore,Capesize,154116,9207.4,2108.4,676.8,0.0,None,2065.0,54.1
2023-01-23,"Ponta da Madeira, Brazil - Paradip",Iron Ore,Capesize,172103,9142.2,2108.4,652.4,2.8,None,2061.0,46.58
2023-01-23,"Richards Bay, South Africa - Gangavaram",Coking Coal,Supramax,58696,4804.0,1063.2,664.5,1.7,None,933.0,24.76
2023-01-23,"Saldanha Bay, South Africa - Haldia",Iron Ore,Capesize,155455,6135.1,2108.4,664.0,2.2,None,1846.0,36.39
2023-01-23,"Samarinda, Indonesia - Kolkata",Thermal Coal,Supramax,60910,2573.8,1063.2,660.4,2.3,None,1132.0,12.87
2023-01-23,"Samarinda, Indonesia - Visakhapatnam",Thermal Coal,Handysize,30280,2685.9,882.1,669.5,1.1,None,962.0,14.61
2023-01-23,"Taboneo, Indonesia - Ennore",Thermal Coal,Supramax,54725,2689.7,1063.2,678.5,1.0,None,1003.0,13.88
2023-01-23,"Taboneo, Indonesia - Visakhapatnam",Thermal Coal,Supramax,51443,2652.9,1063.2,664.0,1.6,None,1062.0,13.64
2023-01-23,"Tubarao, Brazil - Kolkata",Iron Ore,Capesize,180803,9369.5,2108.4,660.0,1.0,None,1956.0,50.72
2023-01-23,"Tubarao, Brazil - Visakhapatnam",Iron Ore,Panamax,80747,8981.5,1665.7,687.0,1.7,None,1860.0,55.12
2023-01-23,"Vale do Rio Doce, Brazil - Gangavaram",Iron Ore,Capesize,161529,9121.7,2108.4,650.1,1.1,None,2164.0,51.21
2023-01-23,"Vancouver, Canada - Ennore",Coking Coal,Panamax,67686,8088.7,1665.7,662.5,3.5,None,1726.0,47.19
2023-01-23,"Vancouver, Canada - Kolkata",Coking Coal,Panamax,77201,7293.3,1665.7,668.9,0.0,None,1813.0,44.12
2023-01-30,"Dampier, Australia - Gangavaram",Iron Ore,Panamax,83388,3569.6,1700.7,656.6,1.0,None,1911.0,22.26
2023-01-30,"Durban, South Africa - Haldia",Coal,Supramax,55921,5347.0,1081.6,673.0,2.1,None,1047.0,28.31
2023-01-30,"Durban, South Africa - Kolkata",Coal,Panamax,75783,5384.9,1700.7,650.6,0.5,None,1584.0,33.34
2023-01-30,"Durban, South Africa - Paradip",Coal,Handysize,30668,5193.0,915.7,662.2,2.4,None,946.0,26.68
2023-01-30,"Gladstone, Australia - Haldia",Coal,Handysize,36494,5423.2,915.7,641.0,1.7,None,967.0,27.19
2023-01-30,"Hay Point, Australia - Gangavaram",Coking Coal,Supramax,53574,5350.8,1081.6,636.9,2.0,None,1029.0,26.52
2023-01-30,"Nacala, Mozambique - Kolkata",Coking Coal,Handysize,33595,4225.9,915.7,641.3,1.2,None,984.0,21.95
2023-01-30,"Nacala, Mozambique - Visakhapatnam",Coking Coal,Panamax,75368,3755.5,1700.7,650.6,3.1,None,1703.0,22.85
2023-01-30,"Norfolk, USA - Haldia",Coking Coal,Panamax,88839,8458.2,1700.7,657.6,2.1,None,1746.0,58.55
2023-01-30,"Ponta da Madeira, Brazil - Paradip",Iron Ore,Capesize,175412,9142.2,2074.0,626.4,1.1,None,1805.0,44.2
2023-01-30,"Richards Bay, South Africa - Kolkata",Coking Coal,Panamax,80254,5292.9,1700.7,676.4,3.6,None,1646.0,34.12
2023-01-30,"Saldanha Bay, South Africa - Haldia",Iron Ore,Panamax,71038,6135.1,1700.7,653.9,2.3,None,1676.0,33.26
2023-01-30,"Saldanha Bay, South Africa - Paradip",Iron Ore,Panamax,67536,5982.9,1700.7,662.3,0.0,None,1740.0,34.52
2023-01-30,"Taboneo, Indonesia - Gangavaram",Thermal Coal,Handysize,38866,2655.0,915.7,674.4,3.8,None,949.0,14.02
2023-01-30,"Taboneo, Indonesia - Visakhapatnam",Thermal Coal,Handysize,39269,2652.9,915.7,677.7,2.6,None,970.0,13.89
2023-01-30,"Tubarao, Brazil - Ennore",Iron Ore,Panamax,75690,8706.6,1700.7,656.4,1.7,None,1579.0,50.39
2023-01-30,"Vale do Rio Doce, Brazil - Visakhapatnam",Iron Ore,Panamax,81538,9129.7,1700.7,658.5,2.5,None,1633.0,55.86
2023-01-30,"Vancouver, Canada - Haldia",Coking Coal,Handysize,38025,7337.7,915.7,644.7,1.2,None,1014.0,34.83
2023-02-06,"Dampier, Australia - Visakhapatnam",Iron Ore,Panamax,79732,3570.3,1832.1,602.8,3.7,None,2073.0,22.8
2023-02-06,"Durban, South Africa - Haldia",Coal,Handysize,39423,5347.0,885.6,640.2,0.0,None,858.0,26.98
2023-02-06,"Gladstone, Australia - Gangavaram",Coal,Handysize,38243,5539.5,885.6,609.7,2.3,None,855.0,26.82
2023-02-06,"Gladstone, Australia - Haldia",Coal,Handysize,33466,5423.2,885.6,636.6,3.3,None,854.0,30.6
2023-02-06,"Hay Point, Australia - Kolkata",Coking Coal,Supramax,56642,5235.2,1047.6,615.8,3.6,None,907.0,24.56
2023-02-06,"Nacala, Mozambique - Ennore",Coking Coal,Handysize,34649,3410.6,885.6,598.7,2.0,None,816.0,17.16
2023-02-06,"Nacala, Mozambique - Haldia",Coking Coal,Panamax,72041,4191.3,1832.1,634.1,4.2,None,1855.0,27.67
2023-02-06,"Newcastle, Australia - Gangavaram",Thermal Coal,Supramax,57090,5850.9,1047.6,612.9,1.8,None,929.0,31.41
2023-02-06,"Newcastle, Australia - Paradip",Thermal Coal,Supramax,48273,5793.4,1047.6,591.2,2.4,None,1075.0,28.45
2023-02-06,"Newcastle, Australia - Visakhapatnam",Thermal Coal,Panamax,88711,5849.9,1832.1,629.8,1.3,None,1934.0,32.07
2023-02-06,"Norfolk, USA - Gangavaram",Coking Coal,Panamax,73222,8662.0,1832.1,624.2,3.6,None,1802.0,54.58
2023-02-06,"Ponta da Madeira, Brazil - Kolkata",Iron Ore,Capesize,164648,9207.4,1905.6,648.3,4.0,None,2006.0,44.06
2023-02-06,"Ponta da Madeira, Brazil - Visakhapatnam",Iron Ore,Panamax,82242,8964.6,1832.1,628.9,1.7,None,1796.0,50.85
2023-02-06,"Richards Bay, South Africa - Haldia",Coking Coal,Handysize,34475,5255.1,885.6,628.9,1.0,None,848.0,24.35
2023-02-06,"Saldanha Bay, South Africa - Ennore",Iron Ore,Capesize,185817,5338.7,1905.6,622.5,2.8,None,1653.0,25.0
2023-02-06,"Saldanha Bay, South Africa - Visakhapatnam",Iron Ore,Capesize,199295,5695.2,1905.6,639.8,3.3,None,1782.0,30.07
2023-02-06,"Taboneo, Indonesia - Ennore",Thermal Coal,Supramax,59410,2689.7,1047.6,640.1,1.8,None,1049.0,14.0
2023-02-06,"Taboneo, Indonesia - Visakhapatnam",Thermal Coal,Panamax,77065,2652.9,1832.1,625.5,3.5,None,2048.0,16.09
2023-02-06,"Tubarao, Brazil - Ennore",Iron Ore,Capesize,184484,8706.6,1905.6,624.2,1.1,None,2055.0,42.86
2023-02-13,"Durban, South Africa - Ennore",Coal,Supramax,57947,4543.3,1071.5,631.5,4.4,None,1039.0,22.27
2023-02-13,"Durban, South Africa - Haldia",Coal,Handysize,29160,5347.0,837.2,635.2,2.1,None,881.0,25.73
2023-02-13,"Durban, South Africa - Visakhapatnam",Coal,Handysize,31296,4905.5,837.2,645.2,1.4,None,868.0,23.92
2023-02-13,"Hay Point, Australia - Ennore",Coking Coal,Supramax,60147,5386.7,1071.5,617.5,3.4,None,1184.0,27.43
2023-02-13,"Nacala, Mozambique - Paradip",Coking Coal,Handysize,39783,4041.9,837.2,607.5,2.3,None,810.0,18.0
2023-02-13,"Newcastle, Australia - Ennore",Thermal Coal,Panamax,84666,5823.9,1833.8,631.7,0.0,None,1869.0,37.29
2023-02-13,"Newcastle, Australia - Kolkata",Thermal Coal,Supramax,49270,5812.9,1071.5,634.8,2.2,None,1141.0,28.58
2023-02-13,"Richards Bay, South Africa - Paradip",Coking Coal,Handysize,31249,5101.3,837.2,659.3,3.8,None,927.0,25.37
2023-02-13,"Samarinda, Indonesia - Ennore",Thermal Coal,Supramax,59606,2762.6,1071.5,624.1,2.4,None,1143.0,13.65
2023-02-13,"Taboneo, Indonesia - Haldia",Thermal Coal,Supramax,59005,2575.7,1071.5,615.9,2.4,None,1028.0,13.18
2023-02-13,"Tubarao, Brazil - Haldia",Iron Ore,Panamax,66256,9350.8,1833.8,637.5,2.9,None,1949.0,52.71
2023-02-13,"Tubarao, Brazil - Visakhapatnam",Iron Ore,Capesize,183704,8981.5,1974.6,638.2,1.8,None,1737.0,49.6
2023-02-20,"Abbot Point, Australia - Gangavaram",Coal,Handysize,36772,5235.8,901.3,621.3,0.8,None,897.0,24.55
2023-02-20,"Durban, South Africa - Haldia",Coal,Panamax,86268,5347.0,1783.3,624.2,2.8,None,1753.0,35.44
2023-02-20,"Durban, South Africa - Visakhapatnam",Coal,Handysize,28528,4905.5,901.3,635.0,0.0,None,939.0,24.86
2023-02-20,"Gladstone, Australia - Kolkata",Coal,Handysize,30302,5435.4,901.3,616.1,2.3,None,930.0,26.81
2023-02-20,"Hay Point, Australia - Paradip",Coking Coal,Supramax,58059,5246.5,998.8,633.0,3.0,None,780.0,25.43
2023-02-20,"Hay Point, Australia - Visakhapatnam",Coking Coal,Supramax,52440,5348.2,998.8,611.9,2.8,None,949.0,23.81
2023-02-20,"Newcastle, Australia - Gangavaram",Thermal Coal,Handysize,30592,5850.9,901.3,630.5,1.4,None,869.0,29.15
2023-02-20,"Ponta da Madeira, Brazil - Haldia",Iron Ore,Capesize,206950,9206.8,1970.0,625.9,2.0,None,1958.0,47.01
2023-02-20,"Saldanha Bay, South Africa - Visakhapatnam",Iron Ore,Capesize,177972,5695.2,1970.0,613.0,2.7,None,2185.0,27.9
2023-02-20,"Tubarao, Brazil - Haldia",Iron Ore,Capesize,196386,9350.8,1970.0,628.2,3.2,None,2055.0,47.53
2023-02-20,"Tubarao, Brazil - Kolkata",Iron Ore,Panamax,69225,9369.5,1783.3,625.5,1.8,None,1904.0,59.47
2023-02-20,"Vancouver, Canada - Ennore",Coking Coal,Handysize,28549,8088.7,901.3,606.7,1.3,None,958.0,39.68
2023-02-20,"Vancouver, Canada - Paradip",Coking Coal,Handysize,39123,7484.8,901.3,612.6,3.1,None,1060.0,35.82
2023-02-20,"Vancouver, Canada - Visakhapatnam",Coking Coal,Panamax,75820,7730.4,1783.3,614.0,2.0,None,1819.0,46.52
2023-02-27,"Durban, South Africa - Haldia",Coal,Supramax,59381,5347.0,1068.2,646.7,1.8,None,1088.0,25.24
2023-02-27,"Gladstone, Australia - Paradip",Coal,Handysize,30858,5442.2,928.1,608.4,1.9,None,919.0,26.76
2023-02-27,"Gladstone, Australia - Visakhapatnam",Coal,Supramax,53383,5537.2,1068.2,606.4,2.3,None,1045.0,27.83
2023-02-27,"Hay Point, Australia - Visakhapatnam",Coking Coal,Handysize,37587,5348.2,928.1,608.8,0.5,None,865.0,24.79
2023-02-27,"Newcastle, Australia - Ennore",Thermal Coal,Supramax,56099,5823.9,1068.2,617.0,1.2,None,1133.0,28.91
2023-02-27,"Norfolk, USA - Paradip",Coking Coal,Supramax,49313,8548.6,1068.2,636.7,1.1,None,1045.0,39.32
2023-02-27,"Norfolk, USA - Visakhapatnam",Coking Coal,Panamax,87851,8657.5,1808.6,612.9,0.5,None,1840.0,50.35
2023-02-27,"Richards Bay, South Africa - Haldia",Coking Coal,Supramax,58903,5255.1,1068.2,615.4,1.9,None,1012.0,27.34
2023-02-27,"Saldanha Bay, South Africa - Ennore",Iron Ore,Panamax,88391,5338.7,1808.6,620.1,1.6,None,1986.0,29.46
2023-02-27,"Saldanha Bay, South Africa - Gangavaram",Iron Ore,Capesize,204102,5685.5,2120.1,594.0,2.4,None,2179.0,31.09
2023-02-27,"Saldanha Bay, South Africa - Haldia",Iron Ore,Panamax,87034,6135.1,1808.6,619.8,2.1,None,1855.0,36.58
2023-02-27,"Saldanha Bay, South Africa - Kolkata",Iron Ore,Panamax,79124,6171.5,1808.6,620.3,0.7,None,2006.0,39.15
2023-02-27,"Samarinda, Indonesia - Gangavaram",Thermal Coal,Handysize,38571,2689.0,928.1,624.0,3.1,None,884.0,14.34
2023-02-27,"Samarinda, Indonesia - Haldia",Thermal Coal,Handysize,32883,2560.1,928.1,595.4,2.9,None,1020.0,13.83
2023-02-27,"Samarinda, Indonesia - Paradip",Thermal Coal,Supramax,53186,2577.8,1068.2,625.4,2.1,None,916.0,12.37
2023-02-27,"Tubarao, Brazil - Ennore",Iron Ore,Panamax,82429,8706.6,1808.6,607.6,2.4,None,1755.0,53.28
2023-02-27,"Tubarao, Brazil - Haldia",Iron Ore,Capesize,176752,9350.8,2120.1,620.5,1.2,None,1785.0,51.2
2023-02-27,"Tubarao, Brazil - Visakhapatnam",Iron Ore,Capesize,160634,8981.5,2120.1,632.7,2.0,None,2287.0,47.44
2023-02-27,"Vale do Rio Doce, Brazil - Ennore",Iron Ore,Panamax,67155,8858.1,1808.6,626.1,0.1,None,1655.0,54.21
2023-02-27,"Vancouver, Canada - Kolkata",Coking Coal,Supramax,49172,7293.3,1068.2,613.5,0.2,None,1017.0,36.34
2023-03-06,"Abbot Point, Australia - Gangavaram",Coal,Handysize,35812,5235.8,899.7,612.9,1.1,None,924.0,26.12
2023-03-06,"Dampier, Australia - Ennore",Iron Ore,Panamax,65834,3491.8,1760.1,601.0,2.0,None,1936.0,21.04
2023-03-06,"Dampier, Australia - Kolkata",Iron Ore,Panamax,69889,3635.9,1760.1,587.4,1.6,None,1781.0,21.9
2023-03-06,"Durban, South Africa - Visakhapatnam",Coal,Supramax,54534,4905.5,1161.0,611.1,3.3,None,1116.0,27.01
2023-03-06,"Gladstone, Australia - Gangavaram",Coal,Panamax,77842,5539.5,1760.1,607.7,3.5,None,1853.0,29.77
2023-03-06,"Gladstone, Australia - Haldia",Coal,Handysize,39322,5423.2,899.7,625.7,2.7,None,947.0,27.08
2023-03-06,"Nacala, Mozambique - Haldia",Coking Coal,Handysize,29901,4191.3,899.7,586.5,0.0,None,782.0,21.76
2023-03-06,"Newcastle, Australia - Ennore",Thermal Coal,Supramax,53983,5823.9,1161.0,589.4,1.1,None,1125.0,29.91
2023-03-06,"Newcastle, Australia - Visakhapatnam",Thermal Coal,Supramax,48325,5849.9,1161.0,606.4,1.6,None,1078.0,31.44
2023-03-06,"Norfolk, USA - Visakhapatnam",Coking Coal,Handysize,34401,8657.5,899.7,602.7,0.0,None,1035.0,42.97
2023-03-06,"Ponta da Madeira, Brazil - Paradip",Iron Ore,Capesize,150861,9142.2,2078.2,605.8,0.8,None,1934.0,48.34
2023-03-06,"Richards Bay, South Africa - Ennore",Coking Coal,Panamax,76680,4452.0,1760.1,597.6,2.2,None,1764.0,26.59
2023-03-06,"Saldanha Bay, South Africa - Ennore",Iron Ore,Capesize,186675,5338.7,2078.2,621.2,3.3,None,2356.0,27.46
2023-03-06,"Saldanha Bay, South Africa - Visakhapatnam",Iron Ore,Panamax,76651,5695.2,1760.1,621.8,2.2,None,1839.0,32.98
2023-03-06,"Taboneo, Indonesia - Paradip",Thermal Coal,Supramax,53417,2575.5,1161.0,593.5,2.1,None,1314.0,13.74
2023-03-06,"Tubarao, Brazil - Haldia",Iron Ore,Capesize,175494,9350.8,2078.2,625.1,3.3,None,2180.0,48.86
2023-03-06,"Tubarao, Brazil - Visakhapatnam",Iron Ore,Panamax,87056,8981.5,1760.1,614.3,1.6,None,1861.0,50.27
2023-03-06,"Vale do Rio Doce, Brazil - Ennore",Iron Ore,Panamax,81206,8858.1,1760.1,607.1,1.9,None,1817.0,47.58
2023-03-06,"Vancouver, Canada - Ennore",Coking Coal,Supramax,52332,8088.7,1161.0,611.4,1.7,None,1215.0,40.77
2023-03-13,"Abbot Point, Australia - Ennore",Coal,Panamax,69485,5277.3,1815.8,619.4,1.7,None,1885.0,35.43
2023-03-13,"Abbot Point, Australia - Visakhapatnam",Coal,Supramax,61389,5233.1,1085.6,617.4,1.5,None,1072.0,27.58
2023-03-13,"Dampier, Australia - Haldia",Iron Ore,Capesize,172441,3608.6,1853.1,603.9,1.3,None,1950.0,18.17
2023-03-13,"Dampier, Australia - Visakhapatnam",Iron Ore,Panamax,86462,3570.3,1815.8,637.0,0.8,None,1889.0,21.74
2023-03-13,"Durban, South Africa - Paradip",Coal,Supramax,60114,5193.0,1085.6,602.3,3.2,None,1146.0,26.05
2023-03-13,"Gladstone, Australia - Kolkata",Coal,Handysize,30395,5435.4,742.2,611.5,3.0,None,776.0,25.37
2023-03-13,"Hay Point, Australia - Ennore",Coking Coal,Handysize,30375,5386.7,742.2,625.7,1.3,None,773.0,22.83
2023-03-13,"Hay Point, Australia - Haldia",Coking Coal,Supramax,49504,5223.9,1085.6,604.7,2.0,None,1019.0,27.34
2023-03-13,"Hay Point, Australia - Kolkata",Coking Coal,Handysize,39470,5235.2,742.2,612.4,1.9,None,777.0,23.5
2023-03-13,"Ponta da Madeira, Brazil - Haldia",Iron Ore,Capesize,185908,9206.8,1853.1,613.2,0.6,None,1779.0,43.93
2023-03-13,"Ponta da Madeira, Brazil - Visakhapatnam",Iron Ore,Capesize,192645,8964.6,1853.1,622.5,4.3,None,1680.0,48.21
2023-03-13,"Richards Bay, South Africa - Visakhapatnam",Coking Coal,Panamax,86915,4813.7,1815.8,607.9,2.6,None,1727.0,27.33
2023-03-13,"Saldanha Bay, South Africa - Kolkata",Iron Ore,Capesize,168452,6171.5,1853.1,622.6,1.4,None,1816.0,32.8
2023-03-13,"Samarinda, Indonesia - Haldia",Thermal Coal,Supramax,58812,2560.1,1085.6,620.4,3.8,None,1070.0,13.0
2023-03-13,"Samarinda, Indonesia - Kolkata",Thermal Coal,Handysize,34504,2573.8,742.2,611.5,2.5,None,779.0,12.15
2023-03-13,"Tubarao, Brazil - Ennore",Iron Ore,Capesize,200901,8706.6,1853.1,604.7,1.9,None,1758.0,46.93
2023-03-13,"Tubarao, Brazil - Visakhapatnam",Iron Ore,Panamax,82842,8981.5,1815.8,620.9,3.9,None,1800.0,58.12
2023-03-13,"Vale do Rio Doce, Brazil - Haldia",Iron Ore,Capesize,197651,9494.8,1853.1,624.1,1.1,None,1893.0,50.18
2023-03-13,"Vancouver, Canada - Paradip",Coking Coal,Supramax,61558,7484.8,1085.6,601.2,1.4,None,1103.0,38.75
2023-03-20,"Abbot Point, Australia - Kolkata",Coal,Handysize,32866,5114.5,751.7,622.2,0.7,None,676.0,24.75
2023-03-20,"Durban, South Africa - Visakhapatnam",Coal,Panamax,86868,4905.5,1811.2,613.5,1.4,None,1929.0,29.34
2023-03-20,"Gladstone, Australia - Gangavaram",Coal,Handysize,30919,5539.5,751.7,621.7,2.9,None,716.0,24.73
2023-03-20,"Hay Point, Australia - Gangavaram",Coking Coal,Panamax,87923,5350.8,1811.2,622.1,2.1,None,1535.0,29.77
2023-03-20,"Nacala, Mozambique - Haldia",Coking Coal,Supramax,57102,4191.3,1124.5,619.2,1.6,None,1089.0,20.76
2023-03-20,"Newcastle, Australia - Visakhapatnam",Thermal Coal,Panamax,84210,5849.9,1811.2,604.6,3.4,None,1945.0,35.03
2023-03-20,"Norfolk, USA - Haldia",Coking Coal,Supramax,59806,8458.2,1124.5,618.0,0.5,None,1020.0,46.27
2023-03-20,"Norfolk, USA - Visakhapatnam",Coking Coal,Supramax,58648,8657.5,1124.5,633.9,1.4,None,1067.0,43.11
2023-03-20,"Ponta da Madeira, Brazil - Kolkata",Iron Ore,Capesize,186583,9207.4,1851.5,608.2,3.5,None,1944.0,44.06
2023-03-20,"Samarinda, Indonesia - Gangavaram",Thermal Coal,Handysize,30294,2689.0,751.7,608.6,1.7,None,710.0,11.43
2023-03-20,"Samarinda, Indonesia - Haldia",Thermal Coal,Handysize,38676,2560.1,751.7,590.5,3.7,None,747.0,12.58
2023-03-20,"Taboneo, Indonesia - Visakhapatnam",Thermal Coal,Supramax,61635,2652.9,1124.5,602.2,5.1,None,1077.0,13.53
2023-03-20,"Tubarao, Brazil - Kolkata",Iron Ore,Capesize,164682,9369.5,1851.5,603.2,1.9,None,1830.0,45.48
2023-03-20,"Tubarao, Brazil - Paradip",Iron Ore,Capesize,163727,9234.1,1851.5,623.0,0.0,None,1957.0,43.71
2023-03-27,"Abbot Point, Australia - Gangavaram",Coal,Handysize,32556,5235.8,798.3,611.6,1.3,None,817.0,25.14
2023-03-27,"Dampier, Australia - Kolkata",Iron Ore,Capesize,191851,3635.9,2065.9,603.2,0.7,None,2132.0,17.21
2023-03-27,"Dampier, Australia - Paradip",Iron Ore,Capesize,159130,3570.5,2065.9,606.9,0.1,None,2156.0,19.13
2023-03-27,"Durban, South Africa - Gangavaram",Coal,Supramax,50556,4895.8,1063.4,592.4,2.0,None,1042.0,23.63
2023-03-27,"Gladstone, Australia - Paradip",Coal,Panamax,83145,5442.2,1933.2,623.2,2.9,None,1916.0,34.87
2023-03-27,"Hay Point, Australia - Ennore",Coking Coal,Handysize,38774,5386.7,798.3,609.9,3.4,None,691.0,23.79
2023-03-27,"Hay Point, Australia - Haldia",Coking Coal,Panamax,68951,5223.9,1933.2,597.2,1.5,None,2046.0,33.78
2023-03-27,"Nacala, Mozambique - Visakhapatnam",Coking Coal,Handysize,34892,3755.5,798.3,611.2,2.2,None,840.0,17.92
2023-03-27,"Norfolk, USA - Visakhapatnam",Coking Coal,Supramax,60993,8657.5,1063.4,609.0,3.1,None,1183.0,47.32
2023-03-27,"Saldanha Bay, South Africa - Visakhapatnam",Iron Ore,Capesize,200093,5695.2,2065.9,578.9,2.2,None,1815.0,32.27
2023-03-27,"Tubarao, Brazil - Paradip",Iron Ore,Panamax,70422,9234.1,1933.2,610.8,2.9,None,1935.0,52.6
2023-03-27,"Vale do Rio Doce, Brazil - Ennore",Iron Ore,Panamax,81279,8858.1,1933.2,624.2,2.2,None,1725.0,58.59
2023-04-03,"Durban, South Africa - Ennore",Coal,Panamax,68892,4543.3,1971.2,623.3,4.6,None,2209.0,29.71
2023-04-03,"Gladstone, Australia - Haldia",Coal,Supramax,50569,5423.2,1148.5,634.8,1.5,None,1147.0,29.72
2023-04-03,"Hay Point, Australia - Kolkata",Coking Coal,Panamax,69013,5235.2,1971.2,600.7,2.2,None,1933.0,34.11
2023-04-03,"Hay Point, Australia - Visakhapatnam",Coking Coal,Panamax,66864,5348.2,1971.2,627.0,1.5,None,2065.0,36.98
2023-04-03,"Nacala, Mozambique - Gangavaram",Coking Coal,Handysize,39154,3745.9,870.5,612.8,3.1,None,860.0,18.38
2023-04-03,"Richards Bay, South Africa - Ennore",Coking Coal,Handysize,31546,4452.0,870.5,625.5,3.4,None,692.0,22.28
2023-04-03,"Richards Bay, South Africa - Gangavaram",Coking Coal,Supramax,53410,4804.0,1148.5,638.2,0.0,None,1305.0,26.88
2023-04-03,"Saldanha Bay, South Africa - Kolkata",Iron Ore,Capesize,185082,6171.5,2024.0,646.5,2.6,None,2134.0,32.38
2023-04-03,"Saldanha Bay, South Africa - Visakhapatnam",Iron Ore,Capesize,192447,5695.2,2024.0,614.4,0.1,None,2059.0,31.08
2023-04-03,"Samarinda, Indonesia - Kolkata",Thermal Coal,Panamax,84083,2573.8,1971.2,602.7,1.1,None,1877.0,16.3
2023-04-03,"Taboneo, Indonesia - Ennore",Thermal Coal,Supramax,53023,2689.7,1148.5,621.2,4.2,None,1222.0,12.95
2023-04-03,"Taboneo, Indonesia - Kolkata",Thermal Coal,Handysize,31502,2594.2,870.5,617.8,2.8,None,863.0,13.12
2023-04-03,"Vale do Rio Doce, Brazil - Ennore",Iron Ore,Panamax,82747,8858.1,1971.2,616.4,5.1,None,1978.0,53.14
2023-04-03,"Vale do Rio Doce, Brazil - Haldia",Iron Ore,Panamax,85700,9494.8,1971.2,633.3,1.7,None,1699.0,61.51
2023-04-10,"Dampier, Australia - Kolkata",Iron Ore,Capesize,177610,3635.9,1922.5,610.9,0.0,None,1853.0,18.94
2023-04-10,"Durban, South Africa - Ennore",Coal,Supramax,48648,4543.3,1219.4,613.9,4.2,None,1198.0,21.54
2023-04-10,"Durban, South Africa - Gangavaram",Coal,Handysize,37462,4895.8,841.6,632.8,1.3,None,784.0,23.28
2023-04-10,"Durban, South Africa - Kolkata",Coal,Supramax,48101,5384.9,1219.4,610.7,3.5,None,1139.0,26.3
2023-04-10,"Hay Point, Australia - Ennore",Coking Coal,Handysize,39057,5386.7,841.6,602.4,1.7,None,850.0,26.11
2023-04-10,"Hay Point, Australia - Kolkata",Coking Coal,Handysize,39110,5235.2,841.6,610.6,3.9,None,792.0,24.98
2023-04-10,"Hay Point, Australia - Paradip",Coking Coal,Handysize,34301,5246.5,841.6,609.7,1.7,None,850.0,23.87
2023-04-10,"Nacala, Mozambique - Haldia",Coking Coal,Supramax,51137,4191.3,1219.4,589.9,4.5,None,1226.0,21.71
2023-04-10,"Nacala, Mozambique - Visakhapatnam",Coking Coal,Panamax,73583,3755.5,1897.9,596.3,1.7,None,1876.0,24.54
2023-04-10,"Norfolk, USA - Gangavaram",Coking Coal,Supramax,61217,8662.0,1219.4,633.0,1.8,None,1156.0,44.89
2023-04-10,"Norfolk, USA - Visakhapatnam",Coking Coal,Panamax,80029,8657.5,1897.9,597.1,3.1,None,1913.0,51.87
2023-04-10,"Ponta da Madeira, Brazil - Paradip",Iron Ore,Capesize,163491,9142.2,1922.5,616.5,0.0,None,2004.0,47.31
2023-04-10,"Richards Bay, South Africa - Ennore",Coking Coal,Panamax,86548,4452.0,1897.9,607.8,1.0,None,1747.0,25.07
2023-04-10,"Saldanha Bay, South Africa - Paradip",Iron Ore,Capesize,171216,5982.9,1922.5,598.1,1.4,None,1967.0,28.28
2023-04-10,"Samarinda, Indonesia - Paradip",Thermal Coal,Supramax,55416,2577.8,1219.4,596.8,2.3,None,1301.0,14.09
2023-04-10,"Taboneo, Indonesia - Gangavaram",Thermal Coal,Handysize,37467,2655.0,841.6,598.5,1.7,None,776.0,12.09
2023-04-10,"Tubarao, Brazil - Visakhapatnam",Iron Ore,Panamax,71181,8981.5,1897.9,606.3,1.1,None,1814.0,52.79
2023-04-10,"Vancouver, Canada - Haldia",Coking Coal,Panamax,87455,7337.7,1897.9,619.0,1.4,None,1823.0,44.05
2023-04-10,"Vancouver, Canada - Kolkata",Coking Coal,Panamax,70868,7293.3,1897.9,620.1,3.3,None,2084.0,48.21
2023-04-17,"Abbot Point, Australia - Gangavaram",Coal,Handysize,39773,5235.8,815.5,621.5,1.7,None,762.0,27.79
2023-04-17,"Abbot Point, Australia - Haldia",Coal,Supramax,54534,5103.7,1208.7,599.6,1.5,None,1175.0,26.64
2023-04-17,"Dampier, Australia - Haldia",Iron Ore,Capesize,179593,3608.6,1787.6,579.4,1.9,None,1666.0,16.63
2023-04-17,"Gladstone, Australia - Ennore",Coal,Supramax,61760,5565.0,1208.7,608.9,1.8,None,1235.0,29.11
2023-04-17,"Gladstone, Australia - Visakhapatnam",Coal,Panamax,72543,5537.2,1946.4,593.9,0.5,None,1839.0,36.94
2023-04-17,"Newcastle, Australia - Gangavaram",Thermal Coal,Supramax,54817,5850.9,1208.7,617.7,1.2,None,1209.0,28.34
2023-04-17,"Newcastle, Australia - Visakhapatnam",Thermal Coal,Panamax,71981,5849.9,1946.4,605.2,1.9,None,1945.0,37.03
2023-04-17,"Ponta da Madeira, Brazil - Paradip",Iron Ore,Panamax,75475,9142.2,1946.4,602.6,0.9,None,1804.0,60.06
2023-04-17,"Richards Bay, South Africa - Gangavaram",Coking Coal,Supramax,51534,4804.0,1208.7,577.9,1.4,None,1245.0,21.88
2023-04-17,"Richards Bay, South Africa - Haldia",Coking Coal,Panamax,81012,5255.1,1946.4,613.3,1.3,None,1939.0,35.58
2023-04-17,"Richards Bay, South Africa - Paradip",Coking Coal,Supramax,61227,5101.3,1208.7,592.0,3.2,None,1234.0,27.26
2023-04-17,"Taboneo, Indonesia - Visakhapatnam",Thermal Coal,Handysize,39062,2652.9,815.5,586.9,3.4,None,775.0,12.65
2023-04-17,"Tubarao, Brazil - Haldia",Iron Ore,Panamax,76249,9350.8,1946.4,574.5,2.1,None,2039.0,56.81
2023-04-17,"Vale do Rio Doce, Brazil - Paradip",Iron Ore,Panamax,77428,9380.1,1946.4,584.3,2.6,None,2256.0,57.87
2023-04-24,"Abbot Point, Australia - Paradip",Coal,Panamax,75831,5127.9,2023.2,636.9,3.6,None,1739.0,35.58
2023-04-24,"Dampier, Australia - Kolkata",Iron Ore,Capesize,173630,3635.9,1673.9,643.2,0.4,None,1725.0,17.95
2023-04-24,"Gladstone, Australia - Paradip",Coal,Panamax,68428,5442.2,2023.2,621.9,0.6,None,1927.0,33.64
2023-04-24,"Hay Point, Australia - Paradip",Coking Coal,Handysize,33386,5246.5,801.2,599.8,1.9,None,824.0,25.08
2023-04-24,"Nacala, Mozambique - Gangavaram",Coking Coal,Panamax,86486,3745.9,2023.2,627.4,0.8,None,2229.0,22.27
2023-04-24,"Nacala, Mozambique - Haldia",Coking Coal,Handysize,28134,4191.3,801.2,640.4,2.1,None,757.0,19.1
2023-04-24,"Newcastle, Australia - Ennore",Thermal Coal,Handysize,31579,5823.9,801.2,612.0,2.0,None,883.0,27.57
2023-04-24,"Newcastle, Australia - Haldia",Thermal Coal,Supramax,59369,5795.2,1284.1,618.1,2.0,None,1374.0,34.99
2023-04-24,"Ponta da Madeira, Brazil - Ennore",Iron Ore,Panamax,82080,8806.3,2023.2,626.5,3.4,None,1941.0,55.85
2023-04-24,"Richards Bay, South Africa - Ennore",Coking Coal,Supramax,53195,4452.0,1284.1,611.7,1.8,None,1181.0,24.18
2023-04-24,"Saldanha Bay, South Africa - Haldia",Iron Ore,Capesize,175579,6135.1,1673.9,658.2,2.3,None,1659.0,31.57
2023-04-24,"Saldanha Bay, South Africa - Kolkata",Iron Ore,Capesize,153942,6171.5,1673.9,632.7,1.9,None,1749.0,30.41
2023-04-24,"Taboneo, Indonesia - Ennore",Thermal Coal,Panamax,69631,2689.7,2023.2,622.8,2.5,None,1946.0,16.98
2023-04-24,"Vancouver, Canada - Ennore",Coking Coal,Panamax,67247,8088.7,2023.2,655.0,1.7,None,2024.0,53.44
2023-05-01,"Abbot Point, Australia - Haldia",Coal,Panamax,79571,5103.7,1962.3,634.2,0.0,None,2088.0,32.76
2023-05-01,"Dampier, Australia - Paradip",Iron Ore,Panamax,74568,3570.5,1962.3,623.9,3.9,None,2061.0,23.96
2023-05-01,"Durban, South Africa - Ennore",Coal,Supramax,51852,4543.3,1257.4,601.1,2.0,None,1186.0,23.69
2023-05-01,"Gladstone, Australia - Haldia",Coal,Panamax,65910,5423.2,1962.3,634.2,0.5,None,2068.0,35.04
2023-05-01,"Gladstone, Australia - Paradip",Coal,Supramax,48905,5442.2,1257.4,614.4,3.2,None,1138.0,28.34
2023-05-01,"Gladstone, Australia - Visakhapatnam",Coal,Handysize,29874,5537.2,857.7,618.8,3.7,None,841.0,27.03
2023-05-01,"Hay Point, Australia - Gangavaram",Coking Coal,Supramax,53102,5350.8,1257.4,630.0,0.7,None,1248.0,30.48
2023-05-01,"Hay Point, Australia - Paradip",Coking Coal,Handysize,32173,5246.5,857.7,616.5,3.6,None,861.0,25.55
2023-05-01,"Nacala, Mozambique - Haldia",Coking Coal,Supramax,49762,4191.3,1257.4,618.1,0.1,None,1356.0,25.3
2023-05-01,"Nacala, Mozambique - Paradip",Coking Coal,Handysize,30666,4041.9,857.7,638.7,3.8,None,859.0,18.61
2023-05-01,"Newcastle, Australia - Ennore",Thermal Coal,Supramax,61695,5823.9,1257.4,633.0,0.9,None,1281.0,33.41
2023-05-01,"Ponta da Madeira, Brazil - Haldia",Iron Ore,Panamax,89613,9206.8,1962.3,628.9,2.9,None,1801.0,52.98
2023-05-01,"Ponta da Madeira, Brazil - Paradip",Iron Ore,Capesize,189911,9142.2,1653.7,633.7,2.8,None,1543.0,39.8
2023-05-01,"Ponta da Madeira, Brazil - Visakhapatnam",Iron Ore,Panamax,67708,8964.6,1962.3,613.6,1.2,None,2002.0,55.61
2023-05-01,"Saldanha Bay, South Africa - Kolkata",Iron Ore,Panamax,70206,6171.5,1962.3,586.7,3.1,None,2120.0,38.68
2023-05-01,"Samarinda, Indonesia - Paradip",Thermal Coal,Handysize,39609,2577.8,857.7,630.5,0.2,None,898.0,12.25
2023-05-01,"Taboneo, Indonesia - Gangavaram",Thermal Coal,Panamax,88539,2655.0,1962.3,622.5,0.6,None,2040.0,17.45
2023-05-01,"Tubarao, Brazil - Paradip",Iron Ore,Panamax,87983,9234.1,1962.3,631.4,0.0,None,2006.0,58.5
2023-05-01,"Vale do Rio Doce, Brazil - Ennore",Iron Ore,Panamax,66944,8858.1,1962.3,635.7,3.2,None,1814.0,62.88
2023-05-01,"Vancouver, Canada - Gangavaram",Coking Coal,Panamax,76140,7739.2,1962.3,623.2,3.3,None,2036.0,47.38
2023-05-08,"Abbot Point, Australia - Gangavaram",Coal,Panamax,65516,5235.8,1916.2,599.1,3.1,None,1729.0,32.15
2023-05-08,"Dampier, Australia - Paradip",Iron Ore,Panamax,77560,3570.5,1916.2,613.1,2.5,None,1558.0,22.62
2023-05-08,"Dampier, Australia - Visakhapatnam",Iron Ore,Capesize,156496,3570.3,1528.5,610.6,2.6,None,1437.0,17.16
2023-05-08,"Newcastle, Australia - Gangavaram",Thermal Coal,Panamax,73963,5850.9,1916.2,617.8,0.7,None,2046.0,40.07
2023-05-08,"Newcastle, Australia - Kolkata",Thermal Coal,Supramax,56739,5812.9,1216.6,645.4,1.7,None,1214.0,30.67
2023-05-08,"Norfolk, USA - Gangavaram",Coking Coal,Supramax,54096,8662.0,1216.6,624.4,2.8,None,1130.0,45.94
2023-05-08,"Richards Bay, South Africa - Gangavaram",Coking Coal,Handysize,39176,4804.0,801.9,619.4,1.6,None,765.0,21.63
2023-05-08,"Samarinda, Indonesia - Gangavaram",Thermal Coal,Handysize,30629,2689.0,801.9,604.8,3.0,None,763.0,12.82
2023-05-08,"Taboneo, Indonesia - Visakhapatnam",Thermal Coal,Handysize,37135,2652.9,801.9,607.8,0.3,None,803.0,11.33
2023-05-08,"Tubarao, Brazil - Ennore",Iron Ore,Panamax,77801,8706.6,1916.2,622.8,1.6,None,1909.0,54.95
2023-05-08,"Tubarao, Brazil - Haldia",Iron Ore,Panamax,86118,9350.8,1916.2,616.1,2.2,None,1726.0,54.63
2023-05-08,"Vale do Rio Doce, Brazil - Ennore",Iron Ore,Panamax,88313,8858.1,1916.2,627.7,1.1,None,1662.0,53.52
2023-05-08,"Vale do Rio Doce, Brazil - Paradip",Iron Ore,Capesize,182950,9380.1,1528.5,596.5,2.4,None,1502.0,39.92
2023-05-15,"Abbot Point, Australia - Gangavaram",Coal,Handysize,30884,5235.8,806.1,586.7,1.7,None,999.0,25.31
2023-05-15,"Abbot Point, Australia - Paradip",Coal,Panamax,70407,5127.9,1702.2,604.0,2.8,None,1758.0,31.45
2023-05-15,"Abbot Point, Australia - Visakhapatnam",Coal,Supramax,61391,5233.1,1182.3,613.4,3.0,None,1211.0,25.74
2023-05-15,"Durban, South Africa - Haldia",Coal,Handysize,36415,5347.0,806.1,599.6,4.0,None,817.0,26.74
2023-05-15,"Nacala, Mozambique - Gangavaram",Coking Coal,Supramax,50647,3745.9,1182.3,578.7,4.5,None,1113.0,19.42
2023-05-15,"Nacala, Mozambique - Kolkata",Coking Coal,Panamax,73432,4225.9,1702.2,626.9,1.2,None,1699.0,24.2
2023-05-15,"Nacala, Mozambique - Visakhapatnam",Coking Coal,Panamax,79798,3755.5,1702.2,596.3,2.8,None,1835.0,19.59
2023-05-15,"Newcastle, Australia - Gangavaram",Thermal Coal,Handysize,30394,5850.9,806.1,606.8,1.7,None,738.0,27.61
2023-05-15,"Newcastle, Australia - Haldia",Thermal Coal,Handysize,37991,5795.2,806.1,595.5,2.8,None,765.0,26.15
2023-05-15,"Newcastle, Australia - Visakhapatnam",Thermal Coal,Handysize,35085,5849.9,806.1,607.2,1.7,None,789.0,28.94
2023-05-15,"Norfolk, USA - Ennore",Coking Coal,Panamax,81283,8874.7,1702.2,613.5,2.5,None,1487.0,47.51
2023-05-15,"Norfolk, USA - Haldia",Coking Coal,Handysize,32411,8458.2,806.1,632.8,2.0,None,779.0,40.19
2023-05-15,"Ponta da Madeira, Brazil - Paradip",Iron Ore,Panamax,66736,9142.2,1702.2,589.8,3.1,None,1414.0,52.31
2023-05-15,"Richards Bay, South Africa - Ennore",Coking Coal,Handysize,33801,4452.0,806.1,597.1,1.0,None,837.0,20.88
2023-05-15,"Richards Bay, South Africa - Paradip",Coking Coal,Panamax,68738,5101.3,1702.2,608.7,0.5,None,1647.0,31.19
2023-05-15,"Saldanha Bay, South Africa - Paradip",Iron Ore,Capesize,182871,5982.9,1728.3,620.0,2.5,None,1856.0,28.25
2023-05-15,"Taboneo, Indonesia - Visakhapatnam",Thermal Coal,Supramax,59192,2652.9,1182.3,593.1,0.0,None,1117.0,13.28
2023-05-15,"Vale do Rio Doce, Brazil - Ennore",Iron Ore,Capesize,193105,8858.1,1728.3,612.1,3.0,None,1590.0,42.22
2023-05-15,"Vale do Rio Doce, Brazil - Visakhapatnam",Iron Ore,Panamax,75313,9129.7,1702.2,608.6,1.7,None,1700.0,44.58
2023-05-15,"Vancouver, Canada - Ennore",Coking Coal,Handysize,34112,8088.7,806.1,615.1,4.2,None,740.0,39.72
2023-05-15,"Vancouver, Canada - Paradip",Coking Coal,Panamax,69058,7484.8,1702.2,604.2,0.9,None,1708.0,44.73
2023-05-22,"Abbot Point, Australia - Kolkata",Coal,Supramax,57207,5114.5,1179.0,605.9,1.5,None,1281.0,27.62
2023-05-22,"Dampier, Australia - Ennore",Iron Ore,Panamax,84428,3491.8,1783.4,605.9,3.2,None,1799.0,20.66
2023-05-22,"Durban, South Africa - Gangavaram",Coal,Supramax,61202,4895.8,1179.0,612.9,0.5,None,1220.0,26.13
2023-05-22,"Durban, South Africa - Paradip",Coal,Handysize,34716,5193.0,765.5,620.8,2.8,None,804.0,24.65
2023-05-22,"Durban, South Africa - Visakhapatnam",Coal,Supramax,51879,4905.5,1179.0,590.7,2.5,None,1246.0,24.12
2023-05-22,"Hay Point, Australia - Haldia",Coking Coal,Supramax,58601,5223.9,1179.0,611.7,2.5,None,1198.0,28.62
2023-05-22,"Hay Point, Australia - Paradip",Coking Coal,Supramax,60157,5246.5,1179.0,607.6,2.0,None,1094.0,27.69
2023-05-22,"Norfolk, USA - Visakhapatnam",Coking Coal,Handysize,39203,8657.5,765.5,599.3,3.1,None,683.0,39.14
2023-05-22,"Ponta da Madeira, Brazil - Gangavaram",Iron Ore,Panamax,86880,8959.2,1783.4,600.1,0.4,None,1680.0,54.96
2023-05-22,"Ponta da Madeira, Brazil - Paradip",Iron Ore,Capesize,209284,9142.2,1708.6,581.0,2.4,None,1720.0,38.1
2023-05-22,"Saldanha Bay, South Africa - Paradip",Iron Ore,Capesize,173498,5982.9,1708.6,614.0,2.5,None,1435.0,28.14
2023-05-22,"Samarinda, Indonesia - Ennore",Thermal Coal,Panamax,68395,2762.6,1783.4,579.5,2.8,None,1738.0,15.12
2023-05-22,"Samarinda, Indonesia - Haldia",Thermal Coal,Supramax,56595,2560.1,1179.0,583.7,2.7,None,1052.0,13.58
2023-05-22,"Taboneo, Indonesia - Gangavaram",Thermal Coal,Supramax,59599,2655.0,1179.0,618.6,1.6,None,1212.0,13.3
2023-05-22,"Tubarao, Brazil - Gangavaram",Iron Ore,Panamax,84897,8973.4,1783.4,613.2,3.3,None,1980.0,51.21
2023-05-22,"Tubarao, Brazil - Visakhapatnam",Iron Ore,Capesize,154211,8981.5,1708.6,619.4,1.4,None,1663.0,39.98
2023-05-22,"Vale do Rio Doce, Brazil - Haldia",Iron Ore,Capesize,180500,9494.8,1708.6,592.0,2.1,None,1731.0,43.11
2023-05-22,"Vale do Rio Doce, Brazil - Paradip",Iron Ore,Panamax,67919,9380.1,1783.4,592.2,2.3,None,1664.0,55.63
2023-05-22,"Vale do Rio Doce, Brazil - Visakhapatnam",Iron Ore,Panamax,86929,9129.7,1783.4,598.2,1.4,None,1730.0,56.0
2023-05-22,"Vancouver, Canada - Gangavaram",Coking Coal,Panamax,89692,7739.2,1783.4,622.8,1.4,None,1729.0,46.85
2023-05-29,"Durban, South Africa - Paradip",Coal,Supramax,53973,5193.0,1163.0,604.9,0.4,None,1205.0,27.88
2023-05-29,"Gladstone, Australia - Haldia",Coal,Panamax,84378,5423.2,1728.0,636.9,0.5,None,1881.0,32.2
2023-05-29,"Hay Point, Australia - Haldia",Coking Coal,Handysize,34783,5223.9,791.8,636.2,1.1,None,822.0,24.55
2023-05-29,"Newcastle, Australia - Haldia",Thermal Coal,Supramax,56082,5795.2,1163.0,611.6,4.7,None,1236.0,30.3
2023-05-29,"Newcastle, Australia - Kolkata",Thermal Coal,Supramax,61273,5812.9,1163.0,608.7,2.1,None,1294.0,33.18
2023-05-29,"Norfolk, USA - Haldia",Coking Coal,Supramax,57275,8458.2,1163.0,608.8,1.6,None,1154.0,41.82
2023-05-29,"Ponta da Madeira, Brazil - Haldia",Iron Ore,Capesize,152437,9206.8,1736.4,624.7,0.0,None,1691.0,44.69
2023-05-29,"Ponta da Madeira, Brazil - Paradip",Iron Ore,Panamax,79952,9142.2,1728.0,614.4,1.8,None,1760.0,53.4
2023-05-29,"Richards Bay, South Africa - Visakhapatnam",Coking Coal,Handysize,30382,4813.7,791.8,610.8,3.0,None,640.0,24.87
2023-05-29,"Saldanha Bay, South Africa - Haldia",Iron Ore,Capesize,202469,6135.1,1736.4,631.9,0.3,None,1574.0,30.08
2023-05-29,"Saldanha Bay, South Africa - Paradip",Iron Ore,Panamax,75595,5982.9,1728.0,627.6,3.4,None,1703.0,37.59
2023-05-29,"Saldanha Bay, South Africa - Visakhapatnam",Iron Ore,Capesize,197198,5695.2,1736.4,620.0,1.8,None,1536.0,26.88
2023-05-29,"Samarinda, Indonesia - Ennore",Thermal Coal,Handysize,30534,2762.6,791.8,597.5,3.3,None,749.0,13.58
2023-05-29,"Samarinda, Indonesia - Gangavaram",Thermal Coal,Panamax,89263,2689.0,1728.0,601.8,1.9,None,1788.0,16.11
2023-05-29,"Samarinda, Indonesia - Paradip",Thermal Coal,Handysize,33246,2577.8,791.8,593.2,0.7,None,827.0,12.36
2023-05-29,"Taboneo, Indonesia - Kolkata",Thermal Coal,Supramax,59098,2594.2,1163.0,610.6,3.6,None,994.0,13.07
2023-05-29,"Vancouver, Canada - Kolkata",Coking Coal,Handysize,33507,7293.3,791.8,594.8,0.0,None,912.0,33.54
2023-06-05,"Dampier, Australia - Gangavaram",Iron Ore,Panamax,73776,3569.6,1536.2,617.6,3.9,Panama Canal drought restrictions,1851.0,20.15
2023-06-05,"Gladstone, Australia - Visakhapatnam",Coal,Panamax,84786,5537.2,1536.2,633.4,4.6,Panama Canal drought restrictions,1793.0,30.86
2023-06-05,"Newcastle, Australia - Ennore",Thermal Coal,Panamax,86518,5823.9,1536.2,630.7,6.5,Panama Canal drought restrictions,1586.0,31.9
2023-06-05,"Newcastle, Australia - Paradip",Thermal Coal,Supramax,57373,5793.4,1180.9,641.3,3.7,Panama Canal drought restrictions,1341.0,32.7
2023-06-05,"Norfolk, USA - Ennore",Coking Coal,Supramax,51446,8874.7,1180.9,643.6,4.9,Panama Canal drought restrictions,1245.0,48.16
2023-06-05,"Norfolk, USA - Kolkata",Coking Coal,Handysize,33143,8420.2,717.1,627.3,3.8,Panama Canal drought restrictions,845.0,38.59
2023-06-05,"Ponta da Madeira, Brazil - Visakhapatnam",Iron Ore,Capesize,161200,8964.6,1922.8,624.5,5.3,Panama Canal drought restrictions,2071.0,52.58
2023-06-05,"Richards Bay, South Africa - Ennore",Coking Coal,Panamax,88461,4452.0,1536.2,650.0,5.1,Panama Canal drought restrictions,1600.0,24.53
2023-06-05,"Samarinda, Indonesia - Gangavaram",Thermal Coal,Supramax,51266,2689.0,1180.9,655.0,5.8,Panama Canal drought restrictions,1409.0,15.53
2023-06-05,"Samarinda, Indonesia - Haldia",Thermal Coal,Supramax,49444,2560.1,1180.9,628.2,3.7,Panama Canal drought restrictions,1208.0,14.94
2023-06-05,"Samarinda, Indonesia - Kolkata",Thermal Coal,Supramax,61628,2573.8,1180.9,638.6,4.2,Panama Canal drought restrictions,1271.0,14.07
2023-06-05,"Taboneo, Indonesia - Kolkata",Thermal Coal,Panamax,69442,2594.2,1536.2,636.4,5.0,Panama Canal drought restrictions,1757.0,14.53
2023-06-05,"Taboneo, Indonesia - Visakhapatnam",Thermal Coal,Handysize,33551,2652.9,717.1,639.7,5.2,Panama Canal drought restrictions,949.0,13.19
2023-06-05,"Tubarao, Brazil - Ennore",Iron Ore,Capesize,198904,8706.6,1922.8,662.4,4.2,Panama Canal drought restrictions,2061.0,49.39
2023-06-05,"Tubarao, Brazil - Gangavaram",Iron Ore,Panamax,89298,8973.4,1536.2,629.3,4.8,Panama Canal drought restrictions,1845.0,50.34
2023-06-05,"Tubarao, Brazil - Haldia",Iron Ore,Capesize,152836,9350.8,1922.8,631.2,4.7,Panama Canal drought restrictions,2116.0,50.59
2023-06-05,"Vale do Rio Doce, Brazil - Gangavaram",Iron Ore,Panamax,79825,9121.7,1536.2,634.6,3.1,Panama Canal drought restrictions,1760.0,50.82
2023-06-05,"Vancouver, Canada - Kolkata",Coking Coal,Supramax,58801,7293.3,1180.9,615.5,6.7,Panama Canal drought restrictions,1359.0,41.37
2023-06-12,"Dampier, Australia - Gangavaram",Iron Ore,Capesize,170614,3569.6,2111.6,621.2,4.0,Panama Canal drought restrictions,2437.0,20.57
2023-06-12,"Durban, South Africa - Ennore",Coal,Supramax,59991,4543.3,1144.4,649.5,3.8,Panama Canal drought restrictions,1366.0,24.6
2023-06-12,"Gladstone, Australia - Haldia",Coal,Supramax,55108,5423.2,1144.4,635.1,3.9,Panama Canal drought restrictions,1191.0,24.97
2023-06-12,"Nacala, Mozambique - Haldia",Coking Coal,Panamax,83434,4191.3,1381.9,642.1,1.9,Panama Canal drought restrictions,1526.0,24.42
2023-06-12,"Newcastle, Australia - Paradip",Thermal Coal,Handysize,28432,5793.4,750.8,638.3,5.2,Panama Canal drought restrictions,998.0,29.41
2023-06-12,"Norfolk, USA - Gangavaram",Coking Coal,Panamax,83471,8662.0,1381.9,639.1,6.3,Panama Canal drought restrictions,1530.0,45.2
2023-06-12,"Norfolk, USA - Paradip",Coking Coal,Handysize,38716,8548.6,750.8,632.6,3.7,Panama Canal drought restrictions,774.0,40.4
2023-06-12,"Richards Bay, South Africa - Paradip",Coking Coal,Supramax,52124,5101.3,1144.4,627.0,7.3,Panama Canal drought restrictions,1362.0,25.8
2023-06-12,"Saldanha Bay, South Africa - Haldia",Iron Ore,Capesize,180538,6135.1,2111.6,640.3,3.8,Panama Canal drought restrictions,2400.0,30.06
2023-06-12,"Samarinda, Indonesia - Haldia",Thermal Coal,Supramax,49257,2560.1,1144.4,636.1,3.7,Panama Canal drought restrictions,1263.0,14.15
2023-06-12,"Taboneo, Indonesia - Visakhapatnam",Thermal Coal,Handysize,29687,2652.9,750.8,635.2,6.1,Panama Canal drought restrictions,801.0,12.78
2023-06-12,"Tubarao, Brazil - Haldia",Iron Ore,Capesize,154086,9350.8,2111.6,615.1,4.8,Panama Canal drought restrictions,2475.0,58.14
2023-06-12,"Vale do Rio Doce, Brazil - Paradip",Iron Ore,Capesize,188249,9380.1,2111.6,646.4,5.3,Panama Canal drought restrictions,2498.0,53.5
2023-06-19,"Abbot Point, Australia - Haldia",Coal,Panamax,74241,5103.7,1371.4,619.6,3.9,Indian monsoon season port slowdown,1345.0,26.93
2023-06-19,"Dampier, Australia - Gangavaram",Iron Ore,Panamax,82424,3569.6,1371.4,634.5,3.7,Indian monsoon season port slowdown,1443.0,20.62
2023-06-19,"Dampier, Australia - Paradip",Iron Ore,Capesize,167982,3570.5,2088.7,625.1,3.7,Indian monsoon season port slowdown,2084.0,21.89
2023-06-19,"Durban, South Africa - Visakhapatnam",Coal,Panamax,66332,4905.5,1371.4,631.7,3.9,Indian monsoon season port slowdown,1305.0,27.9
2023-06-19,"Hay Point, Australia - Gangavaram",Coking Coal,Handysize,30221,5350.8,735.4,613.2,6.5,Indian monsoon season port slowdown,765.0,23.99
2023-06-19,"Nacala, Mozambique - Gangavaram",Coking Coal,Panamax,68475,3745.9,1371.4,637.1,1.8,Indian monsoon season port slowdown,1380.0,17.46
2023-06-19,"Ponta da Madeira, Brazil - Ennore",Iron Ore,Capesize,198712,8806.3,2088.7,645.9,5.8,Indian monsoon season port slowdown,2144.0,48.61
2023-06-19,"Saldanha Bay, South Africa - Ennore",Iron Ore,Capesize,203519,5338.7,2088.7,635.8,6.1,Indian monsoon season port slowdown,2005.0,30.48
2023-06-19,"Saldanha Bay, South Africa - Paradip",Iron Ore,Panamax,87527,5982.9,1371.4,628.6,5.1,Indian monsoon season port slowdown,1369.0,34.06
2023-06-19,"Taboneo, Indonesia - Ennore",Thermal Coal,Handysize,29515,2689.7,735.4,621.9,2.0,Indian monsoon season port slowdown,746.0,12.96
2023-06-26,"Dampier, Australia - Ennore",Iron Ore,Panamax,69504,3491.8,1449.7,587.3,2.8,Indian monsoon season port slowdown,1492.0,17.73
2023-06-26,"Gladstone, Australia - Haldia",Coal,Handysize,35496,5423.2,735.5,613.8,6.0,Indian monsoon season port slowdown,826.0,23.38
2023-06-26,"Hay Point, Australia - Haldia",Coking Coal,Supramax,53118,5223.9,1282.9,626.3,3.8,Indian monsoon season port slowdown,1363.0,32.11
2023-06-26,"Nacala, Mozambique - Haldia",Coking Coal,Handysize,35224,4191.3,735.5,621.8,3.6,Indian monsoon season port slowdown,708.0,20.39
2023-06-26,"Ponta da Madeira, Brazil - Paradip",Iron Ore,Capesize,205821,9142.2,2131.9,611.8,8.4,Indian monsoon season port slowdown,2099.0,55.03
2023-06-26,"Samarinda, Indonesia - Ennore",Thermal Coal,Supramax,61485,2762.6,1282.9,580.0,4.6,Indian monsoon season port slowdown,1422.0,14.3
2023-06-26,"Samarinda, Indonesia - Visakhapatnam",Thermal Coal,Supramax,53065,2685.9,1282.9,587.9,6.1,Indian monsoon season port slowdown,1519.0,15.86
2023-06-26,"Taboneo, Indonesia - Haldia",Thermal Coal,Panamax,83152,2575.7,1449.7,594.9,5.4,Indian monsoon season port slowdown,1642.0,15.28
2023-06-26,"Vale do Rio Doce, Brazil - Kolkata",Iron Ore,Panamax,81179,9512.7,1449.7,606.0,4.7,Indian monsoon season port slowdown,1558.0,51.66
2023-07-03,"Abbot Point, Australia - Ennore",Coal,Handysize,36976,5277.3,776.9,600.3,4.3,Indian monsoon season port slowdown,785.0,23.85
2023-07-03,"Dampier, Australia - Kolkata",Iron Ore,Panamax,87543,3635.9,1449.2,601.5,6.8,Indian monsoon season port slowdown,1706.0,19.5
2023-07-03,"Durban, South Africa - Gangavaram",Coal,Handysize,36286,4895.8,776.9,587.9,4.4,Indian monsoon season port slowdown,838.0,22.46
2023-07-03,"Gladstone, Australia - Haldia",Coal,Handysize,36215,5423.2,776.9,597.5,3.5,Indian monsoon season port slowdown,871.0,26.15
2023-07-03,"Gladstone, Australia - Kolkata",Coal,Handysize,33417,5435.4,776.9,616.4,4.4,Indian monsoon season port slowdown,782.0,26.15
2023-07-03,"Hay Point, Australia - Ennore",Coking Coal,Supramax,61728,5386.7,1251.7,608.8,5.2,Indian monsoon season port slowdown,1534.0,28.76
2023-07-03,"Hay Point, Australia - Haldia",Coking Coal,Supramax,48719,5223.9,1251.7,594.6,3.8,Indian monsoon season port slowdown,1368.0,28.83
2023-07-03,"Nacala, Mozambique - Ennore",Coking Coal,Handysize,28437,3410.6,776.9,615.4,3.1,Indian monsoon season port slowdown,812.0,16.78
2023-07-03,"Nacala, Mozambique - Haldia",Coking Coal,Panamax,83183,4191.3,1449.2,623.5,3.3,Indian monsoon season port slowdown,1418.0,26.84
2023-07-03,"Norfolk, USA - Gangavaram",Coking Coal,Supramax,60189,8662.0,1251.7,629.8,3.6,Indian monsoon season port slowdown,1400.0,52.45
2023-07-03,"Richards Bay, South Africa - Gangavaram",Coking Coal,Panamax,65169,4804.0,1449.2,610.8,4.6,Indian monsoon season port slowdown,1509.0,26.87
2023-07-03,"Richards Bay, South Africa - Visakhapatnam",Coking Coal,Panamax,87448,4813.7,1449.2,623.6,0.6,Indian monsoon season port slowdown,1363.0,26.41
2023-07-03,"Saldanha Bay, South Africa - Kolkata",Iron Ore,Capesize,171347,6171.5,2222.1,612.1,4.6,Indian monsoon season port slowdown,2535.0,33.88
2023-07-03,"Vale do Rio Doce, Brazil - Haldia",Iron Ore,Capesize,203018,9494.8,2222.1,603.3,5.7,Indian monsoon season port slowdown,1977.0,58.2
2023-07-10,"Abbot Point, Australia - Kolkata",Coal,Supramax,58061,5114.5,1156.3,627.8,4.2,Indian monsoon season port slowdown,1193.0,28.36
2023-07-10,"Dampier, Australia - Ennore",Iron Ore,Capesize,150728,3491.8,2198.3,621.0,6.2,Indian monsoon season port slowdown,2150.0,21.45
2023-07-10,"Gladstone, Australia - Gangavaram",Coal,Handysize,30121,5539.5,851.0,612.9,4.3,Indian monsoon season port slowdown,963.0,26.52
2023-07-10,"Hay Point, Australia - Ennore",Coking Coal,Supramax,57965,5386.7,1156.3,628.7,3.6,Indian monsoon season port slowdown,1199.0,27.49
2023-07-10,"Hay Point, Australia - Paradip",Coking Coal,Handysize,34205,5246.5,851.0,640.0,4.5,Indian monsoon season port slowdown,858.0,26.57
2023-07-10,"Newcastle, Australia - Gangavaram",Thermal Coal,Handysize,29000,5850.9,851.0,620.7,3.5,Indian monsoon season port slowdown,899.0,30.43
2023-07-10,"Newcastle, Australia - Visakhapatnam",Thermal Coal,Handysize,38521,5849.9,851.0,638.0,3.2,Indian monsoon season port slowdown,1019.0,29.8
2023-07-10,"Ponta da Madeira, Brazil - Haldia",Iron Ore,Panamax,84228,9206.8,1499.2,620.8,4.5,Indian monsoon season port slowdown,1494.0,57.16
2023-07-10,"Ponta da Madeira, Brazil - Kolkata",Iron Ore,Panamax,66477,9207.4,1499.2,631.3,5.8,Indian monsoon season port slowdown,1660.0,55.26
2023-07-10,"Ponta da Madeira, Brazil - Visakhapatnam",Iron Ore,Capesize,164237,8964.6,2198.3,652.3,7.6,Indian monsoon season port slowdown,2320.0,50.64
2023-07-10,"Richards Bay, South Africa - Ennore",Coking Coal,Supramax,55618,4452.0,1156.3,610.1,4.0,Indian monsoon season port slowdown,1213.0,23.99
2023-07-10,"Saldanha Bay, South Africa - Visakhapatnam",Iron Ore,Panamax,77272,5695.2,1499.2,603.1,4.6,Indian monsoon season port slowdown,1590.0,32.54
2023-07-10,"Samarinda, Indonesia - Haldia",Thermal Coal,Handysize,37311,2560.1,851.0,610.0,4.8,Indian monsoon season port slowdown,914.0,13.65
2023-07-10,"Samarinda, Indonesia - Visakhapatnam",Thermal Coal,Supramax,52253,2685.9,1156.3,649.3,5.4,Indian monsoon season port slowdown,1289.0,15.38
2023-07-10,"Taboneo, Indonesia - Paradip",Thermal Coal,Panamax,66553,2575.5,1499.2,652.4,5.8,Indian monsoon season port slowdown,1442.0,15.07
2023-07-10,"Tubarao, Brazil - Visakhapatnam",Iron Ore,Capesize,200749,8981.5,2198.3,622.9,5.5,Indian monsoon season port slowdown,2621.0,55.29
2023-07-10,"Vale do Rio Doce, Brazil - Haldia",Iron Ore,Panamax,68036,9494.8,1499.2,662.8,5.5,Indian monsoon season port slowdown,1616.0,60.3
2023-07-10,"Vancouver, Canada - Kolkata",Coking Coal,Handysize,30903,7293.3,851.0,639.1,1.8,Indian monsoon season port slowdown,982.0,36.19
2023-07-17,"Abbot Point, Australia - Ennore",Coal,Handysize,33545,5277.3,766.6,640.5,5.5,Indian monsoon season port slowdown,785.0,23.62
2023-07-17,"Abbot Point, Australia - Visakhapatnam",Coal,Panamax,81006,5233.1,1406.1,667.2,4.4,Indian monsoon season port slowdown,1535.0,30.24
2023-07-17,"Durban, South Africa - Paradip",Coal,Handysize,31339,5193.0,766.6,677.3,5.1,Indian monsoon season port slowdown,841.0,26.12
2023-07-17,"Gladstone, Australia - Gangavaram",Coal,Supramax,60613,5539.5,1214.2,662.0,5.5,Indian monsoon season port slowdown,1398.0,33.72
2023-07-17,"Hay Point, Australia - Haldia",Coking Coal,Panamax,69675,5223.9,1406.1,659.9,3.4,Indian monsoon season port slowdown,1584.0,29.1
2023-07-17,"Nacala, Mozambique - Paradip",Coking Coal,Supramax,57922,4041.9,1214.2,683.3,4.6,Indian monsoon season port slowdown,1446.0,22.78
2023-07-17,"Ponta da Madeira, Brazil - Gangavaram",Iron Ore,Capesize,167702,8959.2,1985.0,664.4,3.4,Indian monsoon season port slowdown,1950.0,51.29
2023-07-17,"Ponta da Madeira, Brazil - Haldia",Iron Ore,Panamax,86589,9206.8,1406.1,640.5,5.2,Indian monsoon season port slowdown,1554.0,44.57
2023-07-17,"Ponta da Madeira, Brazil - Visakhapatnam",Iron Ore,Capesize,209328,8964.6,1985.0,642.0,5.8,Indian monsoon season port slowdown,2081.0,46.63
2023-07-17,"Richards Bay, South Africa - Gangavaram",Coking Coal,Panamax,69563,4804.0,1406.1,663.5,4.4,Indian monsoon season port slowdown,1415.0,26.78
2023-07-17,"Richards Bay, South Africa - Paradip",Coking Coal,Supramax,58507,5101.3,1214.2,660.2,4.8,Indian monsoon season port slowdown,1250.0,28.83
2023-07-17,"Richards Bay, South Africa - Visakhapatnam",Coking Coal,Panamax,76753,4813.7,1406.1,667.1,5.3,Indian monsoon season port slowdown,1388.0,25.19
2023-07-17,"Saldanha Bay, South Africa - Ennore",Iron Ore,Panamax,77886,5338.7,1406.1,657.1,4.6,Indian monsoon season port slowdown,1524.0,28.85
2023-07-17,"Saldanha Bay, South Africa - Haldia",Iron Ore,Capesize,199578,6135.1,1985.0,653.8,4.5,Indian monsoon season port slowdown,2013.0,32.55
2023-07-17,"Saldanha Bay, South Africa - Paradip",Iron Ore,Panamax,78615,5982.9,1406.1,670.6,4.7,Indian monsoon season port slowdown,1453.0,32.57
2023-07-17,"Samarinda, Indonesia - Ennore",Thermal Coal,Handysize,35726,2762.6,766.6,648.2,4.1,Indian monsoon season port slowdown,819.0,13.6
2023-07-17,"Samarinda, Indonesia - Gangavaram",Thermal Coal,Panamax,69798,2689.0,1406.1,616.5,4.2,Indian monsoon season port slowdown,1652.0,15.26
2023-07-17,"Taboneo, Indonesia - Haldia",Thermal Coal,Panamax,74250,2575.7,1406.1,643.9,3.4,Indian monsoon season port slowdown,1536.0,14.87
2023-07-17,"Tubarao, Brazil - Visakhapatnam",Iron Ore,Panamax,79472,8981.5,1406.1,640.0,5.3,Indian monsoon season port slowdown,1524.0,48.97
2023-07-17,"Vale do Rio Doce, Brazil - Ennore",Iron Ore,Capesize,163000,8858.1,1985.0,661.5,3.8,Indian monsoon season port slowdown,2000.0,47.77
2023-07-17,"Vale do Rio Doce, Brazil - Haldia",Iron Ore,Capesize,180044,9494.8,1985.0,635.9,5.4,Indian monsoon season port slowdown,2199.0,56.33
2023-07-17,"Vancouver, Canada - Gangavaram",Coking Coal,Panamax,72895,7739.2,1406.1,662.4,4.7,Indian monsoon season port slowdown,1497.0,42.59
2023-07-17,"Vancouver, Canada - Haldia",Coking Coal,Panamax,71579,7337.7,1406.1,624.1,4.9,Indian monsoon season port slowdown,1429.0,37.93
2023-07-17,"Vancouver, Canada - Kolkata",Coking Coal,Supramax,48712,7293.3,1214.2,672.6,5.0,Indian monsoon season port slowdown,1374.0,41.6
2023-07-24,"Abbot Point, Australia - Visakhapatnam",Coal,Supramax,54237,5233.1,1299.5,645.9,3.2,Indian monsoon season port slowdown,1454.0,31.74
2023-07-24,"Dampier, Australia - Gangavaram",Iron Ore,Capesize,163741,3569.6,2070.0,653.1,5.2,Indian monsoon season port slowdown,2210.0,20.72
2023-07-24,"Durban, South Africa - Kolkata",Coal,Panamax,70796,5384.9,1294.2,666.3,6.1,Indian monsoon season port slowdown,1371.0,29.54
2023-07-24,"Gladstone, Australia - Haldia",Coal,Handysize,37173,5423.2,833.3,646.4,2.6,Indian monsoon season port slowdown,979.0,26.87
2023-07-24,"Gladstone, Australia - Paradip",Coal,Supramax,57191,5442.2,1299.5,651.8,5.3,Indian monsoon season port slowdown,1295.0,32.13
2023-07-24,"Gladstone, Australia - Visakhapatnam",Coal,Panamax,89039,5537.2,1294.2,653.4,6.9,Indian monsoon season port slowdown,1343.0,28.03
2023-07-24,"Hay Point, Australia - Visakhapatnam",Coking Coal,Panamax,87528,5348.2,1294.2,653.9,1.8,Indian monsoon season port slowdown,1524.0,25.92
2023-07-24,"Norfolk, USA - Gangavaram",Coking Coal,Handysize,28368,8662.0,833.3,662.6,6.5,Indian monsoon season port slowdown,808.0,42.96
2023-07-24,"Ponta da Madeira, Brazil - Paradip",Iron Ore,Capesize,160757,9142.2,2070.0,655.8,3.7,Indian monsoon season port slowdown,2193.0,54.41
2023-07-24,"Richards Bay, South Africa - Haldia",Coking Coal,Supramax,51170,5255.1,1299.5,652.3,1.9,Indian monsoon season port slowdown,1301.0,32.8
2023-07-24,"Richards Bay, South Africa - Paradip",Coking Coal,Handysize,32642,5101.3,833.3,657.9,4.0,Indian monsoon season port slowdown,1008.0,28.46
2023-07-24,"Saldanha Bay, South Africa - Kolkata",Iron Ore,Capesize,161923,6171.5,2070.0,662.5,2.8,Indian monsoon season port slowdown,1954.0,34.8
2023-07-24,"Saldanha Bay, South Africa - Paradip",Iron Ore,Capesize,154314,5982.9,2070.0,665.4,1.6,Indian monsoon season port slowdown,2392.0,38.65
2023-07-24,"Saldanha Bay, South Africa - Visakhapatnam",Iron Ore,Panamax,74928,5695.2,1294.2,663.4,4.9,Indian monsoon season port slowdown,1317.0,29.35
2023-07-24,"Samarinda, Indonesia - Visakhapatnam",Thermal Coal,Supramax,48776,2685.9,1299.5,635.4,7.3,Indian monsoon season port slowdown,1283.0,15.4
2023-07-24,"Vale do Rio Doce, Brazil - Gangavaram",Iron Ore,Panamax,83282,9121.7,1294.2,635.7,3.7,Indian monsoon season port slowdown,1554.0,46.04
2023-07-24,"Vale do Rio Doce, Brazil - Paradip",Iron Ore,Panamax,68912,9380.1,1294.2,642.1,5.9,Indian monsoon season port slowdown,1322.0,47.71
2023-07-31,"Abbot Point, Australia - Gangavaram",Coal,Panamax,87709,5235.8,1386.1,644.3,5.2,Indian monsoon season port slowdown,1437.0,28.39
2023-07-31,"Abbot Point, Australia - Paradip",Coal,Handysize,37996,5127.9,873.5,661.8,5.4,Indian monsoon season port slowdown,892.0,26.65
2023-07-31,"Durban, South Africa - Ennore",Coal,Supramax,56842,4543.3,1291.1,646.4,6.4,Indian monsoon season port slowdown,1363.0,26.68
2023-07-31,"Durban, South Africa - Haldia",Coal,Handysize,33035,5347.0,873.5,662.5,5.5,Indian monsoon season port slowdown,897.0,31.18
2023-07-31,"Norfolk, USA - Kolkata",Coking Coal,Supramax,59027,8420.2,1291.1,668.4,5.6,Indian monsoon season port slowdown,1428.0,54.21
2023-07-31,"Ponta da Madeira, Brazil - Haldia",Iron Ore,Capesize,154992,9206.8,2181.2,678.7,4.9,Indian monsoon season port slowdown,2141.0,58.56
2023-07-31,"Ponta da Madeira, Brazil - Paradip",Iron Ore,Capesize,165131,9142.2,2181.2,648.9,3.2,Indian monsoon season port slowdown,2284.0,53.52
2023-07-31,"Richards Bay, South Africa - Kolkata",Coking Coal,Handysize,29462,5292.9,873.5,658.4,2.0,Indian monsoon season port slowdown,865.0,29.65
2023-07-31,"Richards Bay, South Africa - Visakhapatnam",Coking Coal,Handysize,29324,4813.7,873.5,673.7,5.5,Indian monsoon season port slowdown,1007.0,24.91
2023-07-31,"Saldanha Bay, South Africa - Visakhapatnam",Iron Ore,Panamax,82359,5695.2,1386.1,668.5,6.1,Indian monsoon season port slowdown,1618.0,32.12
2023-07-31,"Samarinda, Indonesia - Ennore",Thermal Coal,Panamax,86154,2762.6,1386.1,665.1,2.5,Indian monsoon season port slowdown,1497.0,15.47
2023-07-31,"Taboneo, Indonesia - Ennore",Thermal Coal,Handysize,28530,2689.7,873.5,657.3,3.5,Indian monsoon season port slowdown,885.0,14.35
2023-07-31,"Taboneo, Indonesia - Haldia",Thermal Coal,Panamax,89949,2575.7,1386.1,648.3,4.9,Indian monsoon season port slowdown,1565.0,13.53
2023-08-07,"Dampier, Australia - Ennore",Iron Ore,Capesize,159931,3491.8,2231.7,660.6,4.2,Indian monsoon season port slowdown,2329.0,20.21
2023-08-07,"Dampier, Australia - Haldia",Iron Ore,Capesize,198034,3608.6,2231.7,648.1,4.5,Indian monsoon season port slowdown,2521.0,22.38
2023-08-07,"Durban, South Africa - Gangavaram",Coal,Supramax,54398,4895.8,1204.3,658.3,5.3,Indian monsoon season port slowdown,1443.0,27.66
2023-08-07,"Durban, South Africa - Visakhapatnam",Coal,Supramax,50276,4905.5,1204.3,669.2,5.1,Indian monsoon season port slowdown,1328.0,26.79
2023-08-07,"Gladstone, Australia - Kolkata",Coal,Supramax,57397,5435.4,1204.3,665.2,2.9,Indian monsoon season port slowdown,1303.0,32.65
2023-08-07,"Gladstone, Australia - Paradip",Coal,Panamax,71546,5442.2,1439.8,649.5,4.3,Indian monsoon season port slowdown,1563.0,30.48
2023-08-07,"Hay Point, Australia - Ennore",Coking Coal,Panamax,87115,5386.7,1439.8,658.0,1.3,Indian monsoon season port slowdown,1484.0,31.24
2023-08-07,"Hay Point, Australia - Haldia",Coking Coal,Handysize,32030,5223.9,865.6,669.4,2.9,Indian monsoon season port slowdown,862.0,27.85
2023-08-07,"Nacala, Mozambique - Paradip",Coking Coal,Supramax,51016,4041.9,1204.3,630.8,3.8,Indian monsoon season port slowdown,1225.0,23.99
2023-08-07,"Norfolk, USA - Gangavaram",Coking Coal,Supramax,58163,8662.0,1204.3,646.4,5.7,Indian monsoon season port slowdown,1337.0,44.66
2023-08-07,"Norfolk, USA - Paradip",Coking Coal,Panamax,68556,8548.6,1439.8,658.6,2.8,Indian monsoon season port slowdown,1694.0,45.89
2023-08-07,"Ponta da Madeira, Brazil - Ennore",Iron Ore,Capesize,151830,8806.3,2231.7,635.9,4.6,Indian monsoon season port slowdown,2412.0,54.95
2023-08-07,"Saldanha Bay, South Africa - Haldia",Iron Ore,Capesize,204333,6135.1,2231.7,651.4,4.2,Indian monsoon season port slowdown,2255.0,37.11
2023-08-07,"Saldanha Bay, South Africa - Kolkata",Iron Ore,Capesize,196222,6171.5,2231.7,640.7,5.7,Indian monsoon season port slowdown,2085.0,37.69
2023-08-07,"Taboneo, Indonesia - Paradip",Thermal Coal,Panamax,83556,2575.5,1439.8,653.9,5.1,Indian monsoon season port slowdown,1528.0,15.75
2023-08-07,"Taboneo, Indonesia - Visakhapatnam",Thermal Coal,Panamax,88141,2652.9,1439.8,653.3,3.3,Indian monsoon season port slowdown,1731.0,15.37
2023-08-07,"Tubarao, Brazil - Haldia",Iron Ore,Panamax,85367,9350.8,1439.8,665.0,3.5,Indian monsoon season port slowdown,1445.0,52.74
2023-08-07,"Tubarao, Brazil - Visakhapatnam",Iron Ore,Capesize,185931,8981.5,2231.7,668.1,4.6,Indian monsoon season port slowdown,2166.0,51.1
2023-08-07,"Vale do Rio Doce, Brazil - Ennore",Iron Ore,Capesize,175016,8858.1,2231.7,640.3,4.6,Indian monsoon season port slowdown,2361.0,51.88
2023-08-07,"Vale do Rio Doce, Brazil - Haldia",Iron Ore,Capesize,177658,9494.8,2231.7,639.8,3.9,Indian monsoon season port slowdown,2160.0,56.16
2023-08-07,"Vancouver, Canada - Gangavaram",Coking Coal,Handysize,32051,7739.2,865.6,646.6,4.5,Indian monsoon season port slowdown,994.0,39.21
2023-08-14,"Abbot Point, Australia - Kolkata",Coal,Panamax,70912,5114.5,1444.8,673.4,6.4,Indian monsoon season port slowdown,1541.0,28.45
2023-08-14,"Dampier, Australia - Haldia",Iron Ore,Capesize,159887,3608.6,2119.9,643.4,4.4,Indian monsoon season port slowdown,2362.0,18.73
2023-08-14,"Dampier, Australia - Paradip",Iron Ore,Capesize,162781,3570.5,2119.9,652.5,3.4,Indian monsoon season port slowdown,2417.0,20.87
2023-08-14,"Dampier, Australia - Visakhapatnam",Iron Ore,Capesize,194993,3570.3,2119.9,658.8,4.0,Indian monsoon season port slowdown,2285.0,21.36
2023-08-14,"Durban, South Africa - Gangavaram",Coal,Supramax,61580,4895.8,1228.9,642.0,2.2,Indian monsoon season port slowdown,1126.0,30.39
2023-08-14,"Hay Point, Australia - Ennore",Coking Coal,Handysize,39592,5386.7,951.4,637.4,6.5,Indian monsoon season port slowdown,1061.0,30.49
2023-08-14,"Nacala, Mozambique - Haldia",Coking Coal,Handysize,30741,4191.3,951.4,665.3,3.4,Indian monsoon season port slowdown,1083.0,23.2
2023-08-14,"Newcastle, Australia - Gangavaram",Thermal Coal,Panamax,66080,5850.9,1444.8,655.8,2.6,Indian monsoon season port slowdown,1589.0,34.04
2023-08-14,"Norfolk, USA - Ennore",Coking Coal,Supramax,52519,8874.7,1228.9,648.3,3.2,Indian monsoon season port slowdown,1346.0,53.33
2023-08-14,"Saldanha Bay, South Africa - Visakhapatnam",Iron Ore,Capesize,206182,5695.2,2119.9,646.5,3.3,Indian monsoon season port slowdown,2452.0,32.04
2023-08-14,"Samarinda, Indonesia - Haldia",Thermal Coal,Panamax,80867,2560.1,1444.8,649.1,2.6,Indian monsoon season port slowdown,1431.0,15.25
2023-08-14,"Taboneo, Indonesia - Ennore",Thermal Coal,Supramax,51647,2689.7,1228.9,654.0,5.5,Indian monsoon season port slowdown,1288.0,16.49
2023-08-14,"Vancouver, Canada - Ennore",Coking Coal,Supramax,52376,8088.7,1228.9,606.9,4.4,Indian monsoon season port slowdown,1398.0,45.32
2023-08-21,"Dampier, Australia - Ennore",Iron Ore,Panamax,89545,3491.8,1567.9,616.3,5.0,Indian monsoon season port slowdown,1696.0,21.31
2023-08-21,"Durban, South Africa - Visakhapatnam",Coal,Handysize,37743,4905.5,967.7,627.9,4.8,Indian monsoon season port slowdown,955.0,26.38
2023-08-21,"Gladstone, Australia - Gangavaram",Coal,Handysize,32350,5539.5,967.7,623.1,4.2,Indian monsoon season port slowdown,997.0,29.46
2023-08-21,"Gladstone, Australia - Paradip",Coal,Supramax,54329,5442.2,1340.7,638.5,3.2,Indian monsoon season port slowdown,1570.0,35.28
2023-08-21,"Hay Point, Australia - Gangavaram",Coking Coal,Handysize,35504,5350.8,967.7,620.4,5.3,Indian monsoon season port slowdown,1120.0,30.52
2023-08-21,"Hay Point, Australia - Paradip",Coking Coal,Supramax,54188,5246.5,1340.7,641.2,3.9,Indian monsoon season port slowdown,1533.0,32.59
2023-08-21,"Nacala, Mozambique - Ennore",Coking Coal,Supramax,53910,3410.6,1340.7,630.6,2.9,Indian monsoon season port slowdown,1354.0,19.09
2023-08-21,"Newcastle, Australia - Paradip",Thermal Coal,Supramax,58351,5793.4,1340.7,638.1,2.0,Indian monsoon season port slowdown,1443.0,33.69
2023-08-21,"Norfolk, USA - Gangavaram",Coking Coal,Panamax,71422,8662.0,1567.9,630.4,3.3,Indian monsoon season port slowdown,1681.0,54.48
2023-08-21,"Richards Bay, South Africa - Gangavaram",Coking Coal,Panamax,82097,4804.0,1567.9,633.1,2.9,Indian monsoon season port slowdown,1673.0,26.37
2023-08-21,"Richards Bay, South Africa - Kolkata",Coking Coal,Supramax,57111,5292.9,1340.7,637.3,3.3,Indian monsoon season port slowdown,1388.0,33.99
2023-08-21,"Saldanha Bay, South Africa - Haldia",Iron Ore,Capesize,206696,6135.1,2098.8,643.8,3.3,Indian monsoon season port slowdown,2102.0,34.07
2023-08-21,"Saldanha Bay, South Africa - Kolkata",Iron Ore,Capesize,202653,6171.5,2098.8,621.9,3.7,Indian monsoon season port slowdown,2362.0,34.76
2023-08-21,"Samarinda, Indonesia - Visakhapatnam",Thermal Coal,Supramax,56847,2685.9,1340.7,639.5,3.6,Indian monsoon season port slowdown,1334.0,15.09
2023-08-21,"Vancouver, Canada - Haldia",Coking Coal,Panamax,75164,7337.7,1567.9,606.4,6.1,Indian monsoon season port slowdown,1473.0,42.2
2023-08-28,"Dampier, Australia - Paradip",Iron Ore,Capesize,206167,3570.5,2030.9,618.1,4.9,Indian monsoon season port slowdown,2228.0,20.59
2023-08-28,"Gladstone, Australia - Ennore",Coal,Handysize,38338,5565.0,1044.3,633.9,6.7,Indian monsoon season port slowdown,1188.0,33.15
2023-08-28,"Nacala, Mozambique - Gangavaram",Coking Coal,Handysize,39490,3745.9,1044.3,647.0,1.9,Indian monsoon season port slowdown,1156.0,20.82
2023-08-28,"Nacala, Mozambique - Paradip",Coking Coal,Supramax,55286,4041.9,1211.2,613.3,5.4,Indian monsoon season port slowdown,1236.0,22.05
2023-08-28,"Nacala, Mozambique - Visakhapatnam",Coking Coal,Panamax,78191,3755.5,1486.2,644.3,5.1,Indian monsoon season port slowdown,1682.0,18.19
2023-08-28,"Newcastle, Australia - Visakhapatnam",Thermal Coal,Supramax,55528,5849.9,1211.2,625.8,4.1,Indian monsoon season port slowdown,1218.0,34.15
2023-08-28,"Richards Bay, South Africa - Visakhapatnam",Coking Coal,Supramax,56185,4813.7,1211.2,633.3,5.2,Indian monsoon season port slowdown,1371.0,25.06
2023-08-28,"Samarinda, Indonesia - Haldia",Thermal Coal,Panamax,82153,2560.1,1486.2,635.2,5.4,Indian monsoon season port slowdown,1620.0,14.44
2023-08-28,"Taboneo, Indonesia - Kolkata",Thermal Coal,Supramax,58769,2594.2,1211.2,623.7,3.4,Indian monsoon season port slowdown,1332.0,14.66
2023-08-28,"Vancouver, Canada - Paradip",Coking Coal,Supramax,49535,7484.8,1211.2,634.5,3.0,Indian monsoon season port slowdown,1445.0,40.22
2023-09-04,"Abbot Point, Australia - Ennore",Coal,Handysize,34960,5277.3,1014.9,602.8,4.5,Indian monsoon season port slowdown,1095.0,29.8
2023-09-04,"Dampier, Australia - Ennore",Iron Ore,Panamax,81579,3491.8,1454.8,644.8,5.7,Indian monsoon season port slowdown,1586.0,18.48
2023-09-04,"Dampier, Australia - Haldia",Iron Ore,Panamax,71309,3608.6,1454.8,634.3,4.7,Indian monsoon season port slowdown,1536.0,19.68
2023-09-04,"Dampier, Australia - Visakhapatnam",Iron Ore,Capesize,151713,3570.3,2000.0,631.8,3.8,Indian monsoon season port slowdown,1954.0,19.06
2023-09-04,"Durban, South Africa - Kolkata",Coal,Handysize,33945,5384.9,1014.9,639.6,3.8,Indian monsoon season port slowdown,1153.0,30.58
2023-09-04,"Gladstone, Australia - Gangavaram",Coal,Supramax,51275,5539.5,1250.3,625.6,3.9,Indian monsoon season port slowdown,1409.0,31.63
2023-09-04,"Hay Point, Australia - Haldia",Coking Coal,Supramax,59511,5223.9,1250.3,655.1,6.1,Indian monsoon season port slowdown,1432.0,29.71
2023-09-04,"Nacala, Mozambique - Haldia",Coking Coal,Panamax,70610,4191.3,1454.8,620.4,7.1,Indian monsoon season port slowdown,1636.0,24.22
2023-09-04,"Nacala, Mozambique - Visakhapatnam",Coking Coal,Handysize,36960,3755.5,1014.9,635.3,3.8,Indian monsoon season port slowdown,1044.0,22.12
2023-09-04,"Newcastle, Australia - Gangavaram",Thermal Coal,Supramax,55621,5850.9,1250.3,619.0,2.2,Indian monsoon season port slowdown,1418.0,33.49
2023-09-04,"Newcastle, Australia - Kolkata",Thermal Coal,Panamax,87273,5812.9,1454.8,627.8,6.2,Indian monsoon season port slowdown,1657.0,30.37
2023-09-04,"Ponta da Madeira, Brazil - Ennore",Iron Ore,Panamax,73803,8806.3,1454.8,627.2,2.3,Indian monsoon season port slowdown,1620.0,51.34
2023-09-04,"Saldanha Bay, South Africa - Kolkata",Iron Ore,Capesize,165251,6171.5,2000.0,608.7,3.6,Indian monsoon season port slowdown,2013.0,29.67
2023-09-04,"Saldanha Bay, South Africa - Paradip",Iron Ore,Capesize,183445,5982.9,2000.0,640.6,4.0,Indian monsoon season port slowdown,2258.0,33.11
2023-09-04,"Saldanha Bay, South Africa - Visakhapatnam",Iron Ore,Capesize,189308,5695.2,2000.0,626.2,3.3,Indian monsoon season port slowdown,2131.0,31.11
2023-09-04,"Taboneo, Indonesia - Ennore",Thermal Coal,Panamax,84519,2689.7,1454.8,606.0,4.7,Indian monsoon season port slowdown,1609.0,15.08
2023-09-04,"Vale do Rio Doce, Brazil - Haldia",Iron Ore,Panamax,77728,9494.8,1454.8,616.6,5.5,Indian monsoon season port slowdown,1617.0,54.56
2023-09-04,"Vale do Rio Doce, Brazil - Kolkata",Iron Ore,Capesize,150703,9512.7,2000.0,622.2,4.4,Indian monsoon season port slowdown,1979.0,48.95
2023-09-04,"Vancouver, Canada - Haldia",Coking Coal,Handysize,29649,7337.7,1014.9,609.9,5.0,Indian monsoon season port slowdown,1205.0,42.8
2023-09-11,"Abbot Point, Australia - Paradip",Coal,Supramax,58741,5127.9,1232.8,635.1,4.9,Indian monsoon season port slowdown,1146.0,28.11
2023-09-11,"Dampier, Australia - Ennore",Iron Ore,Panamax,68323,3491.8,1554.6,622.9,4.4,Indian monsoon season port slowdown,1593.0,23.12
2023-09-11,"Durban, South Africa - Gangavaram",Coal,Panamax,82554,4895.8,1554.6,622.9,4.3,Indian monsoon season port slowdown,1771.0,28.03
2023-09-11,"Durban, South Africa - Kolkata",Coal,Handysize,38704,5384.9,971.2,613.5,5.7,Indian monsoon season port slowdown,966.0,27.49
2023-09-11,"Durban, South Africa - Visakhapatnam",Coal,Handysize,35831,4905.5,971.2,632.9,5.3,Indian monsoon season port slowdown,1032.0,27.87
2023-09-11,"Gladstone, Australia - Ennore",Coal,Handysize,37850,5565.0,971.2,632.5,3.0,Indian monsoon season port slowdown,1009.0,28.58
2023-09-11,"Gladstone, Australia - Gangavaram",Coal,Panamax,75002,5539.5,1554.6,622.3,4.7,Indian monsoon season port slowdown,1770.0,33.56
2023-09-11,"Hay Point, Australia - Ennore",Coking Coal,Handysize,31958,5386.7,971.2,614.9,3.0,Indian monsoon season port slowdown,942.0,32.09
2023-09-11,"Hay Point, Australia - Kolkata",Coking Coal,Supramax,57695,5235.2,1232.8,623.3,3.4,Indian monsoon season port slowdown,1258.0,31.94
2023-09-11,"Nacala, Mozambique - Haldia",Coking Coal,Handysize,30982,4191.3,971.2,618.6,6.1,Indian monsoon season port slowdown,1128.0,24.42
2023-09-11,"Norfolk, USA - Gangavaram",Coking Coal,Handysize,39528,8662.0,971.2,616.9,4.7,Indian monsoon season port slowdown,1032.0,50.11
2023-09-11,"Norfolk, USA - Paradip",Coking Coal,Handysize,35724,8548.6,971.2,635.4,4.4,Indian monsoon season port slowdown,1149.0,49.43
2023-09-11,"Saldanha Bay, South Africa - Visakhapatnam",Iron Ore,Capesize,167106,5695.2,2161.6,618.9,5.1,Indian monsoon season port slowdown,2261.0,33.65
2023-09-11,"Samarinda, Indonesia - Gangavaram",Thermal Coal,Handysize,30851,2689.0,971.2,646.2,3.7,Indian monsoon season port slowdown,1182.0,15.42
2023-09-11,"Taboneo, Indonesia - Kolkata",Thermal Coal,Supramax,60545,2594.2,1232.8,662.6,3.3,Indian monsoon season port slowdown,1327.0,14.26
2023-09-11,"Tubarao, Brazil - Gangavaram",Iron Ore,Capesize,206707,8973.4,2161.6,630.0,6.0,Indian monsoon season port slowdown,2140.0,53.99
2023-09-11,"Vale do Rio Doce, Brazil - Haldia",Iron Ore,Panamax,71222,9494.8,1554.6,637.8,2.7,Indian monsoon season port slowdown,1723.0,57.0
2023-09-11,"Vale do Rio Doce, Brazil - Paradip",Iron Ore,Capesize,161730,9380.1,2161.6,621.6,5.4,Indian monsoon season port slowdown,2423.0,51.77
2023-09-11,"Vancouver, Canada - Kolkata",Coking Coal,Handysize,35612,7293.3,971.2,627.6,4.8,Indian monsoon season port slowdown,1112.0,41.11
2023-09-18,"Abbot Point, Australia - Paradip",Coal,Supramax,48532,5127.9,1177.9,640.0,7.9,Indian monsoon season port slowdown,1105.0,29.17
2023-09-18,"Dampier, Australia - Ennore",Iron Ore,Capesize,171408,3491.8,2346.3,641.0,3.3,Indian monsoon season port slowdown,2530.0,21.73
2023-09-18,"Dampier, Australia - Visakhapatnam",Iron Ore,Panamax,74119,3570.3,1724.3,640.9,5.6,Indian monsoon season port slowdown,1894.0,21.79
2023-09-18,"Durban, South Africa - Kolkata",Coal,Handysize,34145,5384.9,1044.0,624.3,4.5,Indian monsoon season port slowdown,1151.0,32.4
2023-09-18,"Gladstone, Australia - Ennore",Coal,Panamax,70983,5565.0,1724.3,639.5,4.0,Indian monsoon season port slowdown,1860.0,35.93
2023-09-18,"Hay Point, Australia - Paradip",Coking Coal,Handysize,36889,5246.5,1044.0,645.3,5.1,Indian monsoon season port slowdown,1217.0,29.01
2023-09-18,"Nacala, Mozambique - Ennore",Coking Coal,Panamax,77015,3410.6,1724.3,662.2,6.6,Indian monsoon season port slowdown,1903.0,19.71
2023-09-18,"Nacala, Mozambique - Haldia",Coking Coal,Panamax,79919,4191.3,1724.3,643.2,3.7,Indian monsoon season port slowdown,1724.0,26.67
2023-09-18,"Newcastle, Australia - Kolkata",Thermal Coal,Handysize,32322,5812.9,1044.0,655.9,3.0,Indian monsoon season port slowdown,1220.0,32.35
2023-09-18,"Ponta da Madeira, Brazil - Haldia",Iron Ore,Capesize,159613,9206.8,2346.3,629.4,3.7,Indian monsoon season port slowdown,2679.0,52.92
2023-09-18,"Richards Bay, South Africa - Kolkata",Coking Coal,Panamax,83536,5292.9,1724.3,636.0,4.0,Indian monsoon season port slowdown,1649.0,33.58
2023-09-18,"Saldanha Bay, South Africa - Paradip",Iron Ore,Capesize,176799,5982.9,2346.3,607.0,5.0,Indian monsoon season port slowdown,2576.0,33.1
2023-09-18,"Taboneo, Indonesia - Visakhapatnam",Thermal Coal,Panamax,85100,2652.9,1724.3,631.0,5.2,Indian monsoon season port slowdown,1688.0,14.81
2023-09-18,"Tubarao, Brazil - Kolkata",Iron Ore,Panamax,82738,9369.5,1724.3,636.8,2.0,Indian monsoon season port slowdown,1938.0,55.58
2023-09-18,"Vale do Rio Doce, Brazil - Ennore",Iron Ore,Capesize,161431,8858.1,2346.3,632.9,2.4,Indian monsoon season port slowdown,2530.0,51.23
2023-09-18,"Vancouver, Canada - Haldia",Coking Coal,Handysize,35837,7337.7,1044.0,632.7,4.6,Indian monsoon season port slowdown,1186.0,42.44
2023-09-18,"Vancouver, Canada - Kolkata",Coking Coal,Handysize,30964,7293.3,1044.0,630.5,5.3,Indian monsoon season port slowdown,1238.0,38.64
2023-09-25,"Abbot Point, Australia - Haldia",Coal,Supramax,48585,5103.7,1219.5,682.4,4.1,Indian monsoon season port slowdown,1326.0,32.27
2023-09-25,"Durban, South Africa - Paradip",Coal,Handysize,31108,5193.0,1166.2,660.7,5.1,Indian monsoon season port slowdown,1199.0,34.56
2023-09-25,"Gladstone, Australia - Ennore",Coal,Supramax,52413,5565.0,1219.5,645.4,2.7,Indian monsoon season port slowdown,1335.0,30.75
2023-09-25,"Hay Point, Australia - Ennore",Coking Coal,Handysize,30088,5386.7,1166.2,662.5,4.5,Indian monsoon season port slowdown,1311.0,32.63
2023-09-25,"Hay Point, Australia - Haldia",Coking Coal,Handysize,28568,5223.9,1166.2,675.7,6.0,Indian monsoon season port slowdown,1144.0,30.05
2023-09-25,"Hay Point, Australia - Kolkata",Coking Coal,Handysize,31343,5235.2,1166.2,669.3,4.8,Indian monsoon season port slowdown,1128.0,32.06
2023-09-25,"Hay Point, Australia - Paradip",Coking Coal,Handysize,39959,5246.5,1166.2,666.5,2.6,Indian monsoon season port slowdown,1194.0,30.58
2023-09-25,"Nacala, Mozambique - Gangavaram",Coking Coal,Panamax,73422,3745.9,1724.3,662.0,3.3,Indian monsoon season port slowdown,1886.0,26.34
2023-09-25,"Nacala, Mozambique - Haldia",Coking Coal,Panamax,75349,4191.3,1724.3,653.4,3.0,Indian monsoon season port slowdown,1780.0,26.64
2023-09-25,"Nacala, Mozambique - Paradip",Coking Coal,Supramax,52476,4041.9,1219.5,685.8,2.7,Indian monsoon season port slowdown,1305.0,25.04
2023-09-25,"Newcastle, Australia - Paradip",Thermal Coal,Panamax,89536,5793.4,1724.3,659.9,7.0,Indian monsoon season port slowdown,1837.0,39.62
2023-09-25,"Norfolk, USA - Haldia",Coking Coal,Panamax,83849,8458.2,1724.3,644.7,5.2,Indian monsoon season port slowdown,1608.0,57.37
2023-09-25,"Ponta da Madeira, Brazil - Gangavaram",Iron Ore,Capesize,191361,8959.2,2422.3,692.0,6.1,Indian monsoon season port slowdown,2793.0,62.49
2023-09-25,"Richards Bay, South Africa - Haldia",Coking Coal,Supramax,52691,5255.1,1219.5,672.7,5.3,Indian monsoon season port slowdown,1206.0,29.01
2023-09-25,"Samarinda, Indonesia - Gangavaram",Thermal Coal,Handysize,37726,2689.0,1166.2,684.4,2.7,Indian monsoon season port slowdown,1209.0,18.12
2023-09-25,"Samarinda, Indonesia - Visakhapatnam",Thermal Coal,Supramax,51618,2685.9,1219.5,684.9,7.0,Indian monsoon season port slowdown,1301.0,15.68
2023-09-25,"Tubarao, Brazil - Haldia",Iron Ore,Panamax,86442,9350.8,1724.3,667.5,5.6,Indian monsoon season port slowdown,1991.0,59.61
2023-09-25,"Tubarao, Brazil - Kolkata",Iron Ore,Panamax,89379,9369.5,1724.3,657.1,4.2,Indian monsoon season port slowdown,1988.0,59.4
2023-09-25,"Tubarao, Brazil - Visakhapatnam",Iron Ore,Panamax,82604,8981.5,1724.3,677.1,4.4,Indian monsoon season port slowdown,1832.0,57.44
2023-09-25,"Vale do Rio Doce, Brazil - Paradip",Iron Ore,Capesize,167689,9380.1,2422.3,677.0,4.9,Indian monsoon season port slowdown,2920.0,56.81
2023-09-25,"Vale do Rio Doce, Brazil - Visakhapatnam",Iron Ore,Panamax,87233,9129.7,1724.3,629.7,6.9,Indian monsoon season port slowdown,1727.0,55.78
2023-09-25,"Vancouver, Canada - Haldia",Coking Coal,Supramax,49649,7337.7,1219.5,677.2,4.6,Indian monsoon season port slowdown,1350.0,43.81
2023-09-25,"Vancouver, Canada - Visakhapatnam",Coking Coal,Supramax,58536,7730.4,1219.5,654.3,2.4,Indian monsoon season port slowdown,1347.0,45.32
2023-10-02,"Abbot Point, Australia - Ennore",Coal,Handysize,32823,5277.3,1200.6,684.0,3.5,None,1291.0,29.89
2023-10-02,"Abbot Point, Australia - Gangavaram",Coal,Handysize,29791,5235.8,1200.6,684.1,1.7,None,1208.0,32.53
2023-10-02,"Abbot Point, Australia - Paradip",Coal,Supramax,56834,5127.9,1134.0,706.8,2.3,None,1173.0,30.03
2023-10-02,"Dampier, Australia - Ennore",Iron Ore,Capesize,154877,3491.8,2481.5,678.6,1.5,None,2850.0,22.24
2023-10-02,"Durban, South Africa - Visakhapatnam",Coal,Supramax,49501,4905.5,1134.0,710.9,3.9,None,1153.0,23.26
2023-10-02,"Hay Point, Australia - Gangavaram",Coking Coal,Handysize,36854,5350.8,1200.6,677.0,2.2,None,1252.0,35.18
2023-10-02,"Hay Point, Australia - Visakhapatnam",Coking Coal,Handysize,37670,5348.2,1200.6,655.7,3.0,None,1219.0,28.19
2023-10-02,"Nacala, Mozambique - Kolkata",Coking Coal,Panamax,82297,4225.9,1874.8,688.6,1.2,None,2043.0,26.7
2023-10-02,"Nacala, Mozambique - Visakhapatnam",Coking Coal,Panamax,69360,3755.5,1874.8,682.4,3.4,None,2016.0,23.01
2023-10-02,"Ponta da Madeira, Brazil - Ennore",Iron Ore,Panamax,70521,8806.3,1874.8,675.2,1.3,None,2084.0,56.95
2023-10-02,"Ponta da Madeira, Brazil - Kolkata",Iron Ore,Capesize,192771,9207.4,2481.5,696.9,4.1,None,2739.0,58.52
2023-10-02,"Richards Bay, South Africa - Gangavaram",Coking Coal,Handysize,38688,4804.0,1200.6,710.3,2.6,None,1199.0,31.81
2023-10-02,"Saldanha Bay, South Africa - Ennore",Iron Ore,Capesize,160817,5338.7,2481.5,687.0,3.3,None,2515.0,34.85
2023-10-02,"Saldanha Bay, South Africa - Haldia",Iron Ore,Panamax,73723,6135.1,1874.8,704.4,2.0,None,1904.0,41.99
2023-10-02,"Saldanha Bay, South Africa - Kolkata",Iron Ore,Capesize,180071,6171.5,2481.5,685.6,2.6,None,2316.0,32.27
2023-10-02,"Samarinda, Indonesia - Gangavaram",Thermal Coal,Supramax,50779,2689.0,1134.0,662.9,2.4,None,1025.0,14.93
2023-10-02,"Taboneo, Indonesia - Paradip",Thermal Coal,Supramax,51446,2575.5,1134.0,651.7,0.9,None,1167.0,15.27
2023-10-02,"Vale do Rio Doce, Brazil - Gangavaram",Iron Ore,Capesize,168031,9121.7,2481.5,687.8,2.9,None,2266.0,58.6
2023-10-02,"Vale do Rio Doce, Brazil - Haldia",Iron Ore,Capesize,196329,9494.8,2481.5,682.4,4.3,None,2498.0,59.75
2023-10-02,"Vancouver, Canada - Ennore",Coking Coal,Supramax,55725,8088.7,1134.0,679.2,1.6,None,1168.0,43.41
2023-10-09,"Durban, South Africa - Gangavaram",Coal,Handysize,32106,4895.8,1248.1,677.1,0.0,None,1323.0,33.61
2023-10-09,"Durban, South Africa - Haldia",Coal,Supramax,57045,5347.0,1162.7,681.7,0.8,None,1172.0,33.59
2023-10-09,"Gladstone, Australia - Gangavaram",Coal,Supramax,56144,5539.5,1162.7,689.2,3.1,None,1110.0,32.35
2023-10-09,"Nacala, Mozambique - Haldia",Coking Coal,Panamax,80181,4191.3,1815.3,675.5,1.9,None,1741.0,26.18
2023-10-09,"Newcastle, Australia - Haldia",Thermal Coal,Panamax,70237,5795.2,1815.3,693.8,2.7,None,1886.0,35.5
2023-10-09,"Newcastle, Australia - Paradip",Thermal Coal,Supramax,53598,5793.4,1162.7,635.1,1.1,None,1237.0,29.1
2023-10-09,"Norfolk, USA - Haldia",Coking Coal,Panamax,69880,8458.2,1815.3,679.4,2.3,None,1750.0,50.7
2023-10-09,"Norfolk, USA - Visakhapatnam",Coking Coal,Handysize,31016,8657.5,1248.1,670.9,5.3,None,1368.0,58.59
2023-10-09,"Ponta da Madeira, Brazil - Haldia",Iron Ore,Capesize,179307,9206.8,2554.2,678.7,1.6,None,2442.0,58.62
2023-10-09,"Richards Bay, South Africa - Kolkata",Coking Coal,Panamax,88044,5292.9,1815.3,690.0,1.4,None,1884.0,33.55
2023-10-09,"Samarinda, Indonesia - Kolkata",Thermal Coal,Panamax,85897,2573.8,1815.3,684.2,4.3,None,1827.0,15.21
2023-10-09,"Samarinda, Indonesia - Visakhapatnam",Thermal Coal,Supramax,48341,2685.9,1162.7,686.2,1.5,None,1261.0,14.84
2023-10-09,"Tubarao, Brazil - Paradip",Iron Ore,Capesize,161970,9234.1,2554.2,676.6,1.2,None,2779.0,59.07
2023-10-09,"Vale do Rio Doce, Brazil - Gangavaram",Iron Ore,Capesize,196872,9121.7,2554.2,679.1,1.8,None,2522.0,58.49
2023-10-16,"Abbot Point, Australia - Ennore",Coal,Supramax,59019,5277.3,1261.8,644.1,2.0,None,1241.0,30.21
2023-10-16,"Dampier, Australia - Gangavaram",Iron Ore,Capesize,159193,3569.6,2542.1,652.7,3.1,None,2468.0,20.68
2023-10-16,"Durban, South Africa - Haldia",Coal,Handysize,28684,5347.0,1219.0,667.4,1.9,None,1311.0,29.69
2023-10-16,"Durban, South Africa - Visakhapatnam",Coal,Panamax,65291,4905.5,1841.5,680.4,3.4,None,1655.0,35.02
2023-10-16,"Gladstone, Australia - Gangavaram",Coal,Panamax,76379,5539.5,1841.5,663.1,0.2,None,1777.0,36.53
2023-10-16,"Gladstone, Australia - Kolkata",Coal,Handysize,36691,5435.4,1219.0,661.5,2.0,None,1166.0,29.21
2023-10-16,"Gladstone, Australia - Visakhapatnam",Coal,Handysize,29347,5537.2,1219.0,658.1,3.1,None,1126.0,31.46
2023-10-16,"Hay Point, Australia - Paradip",Coking Coal,Handysize,34898,5246.5,1219.0,658.4,1.2,None,1045.0,29.61
2023-10-16,"Nacala, Mozambique - Ennore",Coking Coal,Handysize,29149,3410.6,1219.0,664.3,2.9,None,1296.0,20.66
2023-10-16,"Nacala, Mozambique - Kolkata",Coking Coal,Panamax,89581,4225.9,1841.5,659.4,1.2,None,1988.0,25.07
2023-10-16,"Ponta da Madeira, Brazil - Visakhapatnam",Iron Ore,Panamax,66172,8964.6,1841.5,694.3,1.1,None,1883.0,62.02
2023-10-16,"Richards Bay, South Africa - Visakhapatnam",Coking Coal,Panamax,89271,4813.7,1841.5,671.7,2.2,None,1688.0,31.24
2023-10-16,"Saldanha Bay, South Africa - Ennore",Iron Ore,Capesize,198371,5338.7,2542.1,655.7,3.7,None,2605.0,29.83
2023-10-16,"Taboneo, Indonesia - Ennore",Thermal Coal,Supramax,48892,2689.7,1261.8,648.6,1.8,None,1436.0,14.85
2023-10-16,"Taboneo, Indonesia - Gangavaram",Thermal Coal,Panamax,81203,2655.0,1841.5,685.6,2.1,None,1713.0,18.14
2023-10-16,"Tubarao, Brazil - Ennore",Iron Ore,Panamax,78471,8706.6,1841.5,659.9,2.2,None,1895.0,56.77
2023-10-16,"Tubarao, Brazil - Haldia",Iron Ore,Panamax,81357,9350.8,1841.5,675.4,1.3,None,1813.0,61.54
2023-10-16,"Vancouver, Canada - Paradip",Coking Coal,Handysize,36525,7484.8,1219.0,671.9,0.0,None,1110.0,45.67
2023-10-16,"Vancouver, Canada - Visakhapatnam",Coking Coal,Handysize,30872,7730.4,1219.0,662.0,3.9,None,1344.0,46.9
2023-10-23,"Abbot Point, Australia - Ennore",Coal,Panamax,86127,5277.3,1821.6,648.6,4.6,None,1727.0,33.01
2023-10-23,"Gladstone, Australia - Ennore",Coal,Supramax,59115,5565.0,1278.3,674.1,0.1,None,1243.0,31.87
2023-10-23,"Hay Point, Australia - Gangavaram",Coking Coal,Handysize,39240,5350.8,1144.1,666.0,2.0,None,1074.0,32.65
2023-10-23,"Hay Point, Australia - Haldia",Coking Coal,Handysize,31956,5223.9,1144.1,673.5,2.9,None,1079.0,30.54
2023-10-23,"Hay Point, Australia - Kolkata",Coking Coal,Handysize,31598,5235.2,1144.1,644.1,2.8,None,1112.0,30.57
2023-10-23,"Nacala, Mozambique - Paradip",Coking Coal,Panamax,72160,4041.9,1821.6,655.4,0.6,None,1862.0,25.98
2023-10-23,"Richards Bay, South Africa - Gangavaram",Coking Coal,Handysize,31272,4804.0,1144.1,664.7,4.0,None,1159.0,28.15
2023-10-23,"Richards Bay, South Africa - Kolkata",Coking Coal,Supramax,59485,5292.9,1278.3,644.1,1.9,None,1472.0,27.28
2023-10-23,"Saldanha Bay, South Africa - Gangavaram",Iron Ore,Panamax,75293,5685.5,1821.6,687.3,0.2,None,1934.0,36.26
2023-10-23,"Samarinda, Indonesia - Haldia",Thermal Coal,Handysize,30650,2560.1,1144.1,636.0,2.2,None,1016.0,13.43
2023-10-23,"Samarinda, Indonesia - Visakhapatnam",Thermal Coal,Handysize,38771,2685.9,1144.1,653.6,0.0,None,1209.0,14.71
2023-10-23,"Tubarao, Brazil - Haldia",Iron Ore,Capesize,185823,9350.8,2522.8,658.1,2.2,None,2769.0,57.84
2023-10-23,"Vale do Rio Doce, Brazil - Kolkata",Iron Ore,Panamax,79414,9512.7,1821.6,660.4,0.0,None,1420.0,60.73
2023-10-23,"Vale do Rio Doce, Brazil - Paradip",Iron Ore,Capesize,170126,9380.1,2522.8,658.5,1.6,None,2658.0,61.03
2023-10-30,"Abbot Point, Australia - Kolkata",Coal,Panamax,72847,5114.5,1675.0,627.7,1.9,None,1435.0,28.75
2023-10-30,"Dampier, Australia - Gangavaram",Iron Ore,Panamax,80803,3569.6,1675.0,652.4,2.7,None,1552.0,19.87
2023-10-30,"Dampier, Australia - Haldia",Iron Ore,Capesize,160237,3608.6,2432.3,641.8,2.8,None,2661.0,19.08
2023-10-30,"Durban, South Africa - Ennore",Coal,Panamax,88213,4543.3,1675.0,645.7,2.8,None,1626.0,27.62
2023-10-30,"Durban, South Africa - Kolkata",Coal,Supramax,57103,5384.9,1220.6,640.8,3.2,None,1087.0,31.81
2023-10-30,"Durban, South Africa - Paradip",Coal,Supramax,53315,5193.0,1220.6,641.4,4.1,None,1339.0,27.61
2023-10-30,"Durban, South Africa - Visakhapatnam",Coal,Panamax,66634,4905.5,1675.0,629.4,2.1,None,1800.0,29.44
2023-10-30,"Nacala, Mozambique - Gangavaram",Coking Coal,Supramax,55959,3745.9,1220.6,622.9,1.3,None,1072.0,20.95
2023-10-30,"Newcastle, Australia - Paradip",Thermal Coal,Panamax,78306,5793.4,1675.0,650.2,1.7,None,1700.0,36.4
2023-10-30,"Ponta da Madeira, Brazil - Gangavaram",Iron Ore,Capesize,203517,8959.2,2432.3,643.2,2.4,None,2581.0,52.94
2023-10-30,"Saldanha Bay, South Africa - Haldia",Iron Ore,Panamax,77522,6135.1,1675.0,648.6,2.9,None,1556.0,35.74
2023-10-30,"Saldanha Bay, South Africa - Paradip",Iron Ore,Capesize,177017,5982.9,2432.3,644.1,1.3,None,2737.0,36.72
2023-10-30,"Samarinda, Indonesia - Visakhapatnam",Thermal Coal,Panamax,68984,2685.9,1675.0,641.7,2.6,None,1844.0,17.43
2023-10-30,"Taboneo, Indonesia - Ennore",Thermal Coal,Supramax,52300,2689.7,1220.6,634.8,1.0,None,1221.0,14.91
2023-10-30,"Taboneo, Indonesia - Visakhapatnam",Thermal Coal,Supramax,57345,2652.9,1220.6,643.4,2.1,None,1224.0,14.23
2023-10-30,"Vale do Rio Doce, Brazil - Ennore",Iron Ore,Capesize,202696,8858.1,2432.3,642.9,2.3,None,2765.0,49.51
2023-10-30,"Vale do Rio Doce, Brazil - Kolkata",Iron Ore,Panamax,86119,9512.7,1675.0,632.7,2.1,None,1411.0,51.99
2023-10-30,"Vale do Rio Doce, Brazil - Paradip",Iron Ore,Panamax,85810,9380.1,1675.0,643.9,2.9,None,1680.0,54.05
2023-11-06,"Abbot Point, Australia - Visakhapatnam",Coal,Panamax,77398,5233.1,1699.0,621.2,0.3,None,1673.0,28.56
2023-11-06,"Gladstone, Australia - Haldia",Coal,Supramax,59071,5423.2,1101.4,647.1,0.6,None,1239.0,28.78
2023-11-06,"Newcastle, Australia - Haldia",Thermal Coal,Supramax,56087,5795.2,1101.4,648.1,1.9,None,1048.0,28.38
2023-11-06,"Norfolk, USA - Gangavaram",Coking Coal,Handysize,34296,8662.0,1214.9,646.4,3.1,None,1105.0,48.23
2023-11-06,"Richards Bay, South Africa - Haldia",Coking Coal,Handysize,35304,5255.1,1214.9,666.4,2.6,None,1206.0,33.33
2023-11-06,"Saldanha Bay, South Africa - Gangavaram",Iron Ore,Panamax,69393,5685.5,1699.0,637.6,4.2,None,1722.0,34.0
2023-11-06,"Samarinda, Indonesia - Visakhapatnam",Thermal Coal,Handysize,31463,2685.9,1214.9,648.1,2.4,None,1209.0,16.12
2023-11-06,"Taboneo, Indonesia - Ennore",Thermal Coal,Panamax,88519,2689.7,1699.0,644.6,2.2,None,1657.0,15.81
2023-11-06,"Taboneo, Indonesia - Kolkata",Thermal Coal,Handysize,38453,2594.2,1214.9,641.6,3.1,None,1251.0,15.6
2023-11-06,"Tubarao, Brazil - Kolkata",Iron Ore,Panamax,85419,9369.5,1699.0,647.9,1.1,None,1871.0,55.7
2023-11-06,"Vancouver, Canada - Ennore",Coking Coal,Handysize,33562,8088.7,1214.9,651.7,3.1,None,1330.0,47.87
2023-11-06,"Vancouver, Canada - Gangavaram",Coking Coal,Handysize,39956,7739.2,1214.9,650.2,2.7,None,1131.0,48.86
2023-11-06,"Vancouver, Canada - Kolkata",Coking Coal,Handysize,38244,7293.3,1214.9,632.9,1.6,None,1136.0,44.59
2023-11-13,"Durban, South Africa - Haldia",Coal,Panamax,89589,5347.0,1783.0,634.3,0.1,None,1929.0,32.49
2023-11-13,"Durban, South Africa - Kolkata",Coal,Panamax,78678,5384.9,1783.0,666.7,0.6,None,1793.0,32.57
2023-11-13,"Gladstone, Australia - Ennore",Coal,Handysize,37739,5565.0,1110.6,633.1,2.7,None,1176.0,32.92
2023-11-13,"Hay Point, Australia - Haldia",Coking Coal,Panamax,81311,5223.9,1783.0,657.0,2.7,None,1792.0,33.3
2023-11-13,"Nacala, Mozambique - Visakhapatnam",Coking Coal,Handysize,31710,3755.5,1110.6,653.1,0.0,None,902.0,18.99
2023-11-13,"Newcastle, Australia - Ennore",Thermal Coal,Panamax,81909,5823.9,1783.0,638.8,1.3,None,1933.0,37.84
2023-11-13,"Newcastle, Australia - Paradip",Thermal Coal,Supramax,58211,5793.4,1020.7,652.1,4.2,None,1021.0,29.2
2023-11-13,"Norfolk, USA - Paradip",Coking Coal,Panamax,69073,8548.6,1783.0,602.8,0.2,None,1689.0,46.92
2023-11-13,"Ponta da Madeira, Brazil - Gangavaram",Iron Ore,Panamax,83943,8959.2,1783.0,647.5,0.8,None,1601.0,57.93
2023-11-13,"Ponta da Madeira, Brazil - Haldia",Iron Ore,Panamax,70483,9206.8,1783.0,645.4,3.3,None,1682.0,60.64
2023-11-13,"Richards Bay, South Africa - Gangavaram",Coking Coal,Supramax,56396,4804.0,1020.7,626.7,2.0,None,1052.0,25.17
2023-11-13,"Richards Bay, South Africa - Kolkata",Coking Coal,Supramax,49754,5292.9,1020.7,653.7,1.3,None,973.0,27.83
2023-11-13,"Richards Bay, South Africa - Visakhapatnam",Coking Coal,Supramax,51714,4813.7,1020.7,650.5,3.9,None,1031.0,24.93
2023-11-13,"Saldanha Bay, South Africa - Visakhapatnam",Iron Ore,Panamax,85887,5695.2,1783.0,631.3,1.3,None,1623.0,37.78
2023-11-13,"Samarinda, Indonesia - Ennore",Thermal Coal,Supramax,60896,2762.6,1020.7,634.7,3.2,None,932.0,13.76
2023-11-13,"Samarinda, Indonesia - Visakhapatnam",Thermal Coal,Supramax,50072,2685.9,1020.7,636.7,1.4,None,990.0,13.43
2023-11-13,"Tubarao, Brazil - Paradip",Iron Ore,Panamax,76318,9234.1,1783.0,640.3,2.3,None,1665.0,52.11
2023-11-13,"Vale do Rio Doce, Brazil - Ennore",Iron Ore,Capesize,195965,8858.1,2683.2,661.5,3.0,None,2073.0,53.11
2023-11-20,"Abbot Point, Australia - Gangavaram",Coal,Supramax,60155,5235.8,903.1,654.5,0.9,None,921.0,23.59
2023-11-20,"Dampier, Australia - Gangavaram",Iron Ore,Capesize,171549,3569.6,2773.0,623.9,3.7,None,2743.0,20.16
2023-11-20,"Gladstone, Australia - Ennore",Coal,Handysize,32701,5565.0,1084.6,673.1,0.5,None,998.0,31.36
2023-11-20,"Gladstone, Australia - Gangavaram",Coal,Panamax,87546,5539.5,1767.2,667.2,3.4,None,1686.0,32.14
2023-11-20,"Hay Point, Australia - Gangavaram",Coking Coal,Panamax,81974,5350.8,1767.2,629.0,3.0,None,1905.0,35.03
2023-11-20,"Nacala, Mozambique - Haldia",Coking Coal,Supramax,58631,4191.3,903.1,642.3,2.5,None,858.0,19.25
2023-11-20,"Newcastle, Australia - Paradip",Thermal Coal,Handysize,36450,5793.4,1084.6,663.9,1.9,None,1226.0,33.96
2023-11-20,"Norfolk, USA - Ennore",Coking Coal,Panamax,68864,8874.7,1767.2,630.5,3.4,None,1540.0,53.1
2023-11-20,"Norfolk, USA - Visakhapatnam",Coking Coal,Panamax,78314,8657.5,1767.2,667.6,0.7,None,1849.0,54.3
2023-11-20,"Richards Bay, South Africa - Haldia",Coking Coal,Handysize,31625,5255.1,1084.6,675.4,2.3,None,1083.0,28.09
2023-11-20,"Saldanha Bay, South Africa - Gangavaram",Iron Ore,Panamax,78310,5685.5,1767.2,635.1,1.2,None,1823.0,36.08
2023-11-20,"Saldanha Bay, South Africa - Visakhapatnam",Iron Ore,Capesize,196925,5695.2,2773.0,653.3,0.4,None,2727.0,34.4
2023-11-20,"Samarinda, Indonesia - Paradip",Thermal Coal,Supramax,53440,2577.8,903.1,657.5,2.0,None,1002.0,12.06
2023-11-20,"Tubarao, Brazil - Gangavaram",Iron Ore,Panamax,88908,8973.4,1767.2,641.9,2.2,None,1874.0,57.27
2023-11-20,"Vale do Rio Doce, Brazil - Haldia",Iron Ore,Capesize,196248,9494.8,2773.0,644.1,5.2,None,2911.0,60.18
2023-11-27,"Dampier, Australia - Ennore",Iron Ore,Panamax,84094,3491.8,1758.8,648.2,1.1,None,1619.0,19.95
2023-11-27,"Durban, South Africa - Kolkata",Coal,Handysize,39746,5384.9,981.2,666.5,3.5,None,1016.0,29.22
2023-11-27,"Durban, South Africa - Paradip",Coal,Panamax,73499,5193.0,1758.8,639.0,0.3,None,1739.0,29.13
2023-11-27,"Gladstone, Australia - Visakhapatnam",Coal,Panamax,81975,5537.2,1758.8,649.1,0.7,None,1653.0,31.77
2023-11-27,"Hay Point, Australia - Ennore",Coking Coal,Supramax,59410,5386.7,1030.0,622.1,1.0,None,1168.0,26.91
2023-11-27,"Nacala, Mozambique - Visakhapatnam",Coking Coal,Panamax,83297,3755.5,1758.8,642.9,2.3,None,1509.0,21.48
2023-11-27,"Newcastle, Australia - Visakhapatnam",Thermal Coal,Supramax,55442,5849.9,1030.0,655.2,1.9,None,1049.0,30.08
2023-11-27,"Norfolk, USA - Paradip",Coking Coal,Panamax,80134,8548.6,1758.8,614.4,1.9,None,1666.0,55.97
2023-11-27,"Norfolk, USA - Visakhapatnam",Coking Coal,Handysize,38745,8657.5,981.2,645.9,0.0,None,959.0,41.2
2023-11-27,"Richards Bay, South Africa - Ennore",Coking Coal,Handysize,31692,4452.0,981.2,654.8,2.2,None,969.0,22.72
2023-11-27,"Saldanha Bay, South Africa - Paradip",Iron Ore,Panamax,87468,5982.9,1758.8,655.5,1.1,None,1756.0,36.4
2023-11-27,"Taboneo, Indonesia - Ennore",Thermal Coal,Panamax,79911,2689.7,1758.8,660.6,3.0,None,1688.0,17.09
2023-11-27,"Taboneo, Indonesia - Gangavaram",Thermal Coal,Panamax,88666,2655.0,1758.8,652.3,2.4,None,1605.0,16.81
2023-11-27,"Tubarao, Brazil - Visakhapatnam",Iron Ore,Capesize,158084,8981.5,2714.8,653.0,1.9,None,2876.0,58.36
2023-11-27,"Vale do Rio Doce, Brazil - Paradip",Iron Ore,Panamax,67827,9380.1,1758.8,656.5,1.6,None,1625.0,56.15
2023-11-27,"Vancouver, Canada - Haldia",Coking Coal,Panamax,88740,7337.7,1758.8,651.0,1.8,None,1733.0,41.85
2023-12-04,"Abbot Point, Australia - Paradip",Coal,Supramax,58087,5127.9,1023.7,688.2,3.4,Red Sea / Suez rerouting crisis,1342.0,32.24
2023-12-04,"Dampier, Australia - Gangavaram",Iron Ore,Panamax,85882,3569.6,1882.4,681.4,4.8,Red Sea / Suez rerouting crisis,2901.0,26.15
2023-12-04,"Durban, South Africa - Paradip",Coal,Supramax,58049,5193.0,1023.7,672.3,5.6,Red Sea / Suez rerouting crisis,1471.0,30.8
2023-12-04,"Hay Point, Australia - Gangavaram",Coking Coal,Supramax,52629,5350.8,1023.7,676.5,2.3,Red Sea / Suez rerouting crisis,1299.0,28.76
2023-12-04,"Hay Point, Australia - Visakhapatnam",Coking Coal,Supramax,52525,5348.2,1023.7,691.5,5.8,Red Sea / Suez rerouting crisis,1300.0,33.11
2023-12-04,"Nacala, Mozambique - Ennore",Coking Coal,Handysize,37900,3410.6,992.3,685.9,2.9,Red Sea / Suez rerouting crisis,1323.0,22.52
2023-12-04,"Nacala, Mozambique - Kolkata",Coking Coal,Panamax,69179,4225.9,1882.4,693.2,3.6,Red Sea / Suez rerouting crisis,2635.0,34.63
2023-12-04,"Nacala, Mozambique - Paradip",Coking Coal,Supramax,57569,4041.9,1023.7,703.5,1.5,Red Sea / Suez rerouting crisis,1457.0,25.58
2023-12-04,"Saldanha Bay, South Africa - Visakhapatnam",Iron Ore,Capesize,169217,5695.2,2642.7,674.0,4.0,Red Sea / Suez rerouting crisis,3428.0,47.57
2023-12-04,"Samarinda, Indonesia - Haldia",Thermal Coal,Supramax,60802,2560.1,1023.7,669.0,3.5,Red Sea / Suez rerouting crisis,1196.0,15.29
2023-12-04,"Taboneo, Indonesia - Paradip",Thermal Coal,Handysize,31788,2575.5,992.3,682.4,5.2,Red Sea / Suez rerouting crisis,1418.0,16.86
2023-12-04,"Tubarao, Brazil - Gangavaram",Iron Ore,Panamax,77380,8973.4,1882.4,674.0,3.0,Red Sea / Suez rerouting crisis,2551.0,73.63
2023-12-04,"Vale do Rio Doce, Brazil - Haldia",Iron Ore,Capesize,193131,9494.8,2642.7,684.4,3.1,Red Sea / Suez rerouting crisis,3717.0,73.53
2023-12-04,"Vancouver, Canada - Kolkata",Coking Coal,Panamax,74347,7293.3,1882.4,671.9,2.7,Red Sea / Suez rerouting crisis,2522.0,48.72
2023-12-11,"Abbot Point, Australia - Haldia",Coal,Supramax,61319,5103.7,961.8,683.8,5.4,Red Sea / Suez rerouting crisis,1503.0,29.13
2023-12-11,"Abbot Point, Australia - Visakhapatnam",Coal,Supramax,49328,5233.1,961.8,673.3,5.0,Red Sea / Suez rerouting crisis,1160.0,29.92
2023-12-11,"Dampier, Australia - Ennore",Iron Ore,Panamax,67274,3491.8,1764.4,662.8,6.6,Red Sea / Suez rerouting crisis,2619.0,24.29
2023-12-11,"Dampier, Australia - Kolkata",Iron Ore,Capesize,189083,3635.9,2525.7,692.6,6.4,Red Sea / Suez rerouting crisis,3407.0,25.36
2023-12-11,"Dampier, Australia - Visakhapatnam",Iron Ore,Panamax,83385,3570.3,1764.4,686.9,1.9,Red Sea / Suez rerouting crisis,2404.0,26.03
2023-12-11,"Hay Point, Australia - Kolkata",Coking Coal,Supramax,59452,5235.2,961.8,698.3,5.2,Red Sea / Suez rerouting crisis,1372.0,32.04
2023-12-11,"Newcastle, Australia - Gangavaram",Thermal Coal,Panamax,74065,5850.9,1764.4,711.2,5.0,Red Sea / Suez rerouting crisis,2462.0,45.85
2023-12-11,"Ponta da Madeira, Brazil - Haldia",Iron Ore,Capesize,156842,9206.8,2525.7,684.7,5.4,Red Sea / Suez rerouting crisis,3105.0,72.78
2023-12-11,"Saldanha Bay, South Africa - Ennore",Iron Ore,Capesize,206930,5338.7,2525.7,694.3,6.0,Red Sea / Suez rerouting crisis,2923.0,36.8
2023-12-11,"Saldanha Bay, South Africa - Visakhapatnam",Iron Ore,Panamax,84862,5695.2,1764.4,684.9,6.0,Red Sea / Suez rerouting crisis,2514.0,42.23
2023-12-11,"Samarinda, Indonesia - Gangavaram",Thermal Coal,Supramax,51975,2689.0,961.8,670.9,4.2,Red Sea / Suez rerouting crisis,1206.0,14.72
2023-12-11,"Samarinda, Indonesia - Haldia",Thermal Coal,Handysize,38573,2560.1,1045.1,681.1,4.1,Red Sea / Suez rerouting crisis,1432.0,17.13
2023-12-11,"Taboneo, Indonesia - Ennore",Thermal Coal,Handysize,39103,2689.7,1045.1,674.5,4.0,Red Sea / Suez rerouting crisis,1384.0,18.0
2023-12-11,"Tubarao, Brazil - Haldia",Iron Ore,Capesize,208670,9350.8,2525.7,682.3,3.8,Red Sea / Suez rerouting crisis,3476.0,75.57
2023-12-11,"Tubarao, Brazil - Kolkata",Iron Ore,Capesize,157017,9369.5,2525.7,691.2,4.8,Red Sea / Suez rerouting crisis,3788.0,65.03
2023-12-18,"Abbot Point, Australia - Gangavaram",Coal,Panamax,69437,5235.8,1627.7,673.0,5.0,Red Sea / Suez rerouting crisis,1980.0,38.04
2023-12-18,"Dampier, Australia - Paradip",Iron Ore,Capesize,180648,3570.5,2560.8,647.1,2.0,Red Sea / Suez rerouting crisis,3498.0,25.68
2023-12-18,"Gladstone, Australia - Paradip",Coal,Panamax,71741,5442.2,1627.7,683.1,4.0,Red Sea / Suez rerouting crisis,2171.0,37.57
2023-12-18,"Newcastle, Australia - Gangavaram",Thermal Coal,Panamax,75335,5850.9,1627.7,656.2,5.3,Red Sea / Suez rerouting crisis,2179.0,42.27
2023-12-18,"Newcastle, Australia - Paradip",Thermal Coal,Handysize,35192,5793.4,979.9,661.5,4.8,Red Sea / Suez rerouting crisis,1280.0,37.94
2023-12-18,"Norfolk, USA - Haldia",Coking Coal,Panamax,65857,8458.2,1627.7,666.8,2.7,Red Sea / Suez rerouting crisis,2164.0,58.13
2023-12-18,"Ponta da Madeira, Brazil - Paradip",Iron Ore,Capesize,186368,9142.2,2560.8,656.1,3.3,Red Sea / Suez rerouting crisis,3433.0,70.94
2023-12-18,"Ponta da Madeira, Brazil - Visakhapatnam",Iron Ore,Capesize,174171,8964.6,2560.8,647.4,4.8,Red Sea / Suez rerouting crisis,3389.0,67.47
2023-12-18,"Richards Bay, South Africa - Haldia",Coking Coal,Supramax,50505,5255.1,884.1,651.8,6.3,Red Sea / Suez rerouting crisis,1349.0,27.52
2023-12-18,"Saldanha Bay, South Africa - Kolkata",Iron Ore,Panamax,74224,6171.5,1627.7,675.8,3.3,Red Sea / Suez rerouting crisis,2381.0,49.07
2023-12-18,"Vale do Rio Doce, Brazil - Kolkata",Iron Ore,Capesize,154406,9512.7,2560.8,640.9,2.6,Red Sea / Suez rerouting crisis,3511.0,69.82
2023-12-25,"Abbot Point, Australia - Visakhapatnam",Coal,Supramax,49418,5233.1,824.8,690.0,4.8,Red Sea / Suez rerouting crisis,1267.0,27.84
2023-12-25,"Gladstone, Australia - Haldia",Coal,Supramax,56762,5423.2,824.8,706.5,5.9,Red Sea / Suez rerouting crisis,868.0,28.15
2023-12-25,"Hay Point, Australia - Gangavaram",Coking Coal,Supramax,60605,5350.8,824.8,693.9,5.8,Red Sea / Suez rerouting crisis,990.0,27.0
2023-12-25,"Nacala, Mozambique - Kolkata",Coking Coal,Supramax,61887,4225.9,824.8,695.6,4.9,Red Sea / Suez rerouting crisis,1222.0,22.85
2023-12-25,"Newcastle, Australia - Kolkata",Thermal Coal,Panamax,77547,5812.9,1571.0,698.6,5.2,Red Sea / Suez rerouting crisis,2146.0,37.48
2023-12-25,"Norfolk, USA - Haldia",Coking Coal,Panamax,79875,8458.2,1571.0,721.2,7.4,Red Sea / Suez rerouting crisis,2043.0,61.11
2023-12-25,"Norfolk, USA - Visakhapatnam",Coking Coal,Panamax,79759,8657.5,1571.0,722.3,4.2,Red Sea / Suez rerouting crisis,2366.0,57.64
2023-12-25,"Ponta da Madeira, Brazil - Gangavaram",Iron Ore,Capesize,177687,8959.2,2597.0,680.7,4.4,Red Sea / Suez rerouting crisis,3049.0,71.04
2023-12-25,"Richards Bay, South Africa - Haldia",Coking Coal,Handysize,32632,5255.1,962.5,691.1,3.0,Red Sea / Suez rerouting crisis,1338.0,34.11
2023-12-25,"Richards Bay, South Africa - Kolkata",Coking Coal,Handysize,34959,5292.9,962.5,688.8,5.5,Red Sea / Suez rerouting crisis,1199.0,31.18
2023-12-25,"Saldanha Bay, South Africa - Gangavaram",Iron Ore,Panamax,81550,5685.5,1571.0,678.1,3.7,Red Sea / Suez rerouting crisis,2007.0,35.43
2023-12-25,"Saldanha Bay, South Africa - Haldia",Iron Ore,Capesize,201941,6135.1,2597.0,702.6,3.8,Red Sea / Suez rerouting crisis,3854.0,45.34
2023-12-25,"Saldanha Bay, South Africa - Paradip",Iron Ore,Capesize,199112,5982.9,2597.0,692.9,3.8,Red Sea / Suez rerouting crisis,3608.0,44.86
2023-12-25,"Samarinda, Indonesia - Gangavaram",Thermal Coal,Panamax,71912,2689.0,1571.0,662.3,4.4,Red Sea / Suez rerouting crisis,2027.0,18.53
2023-12-25,"Vancouver, Canada - Paradip",Coking Coal,Panamax,70913,7484.8,1571.0,689.2,6.0,Red Sea / Suez rerouting crisis,2294.0,50.06
2024-01-01,"Abbot Point, Australia - Kolkata",Coal,Handysize,30808,5114.5,1041.0,670.6,4.2,China steel demand slump,915.0,25.55
2024-01-01,"Dampier, Australia - Ennore",Iron Ore,Capesize,156044,3491.8,2411.9,663.2,6.5,China steel demand slump,2193.0,19.8
2024-01-01,"Dampier, Australia - Gangavaram",Iron Ore,Panamax,82433,3569.6,1467.2,687.5,3.8,China steel demand slump,1214.0,19.28
2024-01-01,"Dampier, Australia - Visakhapatnam",Iron Ore,Capesize,207265,3570.3,2411.9,698.1,6.5,China steel demand slump,2119.0,20.33
2024-01-01,"Newcastle, Australia - Gangavaram",Thermal Coal,Supramax,59655,5850.9,818.6,679.0,5.0,China steel demand slump,795.0,25.08
2024-01-01,"Norfolk, USA - Kolkata",Coking Coal,Handysize,35779,8420.2,1041.0,664.5,3.7,China steel demand slump,960.0,48.56
2024-01-01,"Ponta da Madeira, Brazil - Kolkata",Iron Ore,Capesize,187422,9207.4,2411.9,703.0,4.0,China steel demand slump,2335.0,54.64
2024-01-01,"Richards Bay, South Africa - Kolkata",Coking Coal,Panamax,87616,5292.9,1467.2,708.7,5.6,China steel demand slump,1228.0,28.76
2024-01-01,"Richards Bay, South Africa - Paradip",Coking Coal,Handysize,28583,5101.3,1041.0,688.1,3.6,China steel demand slump,867.0,28.13
2024-01-01,"Saldanha Bay, South Africa - Visakhapatnam",Iron Ore,Panamax,75008,5695.2,1467.2,652.6,3.5,China steel demand slump,1344.0,28.5
2024-01-01,"Tubarao, Brazil - Ennore",Iron Ore,Capesize,153150,8706.6,2411.9,694.6,5.7,China steel demand slump,2004.0,47.51
2024-01-01,"Vale do Rio Doce, Brazil - Ennore",Iron Ore,Capesize,207848,8858.1,2411.9,686.6,4.2,China steel demand slump,2107.0,50.04
2024-01-01,"Vale do Rio Doce, Brazil - Gangavaram",Iron Ore,Panamax,75927,9121.7,1467.2,678.1,7.2,China steel demand slump,1448.0,45.35
2024-01-01,"Vale do Rio Doce, Brazil - Haldia",Iron Ore,Capesize,190121,9494.8,2411.9,689.5,2.9,China steel demand slump,2357.0,52.07
2024-01-08,"Abbot Point, Australia - Ennore",Coal,Handysize,31275,5277.3,1039.4,666.0,6.6,China steel demand slump,915.0,28.8
2024-01-08,"Dampier, Australia - Ennore",Iron Ore,Panamax,83034,3491.8,1595.4,639.4,3.9,China steel demand slump,1463.0,16.86
2024-01-08,"Dampier, Australia - Haldia",Iron Ore,Capesize,172887,3608.6,2463.9,674.6,5.5,China steel demand slump,2111.0,19.56
2024-01-08,"Durban, South Africa - Paradip",Coal,Handysize,36597,5193.0,1039.4,659.2,3.3,China steel demand slump,974.0,25.72
2024-01-08,"Hay Point, Australia - Kolkata",Coking Coal,Handysize,33986,5235.2,1039.4,676.3,5.0,China steel demand slump,957.0,28.47
2024-01-08,"Hay Point, Australia - Visakhapatnam",Coking Coal,Panamax,89316,5348.2,1595.4,655.2,7.1,China steel demand slump,1318.0,28.8
2024-01-08,"Nacala, Mozambique - Kolkata",Coking Coal,Handysize,36886,4225.9,1039.4,680.9,4.0,China steel demand slump,985.0,21.17
2024-01-08,"Nacala, Mozambique - Paradip",Coking Coal,Handysize,39627,4041.9,1039.4,674.4,5.5,China steel demand slump,867.0,20.99
2024-01-08,"Newcastle, Australia - Kolkata",Thermal Coal,Panamax,89492,5812.9,1595.4,675.2,4.6,China steel demand slump,1544.0,30.45
2024-01-08,"Saldanha Bay, South Africa - Kolkata",Iron Ore,Panamax,84111,6171.5,1595.4,677.2,4.6,China steel demand slump,1507.0,34.46
2024-01-08,"Samarinda, Indonesia - Paradip",Thermal Coal,Panamax,71069,2577.8,1595.4,647.4,5.4,China steel demand slump,1372.0,13.39
2024-01-08,"Tubarao, Brazil - Gangavaram",Iron Ore,Capesize,175938,8973.4,2463.9,645.3,5.1,China steel demand slump,1923.0,49.02
2024-01-08,"Vale do Rio Doce, Brazil - Kolkata",Iron Ore,Capesize,151129,9512.7,2463.9,664.5,5.9,China steel demand slump,2232.0,52.56
2024-01-15,"Abbot Point, Australia - Ennore",Coal,Panamax,88191,5277.3,1626.4,612.4,5.1,China steel demand slump,1353.0,28.13
2024-01-15,"Abbot Point, Australia - Paradip",Coal,Handysize,30047,5127.9,974.6,666.6,4.9,China steel demand slump,927.0,23.79
2024-01-15,"Dampier, Australia - Paradip",Iron Ore,Capesize,156907,3570.5,2387.6,667.9,4.0,China steel demand slump,2024.0,19.54
2024-01-15,"Durban, South Africa - Paradip",Coal,Panamax,81517,5193.0,1626.4,627.7,3.8,China steel demand slump,1415.0,28.21
2024-01-15,"Durban, South Africa - Visakhapatnam",Coal,Panamax,85251,4905.5,1626.4,665.7,3.8,China steel demand slump,1289.0,27.66
2024-01-15,"Gladstone, Australia - Haldia",Coal,Panamax,85480,5423.2,1626.4,652.6,3.3,China steel demand slump,1527.0,31.55
2024-01-15,"Nacala, Mozambique - Paradip",Coking Coal,Panamax,71153,4041.9,1626.4,639.1,3.0,China steel demand slump,1387.0,20.25
2024-01-15,"Newcastle, Australia - Paradip",Thermal Coal,Panamax,70108,5793.4,1626.4,654.0,5.9,China steel demand slump,1446.0,28.34
2024-01-15,"Richards Bay, South Africa - Visakhapatnam",Coking Coal,Supramax,49196,4813.7,883.2,645.0,1.6,China steel demand slump,750.0,21.01
2024-01-15,"Saldanha Bay, South Africa - Haldia",Iron Ore,Panamax,78847,6135.1,1626.4,634.9,3.0,China steel demand slump,1422.0,31.11
2024-01-15,"Saldanha Bay, South Africa - Kolkata",Iron Ore,Panamax,73831,6171.5,1626.4,647.2,2.1,China steel demand slump,1518.0,33.62
2024-01-15,"Samarinda, Indonesia - Visakhapatnam",Thermal Coal,Handysize,31726,2685.9,974.6,642.3,5.4,China steel demand slump,765.0,14.23
2024-01-15,"Tubarao, Brazil - Visakhapatnam",Iron Ore,Panamax,80657,8981.5,1626.4,638.8,3.8,China steel demand slump,1404.0,52.85
2024-01-15,"Vale do Rio Doce, Brazil - Gangavaram",Iron Ore,Panamax,73491,9121.7,1626.4,646.6,4.1,China steel demand slump,1371.0,46.12
2024-01-15,"Vale do Rio Doce, Brazil - Haldia",Iron Ore,Panamax,75973,9494.8,1626.4,640.2,3.8,China steel demand slump,1558.0,49.6
2024-01-15,"Vale do Rio Doce, Brazil - Paradip",Iron Ore,Panamax,86097,9380.1,1626.4,654.7,2.8,China steel demand slump,1479.0,48.08
2024-01-15,"Vancouver, Canada - Haldia",Coking Coal,Supramax,52188,7337.7,883.2,650.6,3.3,China steel demand slump,748.0,34.14
2024-01-15,"Vancouver, Canada - Paradip",Coking Coal,Handysize,32383,7484.8,974.6,625.0,4.0,China steel demand slump,883.0,38.73
2024-01-22,"Dampier, Australia - Haldia",Iron Ore,Panamax,75428,3608.6,1550.8,633.2,6.1,China steel demand slump,1333.0,19.86
2024-01-22,"Dampier, Australia - Kolkata",Iron Ore,Panamax,65347,3635.9,1550.8,639.5,3.9,China steel demand slump,1506.0,18.62
2024-01-22,"Dampier, Australia - Visakhapatnam",Iron Ore,Capesize,150651,3570.3,2553.2,636.8,7.3,China steel demand slump,2259.0,20.47
2024-01-22,"Durban, South Africa - Gangavaram",Coal,Panamax,79568,4895.8,1550.8,627.6,7.8,China steel demand slump,1261.0,25.39
2024-01-22,"Durban, South Africa - Kolkata",Coal,Supramax,61814,5384.9,846.4,637.9,4.5,China steel demand slump,762.0,25.21
2024-01-22,"Gladstone, Australia - Haldia",Coal,Supramax,61513,5423.2,846.4,633.7,3.6,China steel demand slump,726.0,23.79
2024-01-22,"Gladstone, Australia - Kolkata",Coal,Handysize,29064,5435.4,907.4,637.0,4.1,China steel demand slump,779.0,25.98
2024-01-22,"Nacala, Mozambique - Visakhapatnam",Coking Coal,Handysize,28614,3755.5,907.4,654.3,2.6,China steel demand slump,833.0,18.05
2024-01-22,"Newcastle, Australia - Ennore",Thermal Coal,Panamax,70344,5823.9,1550.8,642.4,2.9,China steel demand slump,1382.0,30.23
2024-01-22,"Norfolk, USA - Haldia",Coking Coal,Supramax,48664,8458.2,846.4,641.5,4.6,China steel demand slump,767.0,39.17
2024-01-22,"Richards Bay, South Africa - Haldia",Coking Coal,Handysize,39604,5255.1,907.4,655.5,3.5,China steel demand slump,801.0,27.21
2024-01-22,"Saldanha Bay, South Africa - Visakhapatnam",Iron Ore,Capesize,189022,5695.2,2553.2,625.2,4.0,China steel demand slump,2040.0,35.89
2024-01-22,"Samarinda, Indonesia - Kolkata",Thermal Coal,Panamax,76962,2573.8,1550.8,639.8,4.5,China steel demand slump,1520.0,13.44
2024-01-22,"Tubarao, Brazil - Ennore",Iron Ore,Capesize,203749,8706.6,2553.2,622.9,5.3,China steel demand slump,2090.0,44.35
2024-01-22,"Tubarao, Brazil - Paradip",Iron Ore,Panamax,69501,9234.1,1550.8,638.3,4.2,China steel demand slump,1277.0,48.96
2024-01-22,"Tubarao, Brazil - Visakhapatnam",Iron Ore,Capesize,209780,8981.5,2553.2,628.7,4.6,China steel demand slump,2341.0,53.62
2024-01-22,"Vale do Rio Doce, Brazil - Ennore",Iron Ore,Panamax,87607,8858.1,1550.8,641.8,4.4,China steel demand slump,1274.0,43.98
2024-01-22,"Vale do Rio Doce, Brazil - Kolkata",Iron Ore,Capesize,154504,9512.7,2553.2,626.1,4.7,China steel demand slump,2016.0,49.95
2024-01-22,"Vancouver, Canada - Gangavaram",Coking Coal,Panamax,73120,7739.2,1550.8,638.0,4.2,China steel demand slump,1439.0,40.62
2024-01-22,"Vancouver, Canada - Paradip",Coking Coal,Supramax,60511,7484.8,846.4,651.2,7.1,China steel demand slump,805.0,34.79
2024-01-29,"Abbot Point, Australia - Kolkata",Coal,Panamax,80882,5114.5,1500.0,624.6,3.5,China steel demand slump,1304.0,26.5
2024-01-29,"Dampier, Australia - Kolkata",Iron Ore,Capesize,168411,3635.9,2561.4,643.2,4.6,China steel demand slump,2285.0,21.05
2024-01-29,"Dampier, Australia - Visakhapatnam",Iron Ore,Panamax,71733,3570.3,1500.0,638.9,5.9,China steel demand slump,1245.0,17.86
2024-01-29,"Durban, South Africa - Haldia",Coal,Panamax,70491,5347.0,1500.0,623.8,5.2,China steel demand slump,1399.0,25.69
2024-01-29,"Norfolk, USA - Kolkata",Coking Coal,Handysize,35144,8420.2,803.9,633.8,6.5,China steel demand slump,679.0,39.52
2024-01-29,"Ponta da Madeira, Brazil - Gangavaram",Iron Ore,Capesize,167391,8959.2,2561.4,655.0,4.7,China steel demand slump,2140.0,50.12
2024-01-29,"Richards Bay, South Africa - Gangavaram",Coking Coal,Panamax,75333,4804.0,1500.0,635.1,1.9,China steel demand slump,1459.0,24.6
2024-01-29,"Saldanha Bay, South Africa - Paradip",Iron Ore,Panamax,84417,5982.9,1500.0,638.7,6.3,China steel demand slump,1377.0,31.13
2024-01-29,"Taboneo, Indonesia - Ennore",Thermal Coal,Panamax,82400,2689.7,1500.0,664.5,4.3,China steel demand slump,1242.0,14.29
2024-01-29,"Tubarao, Brazil - Gangavaram",Iron Ore,Panamax,87738,8973.4,1500.0,644.1,3.2,China steel demand slump,1369.0,46.98
2024-01-29,"Vale do Rio Doce, Brazil - Gangavaram",Iron Ore,Panamax,70253,9121.7,1500.0,630.5,4.7,China steel demand slump,1394.0,48.82
2024-01-29,"Vancouver, Canada - Ennore",Coking Coal,Panamax,76814,8088.7,1500.0,655.7,7.6,China steel demand slump,1364.0,44.91
2024-02-05,"Abbot Point, Australia - Visakhapatnam",Coal,Panamax,68595,5233.1,1763.5,663.8,3.9,China steel demand slump,1589.0,30.29
2024-02-05,"Hay Point, Australia - Gangavaram",Coking Coal,Handysize,37136,5350.8,856.8,665.3,4.1,China steel demand slump,696.0,25.28
2024-02-05,"Hay Point, Australia - Visakhapatnam",Coking Coal,Handysize,36433,5348.2,856.8,649.4,1.5,China steel demand slump,789.0,24.84
2024-02-05,"Nacala, Mozambique - Ennore",Coking Coal,Panamax,74786,3410.6,1763.5,668.1,4.1,China steel demand slump,1692.0,18.05
2024-02-05,"Nacala, Mozambique - Gangavaram",Coking Coal,Handysize,34318,3745.9,856.8,653.5,4.6,China steel demand slump,741.0,18.17
2024-02-05,"Newcastle, Australia - Ennore",Thermal Coal,Supramax,51784,5823.9,847.5,654.6,3.9,China steel demand slump,879.0,25.48
2024-02-05,"Newcastle, Australia - Gangavaram",Thermal Coal,Supramax,61941,5850.9,847.5,646.6,4.6,China steel demand slump,664.0,25.97
2024-02-05,"Newcastle, Australia - Haldia",Thermal Coal,Panamax,85896,5795.2,1763.5,634.9,3.2,China steel demand slump,1543.0,31.24
2024-02-05,"Newcastle, Australia - Paradip",Thermal Coal,Panamax,79529,5793.4,1763.5,663.8,4.4,China steel demand slump,1669.0,31.87
2024-02-05,"Norfolk, USA - Ennore",Coking Coal,Panamax,79954,8874.7,1763.5,664.4,3.5,China steel demand slump,1545.0,52.21
2024-02-05,"Norfolk, USA - Gangavaram",Coking Coal,Panamax,84826,8662.0,1763.5,649.9,4.3,China steel demand slump,1663.0,49.92
2024-02-05,"Norfolk, USA - Paradip",Coking Coal,Handysize,31604,8548.6,856.8,668.4,6.6,China steel demand slump,789.0,40.5
2024-02-05,"Ponta da Madeira, Brazil - Visakhapatnam",Iron Ore,Panamax,78612,8964.6,1763.5,637.9,3.9,China steel demand slump,1749.0,50.88
2024-02-05,"Saldanha Bay, South Africa - Kolkata",Iron Ore,Capesize,186515,6171.5,2756.7,664.5,4.3,China steel demand slump,2340.0,40.74
2024-02-05,"Taboneo, Indonesia - Kolkata",Thermal Coal,Panamax,75883,2594.2,1763.5,651.6,5.2,China steel demand slump,1645.0,14.19
2024-02-05,"Taboneo, Indonesia - Paradip",Thermal Coal,Supramax,51201,2575.5,847.5,669.6,4.9,China steel demand slump,736.0,11.65
2024-02-05,"Vale do Rio Doce, Brazil - Gangavaram",Iron Ore,Panamax,83061,9121.7,1763.5,661.2,3.5,China steel demand slump,1665.0,53.26
2024-02-05,"Vancouver, Canada - Ennore",Coking Coal,Handysize,32144,8088.7,856.8,662.2,4.4,China steel demand slump,650.0,37.15
2024-02-05,"Vancouver, Canada - Visakhapatnam",Coking Coal,Handysize,34196,7730.4,856.8,665.1,3.6,China steel demand slump,801.0,37.72
2024-02-12,"Dampier, Australia - Haldia",Iron Ore,Capesize,174001,3608.6,2685.1,677.0,7.2,China steel demand slump,2149.0,20.28
2024-02-12,"Dampier, Australia - Kolkata",Iron Ore,Capesize,187092,3635.9,2685.1,668.9,5.3,China steel demand slump,2603.0,21.45
2024-02-12,"Dampier, Australia - Paradip",Iron Ore,Panamax,82207,3570.5,1706.7,668.3,3.8,China steel demand slump,1406.0,20.12
2024-02-12,"Durban, South Africa - Haldia",Coal,Supramax,57426,5347.0,965.6,680.0,3.4,China steel demand slump,851.0,25.38
2024-02-12,"Gladstone, Australia - Gangavaram",Coal,Panamax,81130,5539.5,1706.7,669.7,4.5,China steel demand slump,1362.0,32.18
2024-02-12,"Gladstone, Australia - Kolkata",Coal,Handysize,32869,5435.4,824.6,681.9,5.7,China steel demand slump,679.0,26.4
2024-02-12,"Hay Point, Australia - Ennore",Coking Coal,Panamax,85918,5386.7,1706.7,684.4,3.9,China steel demand slump,1419.0,29.92
2024-02-12,"Hay Point, Australia - Gangavaram",Coking Coal,Panamax,84158,5350.8,1706.7,665.2,3.0,China steel demand slump,1522.0,29.99
2024-02-12,"Newcastle, Australia - Paradip",Thermal Coal,Supramax,55715,5793.4,965.6,681.7,5.1,China steel demand slump,704.0,28.45
2024-02-12,"Norfolk, USA - Kolkata",Coking Coal,Panamax,88230,8420.2,1706.7,664.4,4.9,China steel demand slump,1505.0,48.62
2024-02-12,"Ponta da Madeira, Brazil - Gangavaram",Iron Ore,Capesize,182721,8959.2,2685.1,678.0,4.9,China steel demand slump,2362.0,58.76
2024-02-12,"Richards Bay, South Africa - Gangavaram",Coking Coal,Handysize,34761,4804.0,824.6,677.5,4.2,China steel demand slump,669.0,22.35
2024-02-12,"Saldanha Bay, South Africa - Ennore",Iron Ore,Capesize,197156,5338.7,2685.1,667.0,4.1,China steel demand slump,2130.0,32.67
2024-02-12,"Saldanha Bay, South Africa - Haldia",Iron Ore,Panamax,89792,6135.1,1706.7,659.8,5.0,China steel demand slump,1601.0,35.77
2024-02-12,"Saldanha Bay, South Africa - Visakhapatnam",Iron Ore,Capesize,184799,5695.2,2685.1,672.0,5.4,China steel demand slump,2459.0,34.46
2024-02-12,"Samarinda, Indonesia - Ennore",Thermal Coal,Supramax,51671,2762.6,965.6,672.9,5.3,China steel demand slump,801.0,12.98
2024-02-12,"Samarinda, Indonesia - Gangavaram",Thermal Coal,Supramax,61655,2689.0,965.6,678.4,4.5,China steel demand slump,835.0,11.68
2024-02-12,"Samarinda, Indonesia - Visakhapatnam",Thermal Coal,Panamax,66835,2685.9,1706.7,685.7,6.3,China steel demand slump,1395.0,14.44
2024-02-12,"Taboneo, Indonesia - Gangavaram",Thermal Coal,Handysize,33597,2655.0,824.6,690.3,4.5,China steel demand slump,728.0,14.09
2024-02-12,"Taboneo, Indonesia - Haldia",Thermal Coal,Panamax,68687,2575.7,1706.7,661.2,4.2,China steel demand slump,1381.0,14.35
2024-02-12,"Tubarao, Brazil - Paradip",Iron Ore,Capesize,193182,9234.1,2685.1,672.3,4.2,China steel demand slump,2355.0,53.44
2024-02-12,"Tubarao, Brazil - Visakhapatnam",Iron Ore,Panamax,73773,8981.5,1706.7,696.9,3.6,China steel demand slump,1358.0,53.91
2024-02-12,"Vale do Rio Doce, Brazil - Ennore",Iron Ore,Panamax,71094,8858.1,1706.7,685.2,5.0,China steel demand slump,1450.0,54.15
2024-02-12,"Vancouver, Canada - Haldia",Coking Coal,Supramax,50446,7337.7,965.6,675.9,5.8,China steel demand slump,869.0,33.25
2024-02-19,"Abbot Point, Australia - Gangavaram",Coal,Supramax,52111,5235.8,1071.3,687.9,4.2,China steel demand slump,990.0,27.72
2024-02-19,"Dampier, Australia - Gangavaram",Iron Ore,Panamax,68484,3569.6,1637.9,706.5,4.9,China steel demand slump,1453.0,22.23
2024-02-19,"Dampier, Australia - Haldia",Iron Ore,Capesize,186892,3608.6,2635.9,675.9,5.9,China steel demand slump,2441.0,21.27
2024-02-19,"Dampier, Australia - Kolkata",Iron Ore,Panamax,72854,3635.9,1637.9,689.6,3.5,China steel demand slump,1397.0,20.47
2024-02-19,"Durban, South Africa - Visakhapatnam",Coal,Handysize,39685,4905.5,892.1,678.7,2.7,China steel demand slump,762.0,24.2
2024-02-19,"Gladstone, Australia - Haldia",Coal,Supramax,51859,5423.2,1071.3,666.1,5.5,China steel demand slump,1041.0,27.63
2024-02-19,"Hay Point, Australia - Ennore",Coking Coal,Handysize,30608,5386.7,892.1,693.2,5.6,China steel demand slump,820.0,26.61
2024-02-19,"Nacala, Mozambique - Ennore",Coking Coal,Supramax,59587,3410.6,1071.3,696.9,5.0,China steel demand slump,933.0,17.61
2024-02-19,"Nacala, Mozambique - Visakhapatnam",Coking Coal,Handysize,39147,3755.5,892.1,687.4,4.4,China steel demand slump,691.0,20.55
2024-02-19,"Newcastle, Australia - Ennore",Thermal Coal,Panamax,89814,5823.9,1637.9,694.6,4.3,China steel demand slump,1436.0,31.82
2024-02-19,"Newcastle, Australia - Haldia",Thermal Coal,Handysize,35550,5795.2,892.1,710.1,3.6,China steel demand slump,737.0,29.03
2024-02-19,"Newcastle, Australia - Paradip",Thermal Coal,Supramax,52649,5793.4,1071.3,711.4,5.0,China steel demand slump,853.0,30.68
2024-02-19,"Newcastle, Australia - Visakhapatnam",Thermal Coal,Supramax,51637,5849.9,1071.3,683.8,4.2,China steel demand slump,951.0,32.05
2024-02-19,"Ponta da Madeira, Brazil - Gangavaram",Iron Ore,Panamax,73775,8959.2,1637.9,701.2,5.4,China steel demand slump,1424.0,48.18
2024-02-19,"Saldanha Bay, South Africa - Ennore",Iron Ore,Panamax,88053,5338.7,1637.9,696.6,5.4,China steel demand slump,1462.0,31.39
2024-02-19,"Saldanha Bay, South Africa - Visakhapatnam",Iron Ore,Capesize,174019,5695.2,2635.9,685.0,4.1,China steel demand slump,2485.0,38.21
2024-02-19,"Samarinda, Indonesia - Kolkata",Thermal Coal,Supramax,55168,2573.8,1071.3,708.0,3.7,China steel demand slump,1045.0,12.21
2024-02-19,"Taboneo, Indonesia - Paradip",Thermal Coal,Supramax,55805,2575.5,1071.3,693.0,5.5,China steel demand slump,905.0,12.98
2024-02-19,"Tubarao, Brazil - Kolkata",Iron Ore,Panamax,85208,9369.5,1637.9,667.3,3.1,China steel demand slump,1358.0,54.04
2024-02-19,"Vancouver, Canada - Gangavaram",Coking Coal,Supramax,60599,7739.2,1071.3,691.4,3.4,China steel demand slump,1003.0,38.64
2024-02-19,"Vancouver, Canada - Kolkata",Coking Coal,Panamax,83205,7293.3,1637.9,689.3,3.8,China steel demand slump,1511.0,41.06
2024-02-26,"Abbot Point, Australia - Gangavaram",Coal,Supramax,61770,5235.8,1047.0,713.6,4.4,China steel demand slump,920.0,24.7
2024-02-26,"Dampier, Australia - Haldia",Iron Ore,Panamax,65423,3608.6,1667.1,689.1,5.1,China steel demand slump,1419.0,20.52
2024-02-26,"Dampier, Australia - Kolkata",Iron Ore,Panamax,84519,3635.9,1667.1,717.3,4.1,China steel demand slump,1589.0,19.26
2024-02-26,"Nacala, Mozambique - Haldia",Coking Coal,Panamax,82933,4191.3,1667.1,707.9,5.5,China steel demand slump,1331.0,23.04
2024-02-26,"Norfolk, USA - Kolkata",Coking Coal,Panamax,86024,8420.2,1667.1,709.5,4.5,China steel demand slump,1616.0,43.0
2024-02-26,"Norfolk, USA - Visakhapatnam",Coking Coal,Panamax,83288,8657.5,1667.1,707.7,7.3,China steel demand slump,1619.0,49.46
2024-02-26,"Ponta da Madeira, Brazil - Gangavaram",Iron Ore,Panamax,72333,8959.2,1667.1,694.8,4.2,China steel demand slump,1577.0,56.93
2024-02-26,"Saldanha Bay, South Africa - Ennore",Iron Ore,Capesize,197285,5338.7,2658.8,711.7,1.4,China steel demand slump,2304.0,30.74
2024-02-26,"Saldanha Bay, South Africa - Visakhapatnam",Iron Ore,Capesize,192485,5695.2,2658.8,721.6,2.9,China steel demand slump,2463.0,39.92
2024-02-26,"Samarinda, Indonesia - Ennore",Thermal Coal,Panamax,76406,2762.6,1667.1,715.3,6.7,China steel demand slump,1478.0,16.02
2024-02-26,"Taboneo, Indonesia - Visakhapatnam",Thermal Coal,Handysize,39800,2652.9,947.5,680.3,5.0,China steel demand slump,934.0,14.29
2024-02-26,"Tubarao, Brazil - Ennore",Iron Ore,Capesize,195795,8706.6,2658.8,701.8,5.2,China steel demand slump,2241.0,45.52
2024-02-26,"Tubarao, Brazil - Gangavaram",Iron Ore,Capesize,168427,8973.4,2658.8,688.6,2.5,China steel demand slump,2003.0,45.88
2024-02-26,"Tubarao, Brazil - Haldia",Iron Ore,Panamax,86499,9350.8,1667.1,709.3,3.5,China steel demand slump,1373.0,54.75
2024-02-26,"Vale do Rio Doce, Brazil - Kolkata",Iron Ore,Panamax,75261,9512.7,1667.1,685.4,4.6,China steel demand slump,1338.0,51.83
2024-03-04,"Abbot Point, Australia - Ennore",Coal,Panamax,86051,5277.3,1725.6,760.6,4.5,Red Sea / Suez rerouting crisis,2496.0,34.7
2024-03-04,"Abbot Point, Australia - Paradip",Coal,Handysize,38056,5127.9,917.3,784.6,6.4,Red Sea / Suez rerouting crisis,1254.0,35.92
2024-03-04,"Dampier, Australia - Kolkata",Iron Ore,Panamax,83596,3635.9,1725.6,760.7,2.7,Red Sea / Suez rerouting crisis,2413.0,29.26
2024-03-04,"Dampier, Australia - Paradip",Iron Ore,Capesize,194649,3570.5,2771.8,751.5,5.7,Red Sea / Suez rerouting crisis,3731.0,29.91
2024-03-04,"Dampier, Australia - Visakhapatnam",Iron Ore,Panamax,82275,3570.3,1725.6,757.2,4.7,Red Sea / Suez rerouting crisis,2499.0,25.82
2024-03-04,"Durban, South Africa - Gangavaram",Coal,Supramax,50188,4895.8,1075.5,736.4,6.1,Red Sea / Suez rerouting crisis,1357.0,30.46
2024-03-04,"Durban, South Africa - Visakhapatnam",Coal,Panamax,84538,4905.5,1725.6,740.8,6.0,Red Sea / Suez rerouting crisis,2373.0,38.09
2024-03-04,"Gladstone, Australia - Kolkata",Coal,Handysize,33403,5435.4,917.3,775.4,4.0,Red Sea / Suez rerouting crisis,1194.0,38.15
2024-03-04,"Hay Point, Australia - Paradip",Coking Coal,Supramax,53982,5246.5,1075.5,753.2,2.4,Red Sea / Suez rerouting crisis,1541.0,34.73
2024-03-04,"Hay Point, Australia - Visakhapatnam",Coking Coal,Handysize,37597,5348.2,917.3,765.7,3.8,Red Sea / Suez rerouting crisis,1245.0,34.11
2024-03-04,"Nacala, Mozambique - Ennore",Coking Coal,Panamax,75258,3410.6,1725.6,736.4,6.5,Red Sea / Suez rerouting crisis,2083.0,24.23
2024-03-04,"Newcastle, Australia - Kolkata",Thermal Coal,Panamax,67063,5812.9,1725.6,773.8,4.6,Red Sea / Suez rerouting crisis,2338.0,47.26
2024-03-04,"Newcastle, Australia - Visakhapatnam",Thermal Coal,Handysize,34984,5849.9,917.3,735.8,6.7,Red Sea / Suez rerouting crisis,1203.0,33.45
2024-03-04,"Norfolk, USA - Ennore",Coking Coal,Supramax,49820,8874.7,1075.5,732.6,2.9,Red Sea / Suez rerouting crisis,1573.0,56.97
2024-03-04,"Norfolk, USA - Visakhapatnam",Coking Coal,Handysize,38819,8657.5,917.3,754.9,3.3,Red Sea / Suez rerouting crisis,1215.0,56.44
2024-03-04,"Saldanha Bay, South Africa - Gangavaram",Iron Ore,Capesize,181786,5685.5,2771.8,765.6,6.0,Red Sea / Suez rerouting crisis,3784.0,51.1
2024-03-04,"Tubarao, Brazil - Kolkata",Iron Ore,Panamax,89669,9369.5,1725.6,769.2,4.4,Red Sea / Suez rerouting crisis,2304.0,67.35
2024-03-04,"Vale do Rio Doce, Brazil - Gangavaram",Iron Ore,Capesize,153589,9121.7,2771.8,751.1,3.7,Red Sea / Suez rerouting crisis,4106.0,82.11
2024-03-04,"Vancouver, Canada - Visakhapatnam",Coking Coal,Handysize,33262,7730.4,917.3,757.5,4.3,Red Sea / Suez rerouting crisis,1146.0,50.97
2024-03-11,"Abbot Point, Australia - Paradip",Coal,Panamax,65437,5127.9,1744.7,747.7,5.4,Red Sea / Suez rerouting crisis,2486.0,42.16
2024-03-11,"Durban, South Africa - Gangavaram",Coal,Panamax,70378,4895.8,1744.7,763.7,6.2,Red Sea / Suez rerouting crisis,2611.0,40.23
2024-03-11,"Durban, South Africa - Visakhapatnam",Coal,Handysize,28249,4905.5,895.3,736.9,4.1,Red Sea / Suez rerouting crisis,1192.0,30.86
2024-03-11,"Gladstone, Australia - Haldia",Coal,Panamax,67493,5423.2,1744.7,760.8,4.6,Red Sea / Suez rerouting crisis,2454.0,39.58
2024-03-11,"Gladstone, Australia - Visakhapatnam",Coal,Supramax,59673,5537.2,1095.7,762.7,5.4,Red Sea / Suez rerouting crisis,1436.0,35.32
2024-03-11,"Hay Point, Australia - Gangavaram",Coking Coal,Handysize,29186,5350.8,895.3,746.2,5.5,Red Sea / Suez rerouting crisis,1365.0,31.71
2024-03-11,"Newcastle, Australia - Haldia",Thermal Coal,Panamax,78028,5795.2,1744.7,782.7,5.3,Red Sea / Suez rerouting crisis,2748.0,40.49
2024-03-11,"Newcastle, Australia - Kolkata",Thermal Coal,Panamax,83081,5812.9,1744.7,769.6,5.0,Red Sea / Suez rerouting crisis,2731.0,45.76
2024-03-11,"Newcastle, Australia - Visakhapatnam",Thermal Coal,Handysize,36464,5849.9,895.3,750.9,2.2,Red Sea / Suez rerouting crisis,1142.0,38.11
2024-03-11,"Ponta da Madeira, Brazil - Kolkata",Iron Ore,Panamax,65757,9207.4,1744.7,758.3,3.6,Red Sea / Suez rerouting crisis,2478.0,75.18
2024-03-11,"Ponta da Madeira, Brazil - Paradip",Iron Ore,Panamax,70923,9142.2,1744.7,770.4,3.7,Red Sea / Suez rerouting crisis,2267.0,72.55
2024-03-11,"Richards Bay, South Africa - Kolkata",Coking Coal,Handysize,37072,5292.9,895.3,795.7,5.5,Red Sea / Suez rerouting crisis,1071.0,35.46
2024-03-11,"Vale do Rio Doce, Brazil - Ennore",Iron Ore,Panamax,68230,8858.1,1744.7,750.1,3.7,Red Sea / Suez rerouting crisis,2214.0,62.53
2024-03-18,"Abbot Point, Australia - Ennore",Coal,Supramax,48381,5277.3,1141.9,762.9,4.9,Red Sea / Suez rerouting crisis,1588.0,34.92
2024-03-18,"Abbot Point, Australia - Haldia",Coal,Handysize,28637,5103.7,945.7,760.3,5.6,Red Sea / Suez rerouting crisis,1231.0,31.62
2024-03-18,"Dampier, Australia - Gangavaram",Iron Ore,Panamax,69204,3569.6,1661.6,784.5,5.2,Red Sea / Suez rerouting crisis,2393.0,24.63
2024-03-18,"Durban, South Africa - Visakhapatnam",Coal,Supramax,51568,4905.5,1141.9,762.0,2.9,Red Sea / Suez rerouting crisis,1365.0,35.41
2024-03-18,"Gladstone, Australia - Ennore",Coal,Handysize,39109,5565.0,945.7,738.0,5.8,Red Sea / Suez rerouting crisis,1186.0,37.8
2024-03-18,"Gladstone, Australia - Haldia",Coal,Panamax,76070,5423.2,1661.6,789.6,4.2,Red Sea / Suez rerouting crisis,2411.0,41.53
2024-03-18,"Hay Point, Australia - Haldia",Coking Coal,Handysize,28935,5223.9,945.7,763.3,4.0,Red Sea / Suez rerouting crisis,1217.0,31.67
2024-03-18,"Norfolk, USA - Visakhapatnam",Coking Coal,Supramax,54505,8657.5,1141.9,758.0,6.3,Red Sea / Suez rerouting crisis,1645.0,55.15
2024-03-18,"Richards Bay, South Africa - Kolkata",Coking Coal,Supramax,53642,5292.9,1141.9,760.7,7.0,Red Sea / Suez rerouting crisis,1688.0,36.41
2024-03-18,"Richards Bay, South Africa - Paradip",Coking Coal,Panamax,80796,5101.3,1661.6,771.5,5.8,Red Sea / Suez rerouting crisis,1957.0,39.63
2024-03-18,"Saldanha Bay, South Africa - Visakhapatnam",Iron Ore,Capesize,160748,5695.2,2655.8,744.6,4.9,Red Sea / Suez rerouting crisis,3679.0,41.41
2024-03-18,"Samarinda, Indonesia - Kolkata",Thermal Coal,Panamax,76695,2573.8,1661.6,745.4,5.6,Red Sea / Suez rerouting crisis,2039.0,17.74
2024-03-18,"Samarinda, Indonesia - Paradip",Thermal Coal,Handysize,36399,2577.8,945.7,781.8,5.3,Red Sea / Suez rerouting crisis,1286.0,17.43
2024-03-18,"Taboneo, Indonesia - Ennore",Thermal Coal,Handysize,36081,2689.7,945.7,764.9,3.8,Red Sea / Suez rerouting crisis,1219.0,19.71
2024-03-18,"Taboneo, Indonesia - Gangavaram",Thermal Coal,Panamax,73136,2655.0,1661.6,763.8,3.1,Red Sea / Suez rerouting crisis,2162.0,17.81
2024-03-18,"Taboneo, Indonesia - Paradip",Thermal Coal,Supramax,56413,2575.5,1141.9,764.9,3.0,Red Sea / Suez rerouting crisis,1486.0,18.53
2024-03-18,"Taboneo, Indonesia - Visakhapatnam",Thermal Coal,Supramax,52191,2652.9,1141.9,770.7,4.2,Red Sea / Suez rerouting crisis,1638.0,19.19
2024-03-18,"Vale do Rio Doce, Brazil - Visakhapatnam",Iron Ore,Panamax,89349,9129.7,1661.6,794.7,3.6,Red Sea / Suez rerouting crisis,2367.0,67.98
2024-03-18,"Vancouver, Canada - Ennore",Coking Coal,Supramax,53448,8088.7,1141.9,749.3,3.9,Red Sea / Suez rerouting crisis,1490.0,52.62
2024-03-25,"Abbot Point, Australia - Gangavaram",Coal,Supramax,60339,5235.8,1167.6,784.8,4.2,Red Sea / Suez rerouting crisis,1772.0,37.95
2024-03-25,"Abbot Point, Australia - Kolkata",Coal,Supramax,57631,5114.5,1167.6,768.8,2.6,Red Sea / Suez rerouting crisis,1364.0,33.3
2024-03-25,"Dampier, Australia - Ennore",Iron Ore,Panamax,76804,3491.8,1558.5,752.8,5.1,Red Sea / Suez rerouting crisis,2183.0,23.96
2024-03-25,"Newcastle, Australia - Ennore",Thermal Coal,Supramax,52269,5823.9,1167.6,759.8,3.3,Red Sea / Suez rerouting crisis,1553.0,42.22
2024-03-25,"Richards Bay, South Africa - Gangavaram",Coking Coal,Handysize,35427,4804.0,960.1,772.3,2.7,Red Sea / Suez rerouting crisis,1510.0,32.0
2024-03-25,"Richards Bay, South Africa - Haldia",Coking Coal,Handysize,28954,5255.1,960.1,745.0,4.0,Red Sea / Suez rerouting crisis,1352.0,37.31
2024-03-25,"Tubarao, Brazil - Haldia",Iron Ore,Panamax,70273,9350.8,1558.5,764.4,2.9,Red Sea / Suez rerouting crisis,2044.0,75.85
2024-03-25,"Tubarao, Brazil - Visakhapatnam",Iron Ore,Panamax,81077,8981.5,1558.5,748.5,4.4,Red Sea / Suez rerouting crisis,1980.0,65.01
2024-03-25,"Vale do Rio Doce, Brazil - Haldia",Iron Ore,Panamax,69695,9494.8,1558.5,762.7,1.7,Red Sea / Suez rerouting crisis,2086.0,65.14
2024-03-25,"Vale do Rio Doce, Brazil - Visakhapatnam",Iron Ore,Capesize,150587,9129.7,2664.1,765.9,3.9,Red Sea / Suez rerouting crisis,3989.0,73.64
2024-03-25,"Vancouver, Canada - Ennore",Coking Coal,Supramax,48648,8088.7,1167.6,763.5,4.1,Red Sea / Suez rerouting crisis,1422.0,62.15
2024-03-25,"Vancouver, Canada - Kolkata",Coking Coal,Panamax,65874,7293.3,1558.5,777.2,3.9,Red Sea / Suez rerouting crisis,1932.0,52.5
2024-03-25,"Vancouver, Canada - Paradip",Coking Coal,Panamax,74602,7484.8,1558.5,754.5,1.8,Red Sea / Suez rerouting crisis,2278.0,50.67
2024-04-01,"Abbot Point, Australia - Gangavaram",Coal,Supramax,53253,5235.8,1108.5,737.8,4.5,Red Sea / Suez rerouting crisis,1622.0,35.48
2024-04-01,"Dampier, Australia - Visakhapatnam",Iron Ore,Capesize,189294,3570.3,2652.9,702.2,4.7,Red Sea / Suez rerouting crisis,3312.0,27.66
2024-04-01,"Durban, South Africa - Gangavaram",Coal,Supramax,56794,4895.8,1108.5,728.6,2.2,Red Sea / Suez rerouting crisis,1362.0,30.35
2024-04-01,"Durban, South Africa - Paradip",Coal,Supramax,48100,5193.0,1108.5,742.4,3.1,Red Sea / Suez rerouting crisis,1439.0,34.3
2024-04-01,"Durban, South Africa - Visakhapatnam",Coal,Supramax,53286,4905.5,1108.5,754.7,5.8,Red Sea / Suez rerouting crisis,1628.0,33.88
2024-04-01,"Gladstone, Australia - Gangavaram",Coal,Handysize,30658,5539.5,980.5,745.7,5.3,Red Sea / Suez rerouting crisis,1307.0,35.46
2024-04-01,"Gladstone, Australia - Paradip",Coal,Handysize,30133,5442.2,980.5,729.7,5.4,Red Sea / Suez rerouting crisis,1281.0,33.45
2024-04-01,"Nacala, Mozambique - Gangavaram",Coking Coal,Handysize,37830,3745.9,980.5,733.0,5.3,Red Sea / Suez rerouting crisis,1329.0,24.16
2024-04-01,"Nacala, Mozambique - Visakhapatnam",Coking Coal,Supramax,58646,3755.5,1108.5,715.8,3.8,Red Sea / Suez rerouting crisis,1436.0,23.81
2024-04-01,"Ponta da Madeira, Brazil - Haldia",Iron Ore,Panamax,75840,9206.8,1616.4,737.4,4.4,Red Sea / Suez rerouting crisis,1821.0,74.08
2024-04-01,"Ponta da Madeira, Brazil - Kolkata",Iron Ore,Capesize,172518,9207.4,2652.9,717.4,3.7,Red Sea / Suez rerouting crisis,3375.0,74.89
2024-04-01,"Ponta da Madeira, Brazil - Paradip",Iron Ore,Panamax,66152,9142.2,1616.4,744.9,4.8,Red Sea / Suez rerouting crisis,1967.0,68.0
2024-04-01,"Richards Bay, South Africa - Ennore",Coking Coal,Panamax,68235,4452.0,1616.4,711.7,4.3,Red Sea / Suez rerouting crisis,2315.0,32.31
2024-04-01,"Saldanha Bay, South Africa - Kolkata",Iron Ore,Panamax,79581,6171.5,1616.4,769.2,5.1,Red Sea / Suez rerouting crisis,2155.0,48.05
2024-04-01,"Saldanha Bay, South Africa - Visakhapatnam",Iron Ore,Capesize,182366,5695.2,2652.9,719.9,4.1,Red Sea / Suez rerouting crisis,3731.0,51.16
2024-04-01,"Samarinda, Indonesia - Kolkata",Thermal Coal,Handysize,32649,2573.8,980.5,735.3,2.3,Red Sea / Suez rerouting crisis,1361.0,15.95
2024-04-01,"Taboneo, Indonesia - Kolkata",Thermal Coal,Panamax,78245,2594.2,1616.4,729.9,3.9,Red Sea / Suez rerouting crisis,2207.0,18.36
2024-04-01,"Vancouver, Canada - Ennore",Coking Coal,Handysize,31653,8088.7,980.5,720.7,5.5,Red Sea / Suez rerouting crisis,1227.0,54.81
2024-04-01,"Vancouver, Canada - Haldia",Coking Coal,Supramax,50804,7337.7,1108.5,728.6,3.1,Red Sea / Suez rerouting crisis,1358.0,44.66
2024-04-08,"Abbot Point, Australia - Gangavaram",Coal,Supramax,61878,5235.8,1029.0,727.7,4.9,Red Sea / Suez rerouting crisis,1421.0,30.89
2024-04-08,"Dampier, Australia - Haldia",Iron Ore,Capesize,155014,3608.6,2587.8,717.5,1.9,Red Sea / Suez rerouting crisis,3695.0,29.17
2024-04-08,"Dampier, Australia - Kolkata",Iron Ore,Panamax,76262,3635.9,1614.0,691.0,4.3,Red Sea / Suez rerouting crisis,2196.0,27.26
2024-04-08,"Durban, South Africa - Gangavaram",Coal,Supramax,60810,4895.8,1029.0,729.1,2.9,Red Sea / Suez rerouting crisis,1420.0,30.88
2024-04-08,"Gladstone, Australia - Ennore",Coal,Supramax,48477,5565.0,1029.0,714.1,5.0,Red Sea / Suez rerouting crisis,1215.0,37.25
2024-04-08,"Newcastle, Australia - Visakhapatnam",Thermal Coal,Handysize,35490,5849.9,895.0,742.6,6.7,Red Sea / Suez rerouting crisis,1303.0,36.92
2024-04-08,"Norfolk, USA - Visakhapatnam",Coking Coal,Supramax,52916,8657.5,1029.0,745.4,6.2,Red Sea / Suez rerouting crisis,1393.0,57.88
2024-04-08,"Ponta da Madeira, Brazil - Gangavaram",Iron Ore,Capesize,153365,8959.2,2587.8,728.9,5.8,Red Sea / Suez rerouting crisis,3741.0,72.92
2024-04-08,"Ponta da Madeira, Brazil - Visakhapatnam",Iron Ore,Panamax,71294,8964.6,1614.0,722.7,3.0,Red Sea / Suez rerouting crisis,2339.0,68.09
2024-04-08,"Richards Bay, South Africa - Haldia",Coking Coal,Supramax,49951,5255.1,1029.0,712.3,4.5,Red Sea / Suez rerouting crisis,1461.0,33.14
2024-04-08,"Saldanha Bay, South Africa - Visakhapatnam",Iron Ore,Panamax,72365,5695.2,1614.0,733.4,4.8,Red Sea / Suez rerouting crisis,2268.0,41.01
2024-04-08,"Samarinda, Indonesia - Kolkata",Thermal Coal,Supramax,55513,2573.8,1029.0,738.2,5.3,Red Sea / Suez rerouting crisis,1452.0,16.74
2024-04-08,"Taboneo, Indonesia - Ennore",Thermal Coal,Supramax,55617,2689.7,1029.0,722.2,4.1,Red Sea / Suez rerouting crisis,1427.0,16.21
2024-04-08,"Taboneo, Indonesia - Paradip",Thermal Coal,Handysize,32050,2575.5,895.0,718.1,4.4,Red Sea / Suez rerouting crisis,1290.0,16.98
2024-04-08,"Tubarao, Brazil - Paradip",Iron Ore,Capesize,185682,9234.1,2587.8,731.6,4.3,Red Sea / Suez rerouting crisis,2940.0,70.93
2024-04-08,"Tubarao, Brazil - Visakhapatnam",Iron Ore,Capesize,164857,8981.5,2587.8,714.8,5.3,Red Sea / Suez rerouting crisis,3308.0,62.6
2024-04-08,"Vale do Rio Doce, Brazil - Gangavaram",Iron Ore,Capesize,181977,9121.7,2587.8,738.0,3.1,Red Sea / Suez rerouting crisis,3401.0,71.8
2024-04-08,"Vale do Rio Doce, Brazil - Visakhapatnam",Iron Ore,Panamax,67998,9129.7,1614.0,752.1,5.9,Red Sea / Suez rerouting crisis,2068.0,70.35
2024-04-08,"Vancouver, Canada - Kolkata",Coking Coal,Panamax,66128,7293.3,1614.0,710.5,5.0,Red Sea / Suez rerouting crisis,2003.0,56.27
2024-04-15,"Abbot Point, Australia - Haldia",Coal,Supramax,61469,5103.7,1052.4,779.5,4.7,Red Sea / Suez rerouting crisis,1286.0,30.23
2024-04-15,"Durban, South Africa - Haldia",Coal,Panamax,72316,5347.0,1468.8,757.9,5.3,Red Sea / Suez rerouting crisis,2335.0,36.46
2024-04-15,"Hay Point, Australia - Paradip",Coking Coal,Supramax,55870,5246.5,1052.4,752.6,5.3,Red Sea / Suez rerouting crisis,1447.0,34.47
2024-04-15,"Hay Point, Australia - Visakhapatnam",Coking Coal,Supramax,59350,5348.2,1052.4,744.5,3.5,Red Sea / Suez rerouting crisis,1399.0,35.93
2024-04-15,"Nacala, Mozambique - Haldia",Coking Coal,Panamax,76498,4191.3,1468.8,759.5,4.9,Red Sea / Suez rerouting crisis,1756.0,28.12
2024-04-15,"Newcastle, Australia - Gangavaram",Thermal Coal,Supramax,50648,5850.9,1052.4,752.5,5.7,Red Sea / Suez rerouting crisis,1520.0,40.06
2024-04-15,"Ponta da Madeira, Brazil - Ennore",Iron Ore,Capesize,182758,8806.3,2498.4,786.7,4.3,Red Sea / Suez rerouting crisis,3721.0,67.5
2024-04-15,"Ponta da Madeira, Brazil - Visakhapatnam",Iron Ore,Panamax,77201,8964.6,1468.8,743.1,4.8,Red Sea / Suez rerouting crisis,2125.0,55.32
2024-04-15,"Richards Bay, South Africa - Ennore",Coking Coal,Panamax,80882,4452.0,1468.8,758.6,6.4,Red Sea / Suez rerouting crisis,2285.0,32.71
2024-04-15,"Saldanha Bay, South Africa - Paradip",Iron Ore,Panamax,78338,5982.9,1468.8,740.0,4.1,Red Sea / Suez rerouting crisis,1968.0,41.45
2024-04-15,"Samarinda, Indonesia - Ennore",Thermal Coal,Panamax,72421,2762.6,1468.8,746.6,4.5,Red Sea / Suez rerouting crisis,1919.0,20.02
2024-04-15,"Samarinda, Indonesia - Visakhapatnam",Thermal Coal,Panamax,73139,2685.9,1468.8,786.3,6.3,Red Sea / Suez rerouting crisis,2036.0,18.04
2024-04-15,"Vale do Rio Doce, Brazil - Haldia",Iron Ore,Capesize,196613,9494.8,2498.4,764.5,5.1,Red Sea / Suez rerouting crisis,3426.0,69.61
2024-04-15,"Vancouver, Canada - Gangavaram",Coking Coal,Handysize,31087,7739.2,952.0,771.5,4.9,Red Sea / Suez rerouting crisis,1295.0,52.01
2024-04-15,"Vancouver, Canada - Visakhapatnam",Coking Coal,Handysize,38629,7730.4,952.0,746.7,5.1,Red Sea / Suez rerouting crisis,1126.0,49.77
2024-04-22,"Abbot Point, Australia - Gangavaram",Coal,Panamax,83299,5235.8,1581.2,743.3,2.9,Red Sea / Suez rerouting crisis,1950.0,35.62
2024-04-22,"Durban, South Africa - Paradip",Coal,Handysize,28860,5193.0,909.8,726.9,4.6,Red Sea / Suez rerouting crisis,1227.0,31.85
2024-04-22,"Gladstone, Australia - Kolkata",Coal,Panamax,89354,5435.4,1581.2,740.0,4.7,Red Sea / Suez rerouting crisis,2157.0,40.77
2024-04-22,"Hay Point, Australia - Ennore",Coking Coal,Handysize,38096,5386.7,909.8,733.3,3.7,Red Sea / Suez rerouting crisis,1313.0,34.73
2024-04-22,"Hay Point, Australia - Visakhapatnam",Coking Coal,Panamax,74071,5348.2,1581.2,754.5,6.2,Red Sea / Suez rerouting crisis,2230.0,37.13
2024-04-22,"Nacala, Mozambique - Haldia",Coking Coal,Panamax,69566,4191.3,1581.2,740.6,3.8,Red Sea / Suez rerouting crisis,2154.0,26.0
2024-04-22,"Nacala, Mozambique - Kolkata",Coking Coal,Supramax,59486,4225.9,980.0,751.6,5.5,Red Sea / Suez rerouting crisis,1282.0,26.25
2024-04-22,"Newcastle, Australia - Visakhapatnam",Thermal Coal,Supramax,50132,5849.9,980.0,739.7,4.8,Red Sea / Suez rerouting crisis,1315.0,34.82
2024-04-22,"Norfolk, USA - Haldia",Coking Coal,Supramax,61761,8458.2,980.0,753.1,4.3,Red Sea / Suez rerouting crisis,1569.0,54.33
2024-04-22,"Ponta da Madeira, Brazil - Ennore",Iron Ore,Capesize,198623,8806.3,2699.1,739.3,5.1,Red Sea / Suez rerouting crisis,3722.0,61.0
2024-04-22,"Ponta da Madeira, Brazil - Paradip",Iron Ore,Capesize,203402,9142.2,2699.1,760.2,2.4,Red Sea / Suez rerouting crisis,3492.0,77.36
2024-04-22,"Richards Bay, South Africa - Ennore",Coking Coal,Supramax,59567,4452.0,980.0,753.0,4.6,Red Sea / Suez rerouting crisis,1301.0,26.0
2024-04-22,"Richards Bay, South Africa - Visakhapatnam",Coking Coal,Panamax,65498,4813.7,1581.2,740.3,5.6,Red Sea / Suez rerouting crisis,1977.0,37.03
2024-04-22,"Saldanha Bay, South Africa - Paradip",Iron Ore,Panamax,67641,5982.9,1581.2,760.0,6.1,Red Sea / Suez rerouting crisis,2057.0,40.75
2024-04-22,"Saldanha Bay, South Africa - Visakhapatnam",Iron Ore,Capesize,154432,5695.2,2699.1,736.1,3.5,Red Sea / Suez rerouting crisis,3414.0,47.67
2024-04-22,"Samarinda, Indonesia - Visakhapatnam",Thermal Coal,Panamax,82069,2685.9,1581.2,757.7,4.2,Red Sea / Suez rerouting crisis,2112.0,19.54
2024-04-22,"Tubarao, Brazil - Gangavaram",Iron Ore,Capesize,206609,8973.4,2699.1,759.2,4.8,Red Sea / Suez rerouting crisis,4122.0,60.29
2024-04-22,"Tubarao, Brazil - Haldia",Iron Ore,Capesize,182057,9350.8,2699.1,748.6,2.3,Red Sea / Suez rerouting crisis,3881.0,79.64
2024-04-22,"Tubarao, Brazil - Kolkata",Iron Ore,Capesize,175203,9369.5,2699.1,740.3,5.1,Red Sea / Suez rerouting crisis,3810.0,71.96
2024-04-22,"Vancouver, Canada - Haldia",Coking Coal,Handysize,37442,7337.7,909.8,765.4,4.2,Red Sea / Suez rerouting crisis,1089.0,47.18
2024-04-22,"Vancouver, Canada - Paradip",Coking Coal,Handysize,37336,7484.8,909.8,742.8,5.2,Red Sea / Suez rerouting crisis,1216.0,47.42
2024-04-29,"Abbot Point, Australia - Paradip",Coal,Handysize,38380,5127.9,792.2,734.1,4.0,Red Sea / Suez rerouting crisis,1227.0,32.57
2024-04-29,"Abbot Point, Australia - Visakhapatnam",Coal,Panamax,67619,5233.1,1654.5,728.1,4.4,Red Sea / Suez rerouting crisis,2184.0,39.99
2024-04-29,"Dampier, Australia - Haldia",Iron Ore,Capesize,158766,3608.6,2637.3,721.9,4.8,Red Sea / Suez rerouting crisis,3717.0,27.08
2024-04-29,"Dampier, Australia - Paradip",Iron Ore,Panamax,84514,3570.5,1654.5,730.0,3.4,Red Sea / Suez rerouting crisis,2363.0,24.5
2024-04-29,"Dampier, Australia - Visakhapatnam",Iron Ore,Capesize,166942,3570.3,2637.3,722.5,3.0,Red Sea / Suez rerouting crisis,3134.0,30.13
2024-04-29,"Nacala, Mozambique - Ennore",Coking Coal,Supramax,59221,3410.6,1088.0,719.1,6.3,Red Sea / Suez rerouting crisis,1663.0,23.26
2024-04-29,"Nacala, Mozambique - Gangavaram",Coking Coal,Panamax,68326,3745.9,1654.5,730.3,3.4,Red Sea / Suez rerouting crisis,2483.0,27.61
2024-04-29,"Nacala, Mozambique - Kolkata",Coking Coal,Supramax,56218,4225.9,1088.0,742.9,3.4,Red Sea / Suez rerouting crisis,1372.0,25.9
2024-04-29,"Nacala, Mozambique - Visakhapatnam",Coking Coal,Handysize,31738,3755.5,792.2,711.7,4.3,Red Sea / Suez rerouting crisis,1051.0,21.4
2024-04-29,"Norfolk, USA - Visakhapatnam",Coking Coal,Supramax,51405,8657.5,1088.0,725.1,8.0,Red Sea / Suez rerouting crisis,1436.0,60.85
2024-04-29,"Ponta da Madeira, Brazil - Gangavaram",Iron Ore,Panamax,73479,8959.2,1654.5,723.1,2.5,Red Sea / Suez rerouting crisis,2109.0,67.34
2024-04-29,"Samarinda, Indonesia - Haldia",Thermal Coal,Panamax,75066,2560.1,1654.5,733.0,7.0,Red Sea / Suez rerouting crisis,2074.0,19.04
2024-04-29,"Samarinda, Indonesia - Kolkata",Thermal Coal,Panamax,85653,2573.8,1654.5,723.1,4.6,Red Sea / Suez rerouting crisis,2316.0,20.21
2024-05-06,"Abbot Point, Australia - Ennore",Coal,Handysize,28833,5277.3,769.0,751.2,2.4,Red Sea / Suez rerouting crisis,993.0,30.73
2024-05-06,"Dampier, Australia - Visakhapatnam",Iron Ore,Panamax,65960,3570.3,1634.2,761.4,5.3,Red Sea / Suez rerouting crisis,1936.0,27.21
2024-05-06,"Durban, South Africa - Ennore",Coal,Handysize,32930,4543.3,769.0,745.6,6.4,Red Sea / Suez rerouting crisis,1047.0,26.16
2024-05-06,"Hay Point, Australia - Ennore",Coking Coal,Supramax,56505,5386.7,1100.2,725.2,4.6,Red Sea / Suez rerouting crisis,1469.0,36.08
2024-05-06,"Hay Point, Australia - Gangavaram",Coking Coal,Supramax,51305,5350.8,1100.2,755.4,4.8,Red Sea / Suez rerouting crisis,1738.0,37.73
2024-05-06,"Hay Point, Australia - Haldia",Coking Coal,Panamax,77772,5223.9,1634.2,765.8,4.9,Red Sea / Suez rerouting crisis,1879.0,44.55
2024-05-06,"Hay Point, Australia - Kolkata",Coking Coal,Supramax,55120,5235.2,1100.2,736.4,4.3,Red Sea / Suez rerouting crisis,1514.0,29.16
2024-05-06,"Nacala, Mozambique - Kolkata",Coking Coal,Handysize,39383,4225.9,769.0,740.1,3.2,Red Sea / Suez rerouting crisis,965.0,23.9
2024-05-06,"Nacala, Mozambique - Visakhapatnam",Coking Coal,Supramax,58602,3755.5,1100.2,777.4,3.5,Red Sea / Suez rerouting crisis,1267.0,25.87
2024-05-06,"Newcastle, Australia - Haldia",Thermal Coal,Panamax,73640,5795.2,1634.2,752.4,3.1,Red Sea / Suez rerouting crisis,2358.0,41.9
2024-05-06,"Ponta da Madeira, Brazil - Gangavaram",Iron Ore,Panamax,70851,8959.2,1634.2,736.1,2.8,Red Sea / Suez rerouting crisis,2512.0,68.23
2024-05-06,"Ponta da Madeira, Brazil - Paradip",Iron Ore,Capesize,167772,9142.2,2522.7,744.4,4.7,Red Sea / Suez rerouting crisis,3354.0,69.81
2024-05-06,"Ponta da Madeira, Brazil - Visakhapatnam",Iron Ore,Panamax,88503,8964.6,1634.2,734.4,5.9,Red Sea / Suez rerouting crisis,2381.0,66.35
2024-05-06,"Saldanha Bay, South Africa - Kolkata",Iron Ore,Capesize,193902,6171.5,2522.7,760.8,2.7,Red Sea / Suez rerouting crisis,3519.0,48.58
2024-05-06,"Saldanha Bay, South Africa - Paradip",Iron Ore,Capesize,168755,5982.9,2522.7,738.8,4.3,Red Sea / Suez rerouting crisis,3241.0,39.91
2024-05-06,"Saldanha Bay, South Africa - Visakhapatnam",Iron Ore,Capesize,170353,5695.2,2522.7,759.4,3.7,Red Sea / Suez rerouting crisis,3594.0,43.89
2024-05-06,"Samarinda, Indonesia - Haldia",Thermal Coal,Panamax,68797,2560.1,1634.2,745.7,4.2,Red Sea / Suez rerouting crisis,2416.0,19.25
2024-05-06,"Samarinda, Indonesia - Paradip",Thermal Coal,Handysize,37820,2577.8,769.0,731.4,5.7,Red Sea / Suez rerouting crisis,1092.0,14.4
2024-05-06,"Taboneo, Indonesia - Ennore",Thermal Coal,Handysize,35773,2689.7,769.0,764.0,6.0,Red Sea / Suez rerouting crisis,998.0,16.58
2024-05-06,"Taboneo, Indonesia - Gangavaram",Thermal Coal,Handysize,38903,2655.0,769.0,735.8,5.1,Red Sea / Suez rerouting crisis,1178.0,15.16
2024-05-06,"Tubarao, Brazil - Visakhapatnam",Iron Ore,Panamax,76235,8981.5,1634.2,729.2,2.8,Red Sea / Suez rerouting crisis,2324.0,59.93
2024-05-06,"Vale do Rio Doce, Brazil - Visakhapatnam",Iron Ore,Capesize,205503,9129.7,2522.7,751.0,6.4,Red Sea / Suez rerouting crisis,3495.0,75.97
2024-05-06,"Vancouver, Canada - Gangavaram",Coking Coal,Handysize,33471,7739.2,769.0,744.8,2.6,Red Sea / Suez rerouting crisis,943.0,45.59
2024-05-06,"Vancouver, Canada - Paradip",Coking Coal,Panamax,84991,7484.8,1634.2,761.9,5.3,Red Sea / Suez rerouting crisis,2149.0,53.46
2024-05-13,"Durban, South Africa - Haldia",Coal,Panamax,86697,5347.0,1612.7,750.4,4.3,Red Sea / Suez rerouting crisis,2206.0,38.7
2024-05-13,"Durban, South Africa - Visakhapatnam",Coal,Handysize,31426,4905.5,803.6,738.5,5.3,Red Sea / Suez rerouting crisis,1037.0,30.66
2024-05-13,"Gladstone, Australia - Kolkata",Coal,Supramax,59005,5435.4,1037.4,750.9,5.8,Red Sea / Suez rerouting crisis,1364.0,39.08
2024-05-13,"Hay Point, Australia - Haldia",Coking Coal,Supramax,52331,5223.9,1037.4,727.7,3.4,Red Sea / Suez rerouting crisis,1323.0,32.94
2024-05-13,"Hay Point, Australia - Paradip",Coking Coal,Handysize,32659,5246.5,803.6,751.0,5.1,Red Sea / Suez rerouting crisis,1023.0,32.69
2024-05-13,"Nacala, Mozambique - Gangavaram",Coking Coal,Handysize,30376,3745.9,803.6,767.2,3.7,Red Sea / Suez rerouting crisis,1175.0,22.68
2024-05-13,"Nacala, Mozambique - Paradip",Coking Coal,Panamax,78091,4041.9,1612.7,723.9,5.3,Red Sea / Suez rerouting crisis,2056.0,29.5
2024-05-13,"Ponta da Madeira, Brazil - Gangavaram",Iron Ore,Capesize,168331,8959.2,2589.5,739.9,3.3,Red Sea / Suez rerouting crisis,3186.0,65.44
2024-05-13,"Ponta da Madeira, Brazil - Haldia",Iron Ore,Panamax,67457,9206.8,1612.7,755.5,5.1,Red Sea / Suez rerouting crisis,2198.0,70.04
2024-05-13,"Tubarao, Brazil - Ennore",Iron Ore,Panamax,65306,8706.6,1612.7,753.2,5.6,Red Sea / Suez rerouting crisis,2486.0,68.49
2024-05-13,"Vancouver, Canada - Ennore",Coking Coal,Panamax,75261,8088.7,1612.7,772.8,2.4,Red Sea / Suez rerouting crisis,2100.0,62.09
2024-05-13,"Vancouver, Canada - Haldia",Coking Coal,Handysize,38027,7337.7,803.6,749.9,2.6,Red Sea / Suez rerouting crisis,1133.0,40.76
2024-05-13,"Vancouver, Canada - Paradip",Coking Coal,Supramax,50158,7484.8,1037.4,729.9,4.8,Red Sea / Suez rerouting crisis,1244.0,46.93
2024-05-20,"Abbot Point, Australia - Haldia",Coal,Supramax,59640,5103.7,1025.7,722.8,6.3,Red Sea / Suez rerouting crisis,1444.0,33.52
2024-05-20,"Dampier, Australia - Haldia",Iron Ore,Panamax,67650,3608.6,1636.2,744.4,5.4,Red Sea / Suez rerouting crisis,2182.0,24.73
2024-05-20,"Hay Point, Australia - Ennore",Coking Coal,Handysize,36144,5386.7,929.4,735.5,2.7,Red Sea / Suez rerouting crisis,1315.0,31.4
2024-05-20,"Richards Bay, South Africa - Kolkata",Coking Coal,Handysize,29134,5292.9,929.4,753.3,2.1,Red Sea / Suez rerouting crisis,1315.0,37.12
2024-05-20,"Taboneo, Indonesia - Visakhapatnam",Thermal Coal,Supramax,51561,2652.9,1025.7,750.9,4.8,Red Sea / Suez rerouting crisis,1214.0,16.36
2024-05-20,"Vale do Rio Doce, Brazil - Visakhapatnam",Iron Ore,Capesize,156143,9129.7,2593.5,743.7,3.9,Red Sea / Suez rerouting crisis,3663.0,76.34
2024-05-20,"Vancouver, Canada - Kolkata",Coking Coal,Handysize,37134,7293.3,929.4,721.9,6.5,Red Sea / Suez rerouting crisis,1243.0,46.83
2024-05-27,"Abbot Point, Australia - Ennore",Coal,Handysize,32446,5277.3,915.5,761.6,3.9,Red Sea / Suez rerouting crisis,1151.0,35.59
2024-05-27,"Durban, South Africa - Gangavaram",Coal,Panamax,68052,4895.8,1576.3,769.0,6.7,Red Sea / Suez rerouting crisis,2162.0,34.63
2024-05-27,"Durban, South Africa - Kolkata",Coal,Panamax,71024,5384.9,1576.3,792.8,4.1,Red Sea / Suez rerouting crisis,2238.0,37.34
2024-05-27,"Gladstone, Australia - Ennore",Coal,Supramax,51711,5565.0,1001.4,756.6,4.5,Red Sea / Suez rerouting crisis,1378.0,36.51
2024-05-27,"Gladstone, Australia - Haldia",Coal,Handysize,29665,5423.2,915.5,729.1,4.6,Red Sea / Suez rerouting crisis,1138.0,38.15
2024-05-27,"Nacala, Mozambique - Visakhapatnam",Coking Coal,Handysize,34149,3755.5,915.5,766.2,6.4,Red Sea / Suez rerouting crisis,1150.0,25.57
2024-05-27,"Newcastle, Australia - Gangavaram",Thermal Coal,Supramax,51234,5850.9,1001.4,764.8,3.7,Red Sea / Suez rerouting crisis,1381.0,38.02
2024-05-27,"Norfolk, USA - Haldia",Coking Coal,Supramax,56115,8458.2,1001.4,757.3,6.7,Red Sea / Suez rerouting crisis,1227.0,47.51
2024-05-27,"Ponta da Madeira, Brazil - Kolkata",Iron Ore,Panamax,88351,9207.4,1576.3,749.5,5.4,Red Sea / Suez rerouting crisis,1978.0,70.42
2024-05-27,"Ponta da Madeira, Brazil - Visakhapatnam",Iron Ore,Capesize,150577,8964.6,2572.6,775.1,4.8,Red Sea / Suez rerouting crisis,3543.0,76.14
2024-05-27,"Richards Bay, South Africa - Kolkata",Coking Coal,Handysize,35887,5292.9,915.5,770.6,5.9,Red Sea / Suez rerouting crisis,1356.0,34.34
2024-05-27,"Richards Bay, South Africa - Paradip",Coking Coal,Handysize,28092,5101.3,915.5,777.2,5.0,Red Sea / Suez rerouting crisis,1232.0,33.66
2024-05-27,"Richards Bay, South Africa - Visakhapatnam",Coking Coal,Supramax,56330,4813.7,1001.4,777.3,6.4,Red Sea / Suez rerouting crisis,1409.0,32.38
2024-05-27,"Saldanha Bay, South Africa - Kolkata",Iron Ore,Capesize,177290,6171.5,2572.6,761.4,4.5,Red Sea / Suez rerouting crisis,3720.0,46.26
2024-05-27,"Samarinda, Indonesia - Kolkata",Thermal Coal,Supramax,48245,2573.8,1001.4,778.9,5.0,Red Sea / Suez rerouting crisis,1243.0,17.01
2024-05-27,"Taboneo, Indonesia - Visakhapatnam",Thermal Coal,Supramax,61206,2652.9,1001.4,758.4,4.8,Red Sea / Suez rerouting crisis,1412.0,15.95
2024-05-27,"Tubarao, Brazil - Kolkata",Iron Ore,Panamax,69003,9369.5,1576.3,767.1,5.4,Red Sea / Suez rerouting crisis,2083.0,62.88
2024-05-27,"Tubarao, Brazil - Visakhapatnam",Iron Ore,Capesize,188441,8981.5,2572.6,762.3,4.6,Red Sea / Suez rerouting crisis,3495.0,66.02
2024-05-27,"Vale do Rio Doce, Brazil - Kolkata",Iron Ore,Capesize,155255,9512.7,2572.6,763.6,5.5,Red Sea / Suez rerouting crisis,3656.0,67.3
2024-05-27,"Vancouver, Canada - Ennore",Coking Coal,Supramax,58375,8088.7,1001.4,760.2,4.1,Red Sea / Suez rerouting crisis,1256.0,51.6
2024-06-03,"Durban, South Africa - Haldia",Coal,Panamax,67392,5347.0,1458.6,783.5,5.9,Red Sea / Suez rerouting crisis,2021.0,37.16
2024-06-03,"Durban, South Africa - Visakhapatnam",Coal,Supramax,56353,4905.5,1004.2,746.8,4.6,Red Sea / Suez rerouting crisis,1284.0,27.19
2024-06-03,"Gladstone, Australia - Haldia",Coal,Panamax,87986,5423.2,1458.6,801.5,5.0,Red Sea / Suez rerouting crisis,1863.0,36.63
2024-06-03,"Hay Point, Australia - Gangavaram",Coking Coal,Handysize,29879,5350.8,849.4,762.4,5.0,Red Sea / Suez rerouting crisis,1121.0,34.74
2024-06-03,"Hay Point, Australia - Haldia",Coking Coal,Panamax,84590,5223.9,1458.6,765.4,5.5,Red Sea / Suez rerouting crisis,2030.0,32.0
2024-06-03,"Hay Point, Australia - Visakhapatnam",Coking Coal,Handysize,36288,5348.2,849.4,760.5,4.9,Red Sea / Suez rerouting crisis,989.0,32.9
2024-06-03,"Newcastle, Australia - Gangavaram",Thermal Coal,Handysize,36212,5850.9,849.4,783.6,5.7,Red Sea / Suez rerouting crisis,1110.0,35.89
2024-06-03,"Newcastle, Australia - Kolkata",Thermal Coal,Supramax,51392,5812.9,1004.2,738.9,5.9,Red Sea / Suez rerouting crisis,1354.0,36.74
2024-06-03,"Norfolk, USA - Gangavaram",Coking Coal,Supramax,50652,8662.0,1004.2,793.3,7.8,Red Sea / Suez rerouting crisis,1286.0,56.81
2024-06-03,"Ponta da Madeira, Brazil - Haldia",Iron Ore,Capesize,165476,9206.8,2655.1,750.1,4.3,Red Sea / Suez rerouting crisis,3892.0,71.44
2024-06-03,"Richards Bay, South Africa - Ennore",Coking Coal,Supramax,58763,4452.0,1004.2,763.8,3.5,Red Sea / Suez rerouting crisis,1421.0,27.03
2024-06-03,"Richards Bay, South Africa - Kolkata",Coking Coal,Handysize,30441,5292.9,849.4,772.8,2.9,Red Sea / Suez rerouting crisis,977.0,33.41
2024-06-03,"Richards Bay, South Africa - Paradip",Coking Coal,Supramax,55439,5101.3,1004.2,766.5,4.3,Red Sea / Suez rerouting crisis,1352.0,31.91
2024-06-03,"Saldanha Bay, South Africa - Haldia",Iron Ore,Panamax,85349,6135.1,1458.6,798.3,3.0,Red Sea / Suez rerouting crisis,2209.0,45.13
2024-06-03,"Samarinda, Indonesia - Gangavaram",Thermal Coal,Supramax,53392,2689.0,1004.2,732.4,5.1,Red Sea / Suez rerouting crisis,1319.0,15.89
2024-06-03,"Samarinda, Indonesia - Haldia",Thermal Coal,Panamax,88133,2560.1,1458.6,745.5,4.7,Red Sea / Suez rerouting crisis,2091.0,19.28
2024-06-03,"Taboneo, Indonesia - Paradip",Thermal Coal,Panamax,77689,2575.5,1458.6,765.0,4.1,Red Sea / Suez rerouting crisis,1894.0,17.16
2024-06-03,"Tubarao, Brazil - Gangavaram",Iron Ore,Panamax,65677,8973.4,1458.6,760.3,4.4,Red Sea / Suez rerouting crisis,1864.0,66.77
2024-06-03,"Vancouver, Canada - Visakhapatnam",Coking Coal,Handysize,37716,7730.4,849.4,783.3,5.1,Red Sea / Suez rerouting crisis,1105.0,49.33
2024-06-10,"Abbot Point, Australia - Haldia",Coal,Handysize,31303,5103.7,975.2,752.3,5.7,Red Sea / Suez rerouting crisis,1190.0,33.86
2024-06-10,"Dampier, Australia - Kolkata",Iron Ore,Panamax,77543,3635.9,1494.9,805.1,3.8,Red Sea / Suez rerouting crisis,2082.0,25.19
2024-06-10,"Durban, South Africa - Haldia",Coal,Handysize,37961,5347.0,975.2,807.1,6.4,Red Sea / Suez rerouting crisis,1183.0,36.19
2024-06-10,"Hay Point, Australia - Gangavaram",Coking Coal,Supramax,59776,5350.8,1082.3,769.3,5.8,Red Sea / Suez rerouting crisis,1417.0,36.23
2024-06-10,"Nacala, Mozambique - Gangavaram",Coking Coal,Panamax,88939,3745.9,1494.9,780.5,3.5,Red Sea / Suez rerouting crisis,1860.0,27.78
2024-06-10,"Nacala, Mozambique - Paradip",Coking Coal,Handysize,29010,4041.9,975.2,734.7,2.4,Red Sea / Suez rerouting crisis,1362.0,26.15
2024-06-10,"Nacala, Mozambique - Visakhapatnam",Coking Coal,Handysize,39679,3755.5,975.2,763.0,5.6,Red Sea / Suez rerouting crisis,1403.0,24.35
2024-06-10,"Newcastle, Australia - Ennore",Thermal Coal,Handysize,30067,5823.9,975.2,772.6,4.7,Red Sea / Suez rerouting crisis,1289.0,40.82
2024-06-10,"Newcastle, Australia - Gangavaram",Thermal Coal,Panamax,89269,5850.9,1494.9,782.5,4.1,Red Sea / Suez rerouting crisis,2056.0,40.28
2024-06-10,"Newcastle, Australia - Visakhapatnam",Thermal Coal,Panamax,81740,5849.9,1494.9,792.1,4.1,Red Sea / Suez rerouting crisis,2144.0,44.13
2024-06-10,"Ponta da Madeira, Brazil - Haldia",Iron Ore,Capesize,180673,9206.8,2700.1,791.4,6.2,Red Sea / Suez rerouting crisis,4000.0,72.9
2024-06-10,"Ponta da Madeira, Brazil - Kolkata",Iron Ore,Capesize,182472,9207.4,2700.1,782.0,4.2,Red Sea / Suez rerouting crisis,3514.0,66.24
2024-06-10,"Samarinda, Indonesia - Haldia",Thermal Coal,Supramax,52711,2560.1,1082.3,747.6,4.2,Red Sea / Suez rerouting crisis,1485.0,17.57
2024-06-10,"Samarinda, Indonesia - Kolkata",Thermal Coal,Supramax,61872,2573.8,1082.3,807.5,7.6,Red Sea / Suez rerouting crisis,1578.0,17.02
2024-06-10,"Taboneo, Indonesia - Ennore",Thermal Coal,Panamax,80177,2689.7,1494.9,776.4,3.0,Red Sea / Suez rerouting crisis,2115.0,18.26
2024-06-10,"Tubarao, Brazil - Visakhapatnam",Iron Ore,Capesize,202679,8981.5,2700.1,752.7,5.9,Red Sea / Suez rerouting crisis,3886.0,66.79
2024-06-10,"Vale do Rio Doce, Brazil - Ennore",Iron Ore,Capesize,159339,8858.1,2700.1,790.7,4.0,Red Sea / Suez rerouting crisis,3672.0,73.02
2024-06-10,"Vale do Rio Doce, Brazil - Haldia",Iron Ore,Capesize,167224,9494.8,2700.1,792.8,4.5,Red Sea / Suez rerouting crisis,3431.0,77.87
2024-06-10,"Vancouver, Canada - Paradip",Coking Coal,Handysize,30207,7484.8,975.2,757.4,5.9,Red Sea / Suez rerouting crisis,1399.0,44.96
2024-06-17,"Abbot Point, Australia - Ennore",Coal,Panamax,66256,5277.3,1371.5,745.0,7.0,Indian monsoon season port slowdown,1540.0,28.33
2024-06-17,"Dampier, Australia - Ennore",Iron Ore,Panamax,72381,3491.8,1371.5,743.8,3.9,Indian monsoon season port slowdown,1452.0,19.29
2024-06-17,"Durban, South Africa - Gangavaram",Coal,Panamax,81070,4895.8,1371.5,740.9,4.0,Indian monsoon season port slowdown,1486.0,27.45
2024-06-17,"Durban, South Africa - Kolkata",Coal,Handysize,37697,5384.9,989.3,707.0,5.5,Indian monsoon season port slowdown,1127.0,28.09
2024-06-17,"Hay Point, Australia - Gangavaram",Coking Coal,Supramax,53972,5350.8,990.7,737.1,4.7,Indian monsoon season port slowdown,1110.0,28.44
2024-06-17,"Hay Point, Australia - Haldia",Coking Coal,Panamax,77354,5223.9,1371.5,741.1,2.8,Indian monsoon season port slowdown,1545.0,33.29
2024-06-17,"Nacala, Mozambique - Kolkata",Coking Coal,Handysize,30119,4225.9,989.3,703.1,2.8,Indian monsoon season port slowdown,989.0,26.66
2024-06-17,"Nacala, Mozambique - Paradip",Coking Coal,Panamax,76747,4041.9,1371.5,731.9,6.2,Indian monsoon season port slowdown,1493.0,22.85
2024-06-17,"Nacala, Mozambique - Visakhapatnam",Coking Coal,Supramax,57578,3755.5,990.7,722.9,2.7,Indian monsoon season port slowdown,997.0,22.16
2024-06-17,"Newcastle, Australia - Ennore",Thermal Coal,Handysize,35335,5823.9,989.3,722.9,4.5,Indian monsoon season port slowdown,973.0,34.15
2024-06-17,"Norfolk, USA - Ennore",Coking Coal,Supramax,57523,8874.7,990.7,746.2,2.6,Indian monsoon season port slowdown,980.0,47.25
2024-06-17,"Ponta da Madeira, Brazil - Ennore",Iron Ore,Panamax,89725,8806.3,1371.5,710.3,4.5,Indian monsoon season port slowdown,1579.0,48.75
2024-06-17,"Richards Bay, South Africa - Haldia",Coking Coal,Panamax,86358,5255.1,1371.5,725.9,4.7,Indian monsoon season port slowdown,1400.0,31.55
2024-06-17,"Saldanha Bay, South Africa - Haldia",Iron Ore,Capesize,202750,6135.1,2728.6,721.5,5.0,Indian monsoon season port slowdown,2636.0,45.03
2024-06-17,"Saldanha Bay, South Africa - Paradip",Iron Ore,Capesize,173297,5982.9,2728.6,739.4,3.7,Indian monsoon season port slowdown,2917.0,40.35
2024-06-17,"Tubarao, Brazil - Gangavaram",Iron Ore,Panamax,66691,8973.4,1371.5,722.7,4.4,Indian monsoon season port slowdown,1507.0,49.54
2024-06-17,"Vale do Rio Doce, Brazil - Kolkata",Iron Ore,Panamax,67054,9512.7,1371.5,753.2,5.1,Indian monsoon season port slowdown,1498.0,53.24
2024-06-17,"Vale do Rio Doce, Brazil - Visakhapatnam",Iron Ore,Panamax,80656,9129.7,1371.5,720.6,3.1,Indian monsoon season port slowdown,1512.0,52.76
2024-06-24,"Abbot Point, Australia - Ennore",Coal,Handysize,34561,5277.3,979.7,731.8,6.5,Indian monsoon season port slowdown,1100.0,31.0
2024-06-24,"Abbot Point, Australia - Haldia",Coal,Supramax,55072,5103.7,872.3,769.9,5.8,Indian monsoon season port slowdown,936.0,26.75
2024-06-24,"Abbot Point, Australia - Paradip",Coal,Handysize,30847,5127.9,979.7,761.7,5.0,Indian monsoon season port slowdown,1048.0,31.68
2024-06-24,"Dampier, Australia - Paradip",Iron Ore,Panamax,75662,3570.5,1416.6,716.8,5.3,Indian monsoon season port slowdown,1604.0,21.19
2024-06-24,"Gladstone, Australia - Kolkata",Coal,Panamax,75524,5435.4,1416.6,728.3,1.2,Indian monsoon season port slowdown,1606.0,31.47
2024-06-24,"Norfolk, USA - Paradip",Coking Coal,Supramax,58522,8548.6,872.3,719.8,2.6,Indian monsoon season port slowdown,938.0,44.1
2024-06-24,"Ponta da Madeira, Brazil - Haldia",Iron Ore,Panamax,83319,9206.8,1416.6,711.9,2.9,Indian monsoon season port slowdown,1472.0,55.22
2024-06-24,"Ponta da Madeira, Brazil - Kolkata",Iron Ore,Panamax,86100,9207.4,1416.6,715.7,3.1,Indian monsoon season port slowdown,1794.0,56.32
2024-06-24,"Richards Bay, South Africa - Paradip",Coking Coal,Handysize,29703,5101.3,979.7,723.5,5.1,Indian monsoon season port slowdown,1102.0,27.06
2024-06-24,"Samarinda, Indonesia - Visakhapatnam",Thermal Coal,Panamax,80303,2685.9,1416.6,741.9,6.0,Indian monsoon season port slowdown,1603.0,16.91
2024-06-24,"Tubarao, Brazil - Kolkata",Iron Ore,Capesize,153897,9369.5,2828.4,737.9,4.1,Indian monsoon season port slowdown,2940.0,69.66
2024-06-24,"Tubarao, Brazil - Visakhapatnam",Iron Ore,Panamax,75713,8981.5,1416.6,728.3,5.0,Indian monsoon season port slowdown,1475.0,54.5
2024-06-24,"Vancouver, Canada - Gangavaram",Coking Coal,Panamax,81984,7739.2,1416.6,739.1,4.3,Indian monsoon season port slowdown,1525.0,39.84
2024-07-01,"Dampier, Australia - Haldia",Iron Ore,Capesize,163743,3608.6,2843.6,741.9,7.2,Indian monsoon season port slowdown,2867.0,28.89
2024-07-01,"Durban, South Africa - Paradip",Coal,Handysize,28989,5193.0,925.6,739.1,6.6,Indian monsoon season port slowdown,970.0,29.74
2024-07-01,"Durban, South Africa - Visakhapatnam",Coal,Handysize,38537,4905.5,925.6,754.7,5.3,Indian monsoon season port slowdown,982.0,27.7
2024-07-01,"Gladstone, Australia - Gangavaram",Coal,Handysize,34386,5539.5,925.6,770.3,3.0,Indian monsoon season port slowdown,964.0,29.82
2024-07-01,"Newcastle, Australia - Gangavaram",Thermal Coal,Supramax,54400,5850.9,911.8,744.4,3.3,Indian monsoon season port slowdown,1029.0,32.68
2024-07-01,"Newcastle, Australia - Kolkata",Thermal Coal,Supramax,52071,5812.9,911.8,744.3,2.8,Indian monsoon season port slowdown,847.0,32.26
2024-07-01,"Ponta da Madeira, Brazil - Haldia",Iron Ore,Panamax,81522,9206.8,1295.4,725.1,3.8,Indian monsoon season port slowdown,1413.0,50.6
2024-07-01,"Ponta da Madeira, Brazil - Visakhapatnam",Iron Ore,Panamax,71475,8964.6,1295.4,748.4,3.4,Indian monsoon season port slowdown,1420.0,52.9
2024-07-01,"Richards Bay, South Africa - Ennore",Coking Coal,Handysize,29354,4452.0,925.6,721.7,5.9,Indian monsoon season port slowdown,999.0,26.11
2024-07-01,"Richards Bay, South Africa - Haldia",Coking Coal,Supramax,58657,5255.1,911.8,748.0,4.5,Indian monsoon season port slowdown,1030.0,28.78
2024-07-01,"Richards Bay, South Africa - Visakhapatnam",Coking Coal,Panamax,68605,4813.7,1295.4,759.6,0.9,Indian monsoon season port slowdown,1357.0,27.22
2024-07-01,"Saldanha Bay, South Africa - Kolkata",Iron Ore,Panamax,73463,6171.5,1295.4,722.8,4.5,Indian monsoon season port slowdown,1307.0,34.8
2024-07-01,"Saldanha Bay, South Africa - Paradip",Iron Ore,Panamax,80178,5982.9,1295.4,727.6,2.4,Indian monsoon season port slowdown,1455.0,35.85
2024-07-01,"Samarinda, Indonesia - Haldia",Thermal Coal,Panamax,71827,2560.1,1295.4,759.9,2.6,Indian monsoon season port slowdown,1379.0,14.09
2024-07-01,"Samarinda, Indonesia - Paradip",Thermal Coal,Handysize,33312,2577.8,925.6,739.0,2.8,Indian monsoon season port slowdown,943.0,15.54
2024-07-01,"Taboneo, Indonesia - Kolkata",Thermal Coal,Handysize,33977,2594.2,925.6,733.5,4.7,Indian monsoon season port slowdown,971.0,14.99
2024-07-01,"Taboneo, Indonesia - Visakhapatnam",Thermal Coal,Panamax,82060,2652.9,1295.4,725.5,5.4,Indian monsoon season port slowdown,1494.0,15.72
2024-07-01,"Tubarao, Brazil - Haldia",Iron Ore,Capesize,174693,9350.8,2843.6,764.0,3.7,Indian monsoon season port slowdown,3099.0,69.41
2024-07-01,"Vale do Rio Doce, Brazil - Gangavaram",Iron Ore,Capesize,151062,9121.7,2843.6,728.6,5.3,Indian monsoon season port slowdown,3279.0,70.1
2024-07-01,"Vale do Rio Doce, Brazil - Haldia",Iron Ore,Capesize,166222,9494.8,2843.6,736.9,5.0,Indian monsoon season port slowdown,2615.0,75.87
2024-07-01,"Vale do Rio Doce, Brazil - Paradip",Iron Ore,Capesize,168815,9380.1,2843.6,747.7,2.7,Indian monsoon season port slowdown,2995.0,69.54
2024-07-01,"Vancouver, Canada - Paradip",Coking Coal,Panamax,78176,7484.8,1295.4,724.0,6.9,Indian monsoon season port slowdown,1345.0,44.7
2024-07-08,"Abbot Point, Australia - Haldia",Coal,Supramax,53292,5103.7,914.0,748.9,5.1,Indian monsoon season port slowdown,1134.0,27.99
2024-07-08,"Abbot Point, Australia - Paradip",Coal,Supramax,56087,5127.9,914.0,721.8,5.3,Indian monsoon season port slowdown,1140.0,25.98
2024-07-08,"Dampier, Australia - Ennore",Iron Ore,Capesize,176187,3491.8,2750.3,755.6,5.6,Indian monsoon season port slowdown,3000.0,24.33
2024-07-08,"Dampier, Australia - Visakhapatnam",Iron Ore,Capesize,177570,3570.3,2750.3,755.0,4.0,Indian monsoon season port slowdown,2747.0,25.4
2024-07-08,"Durban, South Africa - Haldia",Coal,Handysize,35744,5347.0,877.2,763.6,4.5,Indian monsoon season port slowdown,933.0,29.67
2024-07-08,"Durban, South Africa - Kolkata",Coal,Supramax,52522,5384.9,914.0,765.1,4.4,Indian monsoon season port slowdown,915.0,27.27
2024-07-08,"Hay Point, Australia - Gangavaram",Coking Coal,Supramax,48883,5350.8,914.0,751.0,5.4,Indian monsoon season port slowdown,860.0,28.97
2024-07-08,"Nacala, Mozambique - Ennore",Coking Coal,Handysize,31738,3410.6,877.2,750.5,4.1,Indian monsoon season port slowdown,846.0,18.75
2024-07-08,"Newcastle, Australia - Ennore",Thermal Coal,Handysize,31120,5823.9,877.2,751.7,3.9,Indian monsoon season port slowdown,1004.0,33.24
2024-07-08,"Norfolk, USA - Visakhapatnam",Coking Coal,Supramax,54349,8657.5,914.0,732.2,5.4,Indian monsoon season port slowdown,890.0,45.62
2024-07-08,"Ponta da Madeira, Brazil - Ennore",Iron Ore,Panamax,68932,8806.3,1298.6,750.3,4.7,Indian monsoon season port slowdown,1314.0,53.91
2024-07-08,"Ponta da Madeira, Brazil - Haldia",Iron Ore,Capesize,155215,9206.8,2750.3,733.2,2.9,Indian monsoon season port slowdown,2916.0,65.56
2024-07-08,"Ponta da Madeira, Brazil - Paradip",Iron Ore,Panamax,87488,9142.2,1298.6,765.2,2.6,Indian monsoon season port slowdown,1329.0,53.38
2024-07-08,"Richards Bay, South Africa - Ennore",Coking Coal,Panamax,79970,4452.0,1298.6,747.3,3.7,Indian monsoon season port slowdown,1448.0,26.02
2024-07-08,"Richards Bay, South Africa - Visakhapatnam",Coking Coal,Panamax,69835,4813.7,1298.6,748.9,5.5,Indian monsoon season port slowdown,1577.0,29.36
2024-07-08,"Saldanha Bay, South Africa - Gangavaram",Iron Ore,Capesize,150788,5685.5,2750.3,757.5,3.8,Indian monsoon season port slowdown,3278.0,39.29
2024-07-08,"Samarinda, Indonesia - Gangavaram",Thermal Coal,Handysize,36627,2689.0,877.2,751.8,2.4,Indian monsoon season port slowdown,897.0,14.32
2024-07-08,"Tubarao, Brazil - Paradip",Iron Ore,Panamax,88235,9234.1,1298.6,741.6,5.0,Indian monsoon season port slowdown,1324.0,54.3
2024-07-08,"Tubarao, Brazil - Visakhapatnam",Iron Ore,Panamax,71136,8981.5,1298.6,775.0,4.4,Indian monsoon season port slowdown,1525.0,50.02
2024-07-08,"Vale do Rio Doce, Brazil - Kolkata",Iron Ore,Capesize,190108,9512.7,2750.3,713.1,3.1,Indian monsoon season port slowdown,3157.0,68.5
2024-07-08,"Vancouver, Canada - Visakhapatnam",Coking Coal,Supramax,52149,7730.4,914.0,744.3,4.4,Indian monsoon season port slowdown,954.0,41.61
2024-07-15,"Abbot Point, Australia - Ennore",Coal,Handysize,29199,5277.3,966.7,778.8,4.1,Indian monsoon season port slowdown,908.0,29.44
2024-07-15,"Dampier, Australia - Haldia",Iron Ore,Capesize,187704,3608.6,2690.3,722.6,7.6,Indian monsoon season port slowdown,2901.0,23.79
2024-07-15,"Dampier, Australia - Visakhapatnam",Iron Ore,Panamax,89777,3570.3,1298.4,787.7,4.9,Indian monsoon season port slowdown,1547.0,21.92
2024-07-15,"Durban, South Africa - Haldia",Coal,Handysize,33264,5347.0,966.7,773.0,4.1,Indian monsoon season port slowdown,1040.0,33.28
2024-07-15,"Durban, South Africa - Paradip",Coal,Panamax,77629,5193.0,1298.4,750.5,4.8,Indian monsoon season port slowdown,1369.0,29.08
2024-07-15,"Gladstone, Australia - Haldia",Coal,Panamax,68467,5423.2,1298.4,778.0,2.3,Indian monsoon season port slowdown,1502.0,31.11
2024-07-15,"Gladstone, Australia - Kolkata",Coal,Supramax,55236,5435.4,940.0,779.7,4.0,Indian monsoon season port slowdown,1093.0,30.76
2024-07-15,"Gladstone, Australia - Visakhapatnam",Coal,Panamax,79758,5537.2,1298.4,742.9,4.4,Indian monsoon season port slowdown,1488.0,32.34
2024-07-15,"Hay Point, Australia - Kolkata",Coking Coal,Panamax,74795,5235.2,1298.4,764.9,4.0,Indian monsoon season port slowdown,1454.0,28.99
2024-07-15,"Newcastle, Australia - Visakhapatnam",Thermal Coal,Panamax,89185,5849.9,1298.4,757.4,3.5,Indian monsoon season port slowdown,1572.0,35.22
2024-07-15,"Ponta da Madeira, Brazil - Haldia",Iron Ore,Panamax,75573,9206.8,1298.4,736.1,5.8,Indian monsoon season port slowdown,1235.0,51.4
2024-07-22,"Dampier, Australia - Paradip",Iron Ore,Panamax,86022,3570.5,1470.9,767.6,4.6,Indian monsoon season port slowdown,1570.0,20.25
2024-07-22,"Dampier, Australia - Visakhapatnam",Iron Ore,Capesize,188378,3570.3,2613.1,760.2,5.4,Indian monsoon season port slowdown,3011.0,23.09
2024-07-22,"Gladstone, Australia - Ennore",Coal,Handysize,32047,5565.0,957.3,791.3,4.8,Indian monsoon season port slowdown,981.0,34.56
2024-07-22,"Hay Point, Australia - Haldia",Coking Coal,Handysize,28496,5223.9,957.3,762.6,4.9,Indian monsoon season port slowdown,976.0,31.8
2024-07-22,"Hay Point, Australia - Visakhapatnam",Coking Coal,Supramax,49267,5348.2,984.9,769.1,1.8,Indian monsoon season port slowdown,1165.0,31.25
2024-07-22,"Nacala, Mozambique - Kolkata",Coking Coal,Handysize,28406,4225.9,957.3,778.3,4.0,Indian monsoon season port slowdown,985.0,22.89
2024-07-22,"Norfolk, USA - Ennore",Coking Coal,Supramax,61182,8874.7,984.9,775.0,4.5,Indian monsoon season port slowdown,957.0,47.37
2024-07-22,"Norfolk, USA - Paradip",Coking Coal,Handysize,32731,8548.6,957.3,771.9,5.0,Indian monsoon season port slowdown,978.0,49.82
2024-07-22,"Ponta da Madeira, Brazil - Paradip",Iron Ore,Panamax,68956,9142.2,1470.9,765.4,4.4,Indian monsoon season port slowdown,1731.0,55.02
2024-07-22,"Saldanha Bay, South Africa - Gangavaram",Iron Ore,Panamax,87408,5685.5,1470.9,782.7,5.8,Indian monsoon season port slowdown,1686.0,36.59
2024-07-22,"Saldanha Bay, South Africa - Visakhapatnam",Iron Ore,Panamax,82791,5695.2,1470.9,786.1,4.7,Indian monsoon season port slowdown,1573.0,33.27
2024-07-22,"Samarinda, Indonesia - Paradip",Thermal Coal,Handysize,38856,2577.8,957.3,795.2,4.6,Indian monsoon season port slowdown,1072.0,16.2
2024-07-22,"Tubarao, Brazil - Gangavaram",Iron Ore,Capesize,192765,8973.4,2613.1,784.2,3.7,Indian monsoon season port slowdown,3246.0,60.33
2024-07-22,"Tubarao, Brazil - Haldia",Iron Ore,Panamax,70011,9350.8,1470.9,794.6,5.7,Indian monsoon season port slowdown,1580.0,57.12
2024-07-22,"Vancouver, Canada - Paradip",Coking Coal,Supramax,51985,7484.8,984.9,740.5,4.4,Indian monsoon season port slowdown,1127.0,42.71
2024-07-29,"Abbot Point, Australia - Visakhapatnam",Coal,Supramax,55902,5233.1,984.7,793.5,4.6,Indian monsoon season port slowdown,991.0,27.43
2024-07-29,"Dampier, Australia - Gangavaram",Iron Ore,Capesize,163610,3569.6,2625.8,788.5,4.0,Indian monsoon season port slowdown,3143.0,25.55
2024-07-29,"Durban, South Africa - Ennore",Coal,Panamax,85752,4543.3,1382.0,766.6,5.7,Indian monsoon season port slowdown,1473.0,27.79
2024-07-29,"Gladstone, Australia - Kolkata",Coal,Panamax,75340,5435.4,1382.0,793.9,6.1,Indian monsoon season port slowdown,1375.0,33.01
2024-07-29,"Newcastle, Australia - Haldia",Thermal Coal,Panamax,82208,5795.2,1382.0,793.5,6.4,Indian monsoon season port slowdown,1422.0,34.79
2024-07-29,"Norfolk, USA - Visakhapatnam",Coking Coal,Supramax,50712,8657.5,984.7,780.4,4.7,Indian monsoon season port slowdown,1175.0,45.67
2024-07-29,"Ponta da Madeira, Brazil - Gangavaram",Iron Ore,Panamax,71705,8959.2,1382.0,786.7,3.3,Indian monsoon season port slowdown,1355.0,50.28
2024-07-29,"Ponta da Madeira, Brazil - Visakhapatnam",Iron Ore,Capesize,185646,8964.6,2625.8,748.1,5.0,Indian monsoon season port slowdown,3005.0,63.59
2024-07-29,"Saldanha Bay, South Africa - Haldia",Iron Ore,Capesize,195924,6135.1,2625.8,757.1,5.1,Indian monsoon season port slowdown,2917.0,42.99
2024-07-29,"Saldanha Bay, South Africa - Kolkata",Iron Ore,Capesize,180589,6171.5,2625.8,781.4,3.2,Indian monsoon season port slowdown,2759.0,45.78
2024-07-29,"Samarinda, Indonesia - Paradip",Thermal Coal,Panamax,79053,2577.8,1382.0,766.3,3.7,Indian monsoon season port slowdown,1355.0,15.45
2024-07-29,"Taboneo, Indonesia - Visakhapatnam",Thermal Coal,Supramax,49132,2652.9,984.7,761.4,4.2,Indian monsoon season port slowdown,1191.0,15.27
2024-07-29,"Vale do Rio Doce, Brazil - Gangavaram",Iron Ore,Panamax,66243,9121.7,1382.0,781.2,4.9,Indian monsoon season port slowdown,1726.0,56.7
2024-07-29,"Vale do Rio Doce, Brazil - Haldia",Iron Ore,Capesize,182899,9494.8,2625.8,794.0,4.9,Indian monsoon season port slowdown,2829.0,67.04
2024-07-29,"Vancouver, Canada - Haldia",Coking Coal,Panamax,71573,7337.7,1382.0,776.7,5.8,Indian monsoon season port slowdown,1437.0,42.54
2024-08-05,"Abbot Point, Australia - Gangavaram",Coal,Supramax,55936,5235.8,1053.1,779.3,5.8,Indian monsoon season port slowdown,1155.0,30.54
2024-08-05,"Abbot Point, Australia - Haldia",Coal,Supramax,53748,5103.7,1053.1,809.3,4.6,Indian monsoon season port slowdown,1212.0,30.38
2024-08-05,"Dampier, Australia - Gangavaram",Iron Ore,Panamax,73149,3569.6,1264.2,796.8,4.6,Indian monsoon season port slowdown,1476.0,20.15
2024-08-05,"Durban, South Africa - Gangavaram",Coal,Handysize,39778,4895.8,911.9,794.2,3.5,Indian monsoon season port slowdown,1013.0,31.05
2024-08-05,"Gladstone, Australia - Gangavaram",Coal,Supramax,57518,5539.5,1053.1,798.9,4.7,Indian monsoon season port slowdown,1085.0,30.97
2024-08-05,"Hay Point, Australia - Gangavaram",Coking Coal,Supramax,55862,5350.8,1053.1,789.2,4.8,Indian monsoon season port slowdown,1043.0,29.37
2024-08-05,"Hay Point, Australia - Visakhapatnam",Coking Coal,Supramax,53130,5348.2,1053.1,802.2,7.5,Indian monsoon season port slowdown,1068.0,28.8
2024-08-05,"Nacala, Mozambique - Paradip",Coking Coal,Handysize,38504,4041.9,911.9,781.7,5.9,Indian monsoon season port slowdown,968.0,25.32
2024-08-05,"Newcastle, Australia - Haldia",Thermal Coal,Panamax,79384,5795.2,1264.2,784.1,5.4,Indian monsoon season port slowdown,1305.0,34.41
2024-08-05,"Newcastle, Australia - Kolkata",Thermal Coal,Panamax,79014,5812.9,1264.2,795.8,1.8,Indian monsoon season port slowdown,1384.0,32.03
2024-08-05,"Ponta da Madeira, Brazil - Ennore",Iron Ore,Panamax,86224,8806.3,1264.2,800.2,4.8,Indian monsoon season port slowdown,1463.0,47.75
2024-08-05,"Ponta da Madeira, Brazil - Gangavaram",Iron Ore,Panamax,66953,8959.2,1264.2,806.6,3.8,Indian monsoon season port slowdown,1347.0,54.66
2024-08-05,"Samarinda, Indonesia - Ennore",Thermal Coal,Handysize,31686,2762.6,911.9,794.8,4.6,Indian monsoon season port slowdown,979.0,16.34
2024-08-05,"Tubarao, Brazil - Kolkata",Iron Ore,Panamax,73531,9369.5,1264.2,776.8,4.2,Indian monsoon season port slowdown,1297.0,48.81
2024-08-05,"Vale do Rio Doce, Brazil - Gangavaram",Iron Ore,Capesize,181584,9121.7,2483.7,820.1,2.7,Indian monsoon season port slowdown,2647.0,62.55
2024-08-05,"Vancouver, Canada - Paradip",Coking Coal,Panamax,72928,7484.8,1264.2,778.7,3.3,Indian monsoon season port slowdown,1625.0,42.17
2024-08-12,"Dampier, Australia - Haldia",Iron Ore,Panamax,84251,3608.6,1219.1,768.3,2.8,Indian monsoon season port slowdown,1373.0,20.52
2024-08-12,"Durban, South Africa - Haldia",Coal,Handysize,39109,5347.0,1005.3,798.6,2.2,Indian monsoon season port slowdown,1064.0,33.29
2024-08-12,"Durban, South Africa - Visakhapatnam",Coal,Panamax,79198,4905.5,1219.1,767.6,4.7,Indian monsoon season port slowdown,1213.0,28.83
2024-08-12,"Hay Point, Australia - Visakhapatnam",Coking Coal,Supramax,52387,5348.2,1001.0,762.7,4.3,Indian monsoon season port slowdown,999.0,26.57
2024-08-12,"Nacala, Mozambique - Ennore",Coking Coal,Handysize,34186,3410.6,1005.3,763.1,5.9,Indian monsoon season port slowdown,1051.0,20.39
2024-08-12,"Nacala, Mozambique - Kolkata",Coking Coal,Handysize,39618,4225.9,1005.3,756.9,5.1,Indian monsoon season port slowdown,1103.0,24.49
2024-08-12,"Newcastle, Australia - Haldia",Thermal Coal,Handysize,33485,5795.2,1005.3,728.2,6.5,Indian monsoon season port slowdown,1200.0,33.37
2024-08-12,"Ponta da Madeira, Brazil - Paradip",Iron Ore,Panamax,66531,9142.2,1219.1,745.4,4.6,Indian monsoon season port slowdown,1322.0,51.53
2024-08-12,"Saldanha Bay, South Africa - Haldia",Iron Ore,Panamax,75589,6135.1,1219.1,750.5,5.0,Indian monsoon season port slowdown,1200.0,38.1
2024-08-12,"Tubarao, Brazil - Kolkata",Iron Ore,Panamax,67063,9369.5,1219.1,776.9,4.7,Indian monsoon season port slowdown,1224.0,48.97
2024-08-12,"Tubarao, Brazil - Visakhapatnam",Iron Ore,Panamax,72476,8981.5,1219.1,776.9,3.3,Indian monsoon season port slowdown,1347.0,48.4
2024-08-12,"Vale do Rio Doce, Brazil - Kolkata",Iron Ore,Capesize,160950,9512.7,2255.3,749.1,4.6,Indian monsoon season port slowdown,2252.0,61.44
2024-08-19,"Abbot Point, Australia - Gangavaram",Coal,Panamax,72792,5235.8,1132.4,751.8,6.7,Indian monsoon season port slowdown,1275.0,28.04
2024-08-19,"Abbot Point, Australia - Paradip",Coal,Handysize,29108,5127.9,977.2,769.4,2.6,Indian monsoon season port slowdown,1142.0,32.67
2024-08-19,"Dampier, Australia - Paradip",Iron Ore,Panamax,80398,3570.5,1132.4,765.3,4.2,Indian monsoon season port slowdown,1042.0,18.12
2024-08-19,"Hay Point, Australia - Ennore",Coking Coal,Panamax,70493,5386.7,1132.4,766.5,6.6,Indian monsoon season port slowdown,1320.0,28.68
2024-08-19,"Hay Point, Australia - Haldia",Coking Coal,Handysize,30594,5223.9,977.2,761.2,4.1,Indian monsoon season port slowdown,976.0,33.04
2024-08-19,"Richards Bay, South Africa - Kolkata",Coking Coal,Supramax,53668,5292.9,1017.5,765.7,2.8,Indian monsoon season port slowdown,1070.0,27.55
2024-08-19,"Saldanha Bay, South Africa - Visakhapatnam",Iron Ore,Capesize,187329,5695.2,2264.2,779.6,4.9,Indian monsoon season port slowdown,2649.0,35.75
2024-08-19,"Samarinda, Indonesia - Gangavaram",Thermal Coal,Handysize,29651,2689.0,977.2,753.1,5.6,Indian monsoon season port slowdown,1089.0,17.57
2024-08-19,"Samarinda, Indonesia - Paradip",Thermal Coal,Handysize,30330,2577.8,977.2,782.2,4.3,Indian monsoon season port slowdown,1004.0,16.92
2024-08-19,"Tubarao, Brazil - Ennore",Iron Ore,Capesize,154845,8706.6,2264.2,773.0,3.3,Indian monsoon season port slowdown,2426.0,54.4
2024-08-26,"Dampier, Australia - Haldia",Iron Ore,Capesize,193684,3608.6,2101.9,769.1,6.5,Indian monsoon season port slowdown,2356.0,23.8
2024-08-26,"Gladstone, Australia - Paradip",Coal,Supramax,48104,5442.2,970.8,789.4,5.4,Indian monsoon season port slowdown,854.0,29.48
2024-08-26,"Hay Point, Australia - Kolkata",Coking Coal,Panamax,75248,5235.2,1096.3,797.1,5.6,Indian monsoon season port slowdown,943.0,26.12
2024-08-26,"Nacala, Mozambique - Visakhapatnam",Coking Coal,Supramax,52094,3755.5,970.8,800.1,4.2,Indian monsoon season port slowdown,1096.0,20.74
2024-08-26,"Newcastle, Australia - Paradip",Thermal Coal,Supramax,55050,5793.4,970.8,766.5,5.0,Indian monsoon season port slowdown,1150.0,32.98
2024-08-26,"Norfolk, USA - Visakhapatnam",Coking Coal,Handysize,37071,8657.5,1017.0,796.6,6.2,Indian monsoon season port slowdown,1169.0,52.77
2024-08-26,"Ponta da Madeira, Brazil - Kolkata",Iron Ore,Capesize,164494,9207.4,2101.9,781.6,4.2,Indian monsoon season port slowdown,2265.0,58.58
2024-08-26,"Ponta da Madeira, Brazil - Visakhapatnam",Iron Ore,Capesize,177621,8964.6,2101.9,774.3,3.9,Indian monsoon season port slowdown,2283.0,54.88
2024-08-26,"Richards Bay, South Africa - Ennore",Coking Coal,Supramax,61198,4452.0,970.8,786.1,4.1,Indian monsoon season port slowdown,1154.0,25.31
2024-08-26,"Richards Bay, South Africa - Gangavaram",Coking Coal,Supramax,49164,4804.0,970.8,790.0,6.3,Indian monsoon season port slowdown,1073.0,28.84
2024-08-26,"Samarinda, Indonesia - Paradip",Thermal Coal,Handysize,28580,2577.8,1017.0,788.5,4.7,Indian monsoon season port slowdown,1081.0,16.58
2024-08-26,"Tubarao, Brazil - Gangavaram",Iron Ore,Panamax,75179,8973.4,1096.3,785.1,3.9,Indian monsoon season port slowdown,1031.0,48.56
2024-08-26,"Tubarao, Brazil - Visakhapatnam",Iron Ore,Panamax,89683,8981.5,1096.3,768.6,5.3,Indian monsoon season port slowdown,1218.0,44.32
2024-08-26,"Vale do Rio Doce, Brazil - Haldia",Iron Ore,Capesize,167619,9494.8,2101.9,721.1,3.9,Indian monsoon season port slowdown,2273.0,59.92
2024-08-26,"Vancouver, Canada - Paradip",Coking Coal,Supramax,55990,7484.8,970.8,765.7,6.1,Indian monsoon season port slowdown,1058.0,38.46
2024-09-02,"Dampier, Australia - Ennore",Iron Ore,Panamax,66266,3491.8,1152.3,779.4,4.6,Indian monsoon season port slowdown,1309.0,19.09
2024-09-02,"Dampier, Australia - Paradip",Iron Ore,Capesize,186753,3570.5,1870.6,782.8,6.1,Indian monsoon season port slowdown,2064.0,20.35
2024-09-02,"Durban, South Africa - Haldia",Coal,Panamax,85836,5347.0,1152.3,766.7,6.2,Indian monsoon season port slowdown,1202.0,28.62
2024-09-02,"Newcastle, Australia - Haldia",Thermal Coal,Panamax,84813,5795.2,1152.3,796.9,6.5,Indian monsoon season port slowdown,1189.0,33.29
2024-09-02,"Ponta da Madeira, Brazil - Paradip",Iron Ore,Capesize,178808,9142.2,1870.6,767.9,3.3,Indian monsoon season port slowdown,2076.0,50.44
2024-09-02,"Richards Bay, South Africa - Paradip",Coking Coal,Handysize,34966,5101.3,1035.6,770.8,4.3,Indian monsoon season port slowdown,1034.0,30.97
2024-09-02,"Saldanha Bay, South Africa - Ennore",Iron Ore,Capesize,159108,5338.7,1870.6,744.0,6.1,Indian monsoon season port slowdown,2011.0,30.18
2024-09-02,"Samarinda, Indonesia - Gangavaram",Thermal Coal,Panamax,77148,2689.0,1152.3,788.0,6.9,Indian monsoon season port slowdown,1174.0,15.61
2024-09-02,"Samarinda, Indonesia - Paradip",Thermal Coal,Panamax,68651,2577.8,1152.3,772.4,4.5,Indian monsoon season port slowdown,1292.0,14.17
2024-09-02,"Samarinda, Indonesia - Visakhapatnam",Thermal Coal,Panamax,65009,2685.9,1152.3,755.8,3.8,Indian monsoon season port slowdown,1087.0,14.59
2024-09-02,"Tubarao, Brazil - Paradip",Iron Ore,Capesize,159131,9234.1,1870.6,783.2,5.0,Indian monsoon season port slowdown,2068.0,57.94
2024-09-09,"Abbot Point, Australia - Ennore",Coal,Panamax,72866,5277.3,1238.2,750.5,5.7,Indian monsoon season port slowdown,1384.0,32.01
2024-09-09,"Durban, South Africa - Ennore",Coal,Supramax,60595,4543.3,962.6,757.4,5.4,Indian monsoon season port slowdown,1020.0,24.25
2024-09-09,"Durban, South Africa - Kolkata",Coal,Panamax,65819,5384.9,1238.2,744.3,3.0,Indian monsoon season port slowdown,1432.0,30.96
2024-09-09,"Gladstone, Australia - Ennore",Coal,Panamax,88660,5565.0,1238.2,724.2,6.9,Indian monsoon season port slowdown,1388.0,29.88
2024-09-09,"Gladstone, Australia - Haldia",Coal,Panamax,70095,5423.2,1238.2,757.4,5.1,Indian monsoon season port slowdown,1310.0,30.54
2024-09-09,"Gladstone, Australia - Paradip",Coal,Supramax,59879,5442.2,962.6,741.9,4.6,Indian monsoon season port slowdown,1042.0,30.01
2024-09-09,"Hay Point, Australia - Paradip",Coking Coal,Panamax,86536,5246.5,1238.2,770.9,2.2,Indian monsoon season port slowdown,1302.0,30.42
2024-09-09,"Nacala, Mozambique - Gangavaram",Coking Coal,Panamax,84092,3745.9,1238.2,769.6,3.0,Indian monsoon season port slowdown,1324.0,22.9
2024-09-09,"Nacala, Mozambique - Haldia",Coking Coal,Supramax,61994,4191.3,962.6,760.4,1.9,Indian monsoon season port slowdown,1152.0,24.82
2024-09-09,"Nacala, Mozambique - Visakhapatnam",Coking Coal,Panamax,69805,3755.5,1238.2,738.2,4.4,Indian monsoon season port slowdown,1272.0,22.04
2024-09-09,"Newcastle, Australia - Haldia",Thermal Coal,Panamax,84445,5795.2,1238.2,760.5,4.0,Indian monsoon season port slowdown,1202.0,32.21
2024-09-09,"Norfolk, USA - Haldia",Coking Coal,Supramax,56008,8458.2,962.6,750.3,2.3,Indian monsoon season port slowdown,1075.0,47.64
2024-09-09,"Norfolk, USA - Paradip",Coking Coal,Panamax,79527,8548.6,1238.2,742.3,5.3,Indian monsoon season port slowdown,1322.0,48.41
2024-09-09,"Ponta da Madeira, Brazil - Kolkata",Iron Ore,Panamax,66558,9207.4,1238.2,755.8,7.6,Indian monsoon season port slowdown,1415.0,50.33
2024-09-09,"Ponta da Madeira, Brazil - Visakhapatnam",Iron Ore,Capesize,185468,8964.6,1925.3,778.3,4.2,Indian monsoon season port slowdown,1851.0,52.44
2024-09-09,"Richards Bay, South Africa - Ennore",Coking Coal,Handysize,31621,4452.0,1052.2,769.0,4.2,Indian monsoon season port slowdown,1229.0,28.75
2024-09-09,"Richards Bay, South Africa - Gangavaram",Coking Coal,Supramax,56259,4804.0,962.6,741.7,5.9,Indian monsoon season port slowdown,1144.0,27.5
2024-09-09,"Richards Bay, South Africa - Haldia",Coking Coal,Handysize,33804,5255.1,1052.2,765.7,4.6,Indian monsoon season port slowdown,1081.0,33.98
2024-09-09,"Richards Bay, South Africa - Kolkata",Coking Coal,Supramax,48105,5292.9,962.6,743.6,4.8,Indian monsoon season port slowdown,1052.0,30.48
2024-09-09,"Samarinda, Indonesia - Haldia",Thermal Coal,Panamax,85572,2560.1,1238.2,780.4,4.1,Indian monsoon season port slowdown,1220.0,14.77
2024-09-09,"Tubarao, Brazil - Gangavaram",Iron Ore,Panamax,88736,8973.4,1238.2,761.5,1.3,Indian monsoon season port slowdown,1437.0,48.44
2024-09-09,"Tubarao, Brazil - Paradip",Iron Ore,Panamax,79576,9234.1,1238.2,756.7,5.7,Indian monsoon season port slowdown,1156.0,51.52
2024-09-09,"Vale do Rio Doce, Brazil - Gangavaram",Iron Ore,Capesize,171440,9121.7,1925.3,742.6,3.6,Indian monsoon season port slowdown,2215.0,53.27
2024-09-09,"Vale do Rio Doce, Brazil - Haldia",Iron Ore,Panamax,73786,9494.8,1238.2,735.0,2.5,Indian monsoon season port slowdown,1276.0,53.49
2024-09-09,"Vale do Rio Doce, Brazil - Visakhapatnam",Iron Ore,Panamax,69340,9129.7,1238.2,749.2,4.0,Indian monsoon season port slowdown,1307.0,50.41
2024-09-16,"Gladstone, Australia - Visakhapatnam",Coal,Panamax,89752,5537.2,1401.4,747.6,4.0,Indian monsoon season port slowdown,1398.0,31.26
2024-09-16,"Hay Point, Australia - Ennore",Coking Coal,Panamax,67211,5386.7,1401.4,734.3,0.7,Indian monsoon season port slowdown,1455.0,32.32
2024-09-16,"Hay Point, Australia - Visakhapatnam",Coking Coal,Supramax,58561,5348.2,1015.5,750.5,5.2,Indian monsoon season port slowdown,1133.0,29.59
2024-09-16,"Norfolk, USA - Paradip",Coking Coal,Panamax,89192,8548.6,1401.4,767.6,6.1,Indian monsoon season port slowdown,1333.0,55.05
2024-09-16,"Richards Bay, South Africa - Kolkata",Coking Coal,Panamax,66565,5292.9,1401.4,763.0,4.0,Indian monsoon season port slowdown,1639.0,31.72
2024-09-16,"Samarinda, Indonesia - Paradip",Thermal Coal,Handysize,37563,2577.8,1006.9,759.9,2.6,Indian monsoon season port slowdown,1124.0,15.92
2024-09-16,"Taboneo, Indonesia - Visakhapatnam",Thermal Coal,Panamax,79422,2652.9,1401.4,753.3,6.0,Indian monsoon season port slowdown,1544.0,15.43
2024-09-16,"Tubarao, Brazil - Ennore",Iron Ore,Panamax,88189,8706.6,1401.4,771.7,3.5,Indian monsoon season port slowdown,1504.0,52.95
2024-09-16,"Vancouver, Canada - Kolkata",Coking Coal,Handysize,38537,7293.3,1006.9,736.9,4.9,Indian monsoon season port slowdown,1156.0,44.08
2024-09-23,"Dampier, Australia - Visakhapatnam",Iron Ore,Capesize,200488,3570.3,1918.3,725.5,2.3,Indian monsoon season port slowdown,2084.0,19.97
2024-09-23,"Durban, South Africa - Ennore",Coal,Panamax,73374,4543.3,1344.1,717.8,3.8,Indian monsoon season port slowdown,1521.0,26.78
2024-09-23,"Hay Point, Australia - Haldia",Coking Coal,Handysize,35042,5223.9,1047.4,742.8,4.1,Indian monsoon season port slowdown,1097.0,31.1
2024-09-23,"Newcastle, Australia - Haldia",Thermal Coal,Handysize,37476,5795.2,1047.4,739.1,5.4,Indian monsoon season port slowdown,1224.0,33.64
2024-09-23,"Norfolk, USA - Gangavaram",Coking Coal,Handysize,37764,8662.0,1047.4,724.2,2.9,Indian monsoon season port slowdown,1088.0,54.9
2024-09-23,"Norfolk, USA - Paradip",Coking Coal,Supramax,60754,8548.6,891.1,732.0,3.8,Indian monsoon season port slowdown,1082.0,42.47
2024-09-23,"Richards Bay, South Africa - Haldia",Coking Coal,Handysize,30344,5255.1,1047.4,745.9,5.0,Indian monsoon season port slowdown,1086.0,33.8
2024-09-23,"Richards Bay, South Africa - Kolkata",Coking Coal,Supramax,58776,5292.9,891.1,733.4,4.2,Indian monsoon season port slowdown,946.0,28.39
2024-09-23,"Saldanha Bay, South Africa - Kolkata",Iron Ore,Panamax,68094,6171.5,1344.1,729.0,5.0,Indian monsoon season port slowdown,1433.0,34.94
2024-09-23,"Samarinda, Indonesia - Haldia",Thermal Coal,Handysize,37952,2560.1,1047.4,726.3,4.1,Indian monsoon season port slowdown,1130.0,14.14
2024-09-23,"Taboneo, Indonesia - Visakhapatnam",Thermal Coal,Handysize,39408,2652.9,1047.4,731.2,4.1,Indian monsoon season port slowdown,1162.0,17.2
2024-09-23,"Vancouver, Canada - Paradip",Coking Coal,Supramax,48427,7484.8,891.1,737.0,7.1,Indian monsoon season port slowdown,837.0,39.73
2024-09-23,"Vancouver, Canada - Visakhapatnam",Coking Coal,Supramax,51622,7730.4,891.1,737.5,5.6,Indian monsoon season port slowdown,1068.0,41.71
2024-09-30,"Abbot Point, Australia - Gangavaram",Coal,Panamax,67317,5235.8,1592.2,715.8,5.7,Indian monsoon season port slowdown,1839.0,31.87
2024-09-30,"Abbot Point, Australia - Kolkata",Coal,Supramax,57390,5114.5,827.8,737.8,3.7,Indian monsoon season port slowdown,956.0,23.45
2024-09-30,"Dampier, Australia - Kolkata",Iron Ore,Panamax,76668,3635.9,1592.2,728.8,3.6,Indian monsoon season port slowdown,1633.0,23.92
2024-09-30,"Saldanha Bay, South Africa - Paradip",Iron Ore,Panamax,80330,5982.9,1592.2,719.8,4.2,Indian monsoon season port slowdown,1915.0,36.11
2024-09-30,"Taboneo, Indonesia - Gangavaram",Thermal Coal,Handysize,34316,2655.0,1138.9,742.0,6.9,Indian monsoon season port slowdown,1161.0,17.3
2024-10-07,"Dampier, Australia - Haldia",Iron Ore,Panamax,88077,3608.6,1773.9,728.8,2.6,None,1731.0,22.57
2024-10-07,"Dampier, Australia - Kolkata",Iron Ore,Panamax,83056,3635.9,1773.9,720.1,4.5,None,1868.0,23.34
2024-10-07,"Dampier, Australia - Paradip",Iron Ore,Capesize,205207,3570.5,1738.5,740.9,2.9,None,1948.0,19.34
2024-10-07,"Durban, South Africa - Kolkata",Coal,Handysize,29339,5384.9,1136.4,734.2,4.3,None,1121.0,33.26
2024-10-07,"Gladstone, Australia - Visakhapatnam",Coal,Panamax,68229,5537.2,1773.9,698.3,0.6,None,1721.0,30.98
2024-10-07,"Nacala, Mozambique - Paradip",Coking Coal,Handysize,36955,4041.9,1136.4,725.4,3.2,None,1126.0,25.08
2024-10-07,"Ponta da Madeira, Brazil - Haldia",Iron Ore,Panamax,74542,9206.8,1773.9,758.6,1.5,None,1919.0,59.85
2024-10-07,"Richards Bay, South Africa - Gangavaram",Coking Coal,Supramax,54063,4804.0,865.4,726.1,4.0,None,898.0,22.47
2024-10-07,"Saldanha Bay, South Africa - Kolkata",Iron Ore,Panamax,88075,6171.5,1773.9,738.9,3.1,None,1803.0,36.2
2024-10-07,"Taboneo, Indonesia - Kolkata",Thermal Coal,Panamax,70759,2594.2,1773.9,728.2,1.4,None,1651.0,15.97
2024-10-07,"Taboneo, Indonesia - Paradip",Thermal Coal,Handysize,34788,2575.5,1136.4,750.9,3.2,None,1152.0,15.66
2024-10-07,"Tubarao, Brazil - Kolkata",Iron Ore,Panamax,65361,9369.5,1773.9,704.9,0.0,None,1680.0,58.01
2024-10-14,"Hay Point, Australia - Paradip",Coking Coal,Handysize,34788,5246.5,1086.2,709.9,3.0,None,1229.0,32.34
2024-10-14,"Hay Point, Australia - Visakhapatnam",Coking Coal,Supramax,60173,5348.2,956.4,731.1,0.0,None,1006.0,27.8
2024-10-14,"Newcastle, Australia - Ennore",Thermal Coal,Panamax,85416,5823.9,1753.3,732.6,2.0,None,1684.0,36.67
2024-10-14,"Newcastle, Australia - Gangavaram",Thermal Coal,Panamax,84800,5850.9,1753.3,726.9,2.6,None,1931.0,35.57
2024-10-14,"Newcastle, Australia - Haldia",Thermal Coal,Panamax,80092,5795.2,1753.3,711.6,2.8,None,1738.0,32.5
2024-10-14,"Norfolk, USA - Visakhapatnam",Coking Coal,Handysize,35805,8657.5,1086.2,708.5,0.8,None,1179.0,50.58
2024-10-14,"Ponta da Madeira, Brazil - Gangavaram",Iron Ore,Capesize,190092,8959.2,1603.1,704.9,2.3,None,1505.0,47.74
2024-10-14,"Ponta da Madeira, Brazil - Kolkata",Iron Ore,Capesize,179282,9207.4,1603.1,732.0,0.0,None,1702.0,46.8
2024-10-14,"Samarinda, Indonesia - Gangavaram",Thermal Coal,Supramax,49947,2689.0,956.4,730.9,2.8,None,955.0,14.81
2024-10-14,"Samarinda, Indonesia - Visakhapatnam",Thermal Coal,Supramax,50849,2685.9,956.4,715.6,0.0,None,923.0,14.23
2024-10-14,"Vale do Rio Doce, Brazil - Paradip",Iron Ore,Panamax,81602,9380.1,1753.3,716.8,4.3,None,1640.0,58.15
2024-10-14,"Vancouver, Canada - Haldia",Coking Coal,Supramax,59059,7337.7,956.4,731.9,2.0,None,1013.0,34.32
2024-10-21,"Abbot Point, Australia - Gangavaram",Coal,Handysize,28989,5235.8,1017.1,722.2,2.6,None,1061.0,32.33
2024-10-21,"Abbot Point, Australia - Visakhapatnam",Coal,Supramax,51827,5233.1,923.1,722.9,1.7,None,811.0,27.94
2024-10-21,"Dampier, Australia - Gangavaram",Iron Ore,Panamax,76274,3569.6,1545.5,730.1,2.4,None,1550.0,20.65
2024-10-21,"Gladstone, Australia - Haldia",Coal,Panamax,66776,5423.2,1545.5,730.7,1.2,None,1596.0,31.97
2024-10-21,"Hay Point, Australia - Paradip",Coking Coal,Panamax,83056,5246.5,1545.5,729.9,2.4,None,1666.0,29.14
2024-10-21,"Newcastle, Australia - Kolkata",Thermal Coal,Supramax,49180,5812.9,923.1,697.5,2.1,None,852.0,31.14
2024-10-21,"Newcastle, Australia - Paradip",Thermal Coal,Panamax,78492,5793.4,1545.5,699.4,1.6,None,1525.0,32.23
2024-10-21,"Newcastle, Australia - Visakhapatnam",Thermal Coal,Supramax,49107,5849.9,923.1,691.1,0.6,None,911.0,26.42
2024-10-21,"Norfolk, USA - Gangavaram",Coking Coal,Panamax,86889,8662.0,1545.5,692.1,1.6,None,1825.0,51.24
2024-10-21,"Richards Bay, South Africa - Haldia",Coking Coal,Supramax,61224,5255.1,923.1,731.2,1.5,None,805.0,26.64
2024-10-21,"Saldanha Bay, South Africa - Ennore",Iron Ore,Capesize,190035,5338.7,1559.3,743.2,1.5,None,1485.0,28.45
2024-10-21,"Samarinda, Indonesia - Paradip",Thermal Coal,Supramax,52486,2577.8,923.1,713.2,1.5,None,860.0,12.8
2024-10-21,"Samarinda, Indonesia - Visakhapatnam",Thermal Coal,Handysize,32690,2685.9,1017.1,727.6,2.5,None,1050.0,16.98
2024-10-21,"Taboneo, Indonesia - Visakhapatnam",Thermal Coal,Panamax,86668,2652.9,1545.5,709.2,0.4,None,1527.0,15.1
2024-10-21,"Vale do Rio Doce, Brazil - Ennore",Iron Ore,Capesize,185131,8858.1,1559.3,711.6,0.8,None,1415.0,41.69
2024-10-21,"Vale do Rio Doce, Brazil - Kolkata",Iron Ore,Capesize,165109,9512.7,1559.3,717.5,0.0,None,1449.0,49.47
2024-10-21,"Vancouver, Canada - Gangavaram",Coking Coal,Supramax,58937,7739.2,923.1,721.5,6.4,None,886.0,39.49
2024-10-28,"Abbot Point, Australia - Kolkata",Coal,Supramax,57010,5114.5,924.5,747.5,0.4,None,821.0,26.31
2024-10-28,"Gladstone, Australia - Visakhapatnam",Coal,Handysize,39453,5537.2,1031.6,729.3,0.3,None,983.0,32.88
2024-10-28,"Hay Point, Australia - Ennore",Coking Coal,Handysize,34284,5386.7,1031.6,748.4,2.4,None,1033.0,32.8
2024-10-28,"Newcastle, Australia - Gangavaram",Thermal Coal,Supramax,59856,5850.9,924.5,691.7,3.1,None,929.0,29.06
2024-10-28,"Norfolk, USA - Haldia",Coking Coal,Supramax,48374,8458.2,924.5,734.6,1.2,None,911.0,42.81
2024-10-28,"Norfolk, USA - Visakhapatnam",Coking Coal,Panamax,77369,8657.5,1542.7,729.7,3.3,None,1534.0,50.99
2024-10-28,"Ponta da Madeira, Brazil - Kolkata",Iron Ore,Panamax,86947,9207.4,1542.7,734.9,0.9,None,1440.0,54.04
2024-10-28,"Saldanha Bay, South Africa - Paradip",Iron Ore,Panamax,78832,5982.9,1542.7,711.7,2.2,None,1579.0,36.8
2024-10-28,"Samarinda, Indonesia - Kolkata",Thermal Coal,Handysize,35374,2573.8,1031.6,739.8,3.0,None,1030.0,13.79
2024-10-28,"Taboneo, Indonesia - Paradip",Thermal Coal,Panamax,71126,2575.5,1542.7,724.5,1.4,None,1593.0,15.35
2024-10-28,"Vale do Rio Doce, Brazil - Ennore",Iron Ore,Capesize,188366,8858.1,1545.7,730.3,1.8,None,1363.0,45.28
2024-10-28,"Vale do Rio Doce, Brazil - Visakhapatnam",Iron Ore,Capesize,176235,9129.7,1545.7,707.5,2.2,None,1622.0,45.78
2024-10-28,"Vancouver, Canada - Haldia",Coking Coal,Supramax,56867,7337.7,924.5,735.4,2.5,None,833.0,37.14
2024-11-04,"Abbot Point, Australia - Ennore",Coal,Supramax,57357,5277.3,839.8,732.8,3.4,None,759.0,27.08
2024-11-04,"Dampier, Australia - Paradip",Iron Ore,Panamax,82509,3570.5,1553.9,753.7,1.5,None,1736.0,22.13
2024-11-04,"Gladstone, Australia - Gangavaram",Coal,Supramax,52503,5539.5,839.8,737.1,0.8,None,904.0,26.98
2024-11-04,"Gladstone, Australia - Visakhapatnam",Coal,Handysize,28933,5537.2,1020.2,745.0,2.2,None,1027.0,34.98
2024-11-04,"Hay Point, Australia - Paradip",Coking Coal,Supramax,59881,5246.5,839.8,722.8,4.6,None,758.0,26.49
2024-11-04,"Hay Point, Australia - Visakhapatnam",Coking Coal,Panamax,65142,5348.2,1553.9,746.7,2.2,None,1501.0,32.69
2024-11-04,"Nacala, Mozambique - Ennore",Coking Coal,Supramax,53745,3410.6,839.8,720.4,0.7,None,812.0,16.47
2024-11-04,"Nacala, Mozambique - Paradip",Coking Coal,Panamax,76379,4041.9,1553.9,740.0,0.0,None,1588.0,24.02
2024-11-04,"Ponta da Madeira, Brazil - Kolkata",Iron Ore,Capesize,170068,9207.4,1466.5,718.8,0.9,None,1541.0,43.93
2024-11-04,"Richards Bay, South Africa - Haldia",Coking Coal,Supramax,53008,5255.1,839.8,744.8,2.2,None,786.0,24.9
2024-11-04,"Richards Bay, South Africa - Visakhapatnam",Coking Coal,Handysize,32662,4813.7,1020.2,705.9,1.9,None,1052.0,29.46
2024-11-04,"Saldanha Bay, South Africa - Gangavaram",Iron Ore,Panamax,72706,5685.5,1553.9,735.6,1.3,None,1545.0,34.65
2024-11-04,"Saldanha Bay, South Africa - Visakhapatnam",Iron Ore,Capesize,184053,5695.2,1466.5,749.4,3.1,None,1470.0,30.59
2024-11-04,"Samarinda, Indonesia - Haldia",Thermal Coal,Handysize,36556,2560.1,1020.2,756.9,2.4,None,1137.0,15.27
2024-11-04,"Samarinda, Indonesia - Visakhapatnam",Thermal Coal,Panamax,86755,2685.9,1553.9,743.2,1.4,None,1498.0,14.9
2024-11-04,"Taboneo, Indonesia - Gangavaram",Thermal Coal,Panamax,89816,2655.0,1553.9,715.6,4.0,None,1805.0,16.77
2024-11-04,"Taboneo, Indonesia - Haldia",Thermal Coal,Supramax,61848,2575.7,839.8,710.1,2.9,None,750.0,13.72
2024-11-04,"Taboneo, Indonesia - Kolkata",Thermal Coal,Handysize,29330,2594.2,1020.2,751.9,0.1,None,899.0,14.38
2024-11-04,"Taboneo, Indonesia - Visakhapatnam",Thermal Coal,Supramax,53803,2652.9,839.8,733.8,1.5,None,777.0,13.95
2024-11-11,"Abbot Point, Australia - Visakhapatnam",Coal,Handysize,38239,5233.1,1018.3,770.1,2.6,None,951.0,27.91
2024-11-11,"Dampier, Australia - Haldia",Iron Ore,Panamax,77235,3608.6,1351.3,785.8,2.4,None,1271.0,19.73
2024-11-11,"Gladstone, Australia - Haldia",Coal,Handysize,30653,5423.2,1018.3,787.2,1.8,None,1006.0,32.82
2024-11-11,"Hay Point, Australia - Gangavaram",Coking Coal,Panamax,74136,5350.8,1351.3,765.2,0.4,None,1393.0,30.09
2024-11-11,"Hay Point, Australia - Visakhapatnam",Coking Coal,Supramax,53961,5348.2,1032.4,728.6,1.6,None,1043.0,28.82
2024-11-11,"Norfolk, USA - Kolkata",Coking Coal,Panamax,79201,8420.2,1351.3,774.6,3.5,None,1404.0,50.66
2024-11-11,"Norfolk, USA - Visakhapatnam",Coking Coal,Supramax,59946,8657.5,1032.4,748.3,2.3,None,936.0,48.94
2024-11-11,"Richards Bay, South Africa - Ennore",Coking Coal,Supramax,60836,4452.0,1032.4,737.6,1.9,None,1063.0,26.02
2024-11-11,"Richards Bay, South Africa - Visakhapatnam",Coking Coal,Handysize,39520,4813.7,1018.3,736.3,2.9,None,1033.0,26.92
2024-11-11,"Saldanha Bay, South Africa - Gangavaram",Iron Ore,Panamax,67471,5685.5,1351.3,753.7,0.8,None,1564.0,32.15
2024-11-11,"Saldanha Bay, South Africa - Haldia",Iron Ore,Capesize,172199,6135.1,1454.8,769.8,2.3,None,1412.0,30.96
2024-11-11,"Saldanha Bay, South Africa - Visakhapatnam",Iron Ore,Capesize,181437,5695.2,1454.8,791.0,3.1,None,1621.0,29.59
2024-11-11,"Taboneo, Indonesia - Haldia",Thermal Coal,Panamax,76893,2575.7,1351.3,728.4,0.9,None,1312.0,15.03
2024-11-11,"Tubarao, Brazil - Haldia",Iron Ore,Panamax,67929,9350.8,1351.3,749.0,2.1,None,1271.0,51.18
2024-11-11,"Vale do Rio Doce, Brazil - Haldia",Iron Ore,Capesize,160160,9494.8,1454.8,729.0,2.6,None,1412.0,45.55
2024-11-11,"Vancouver, Canada - Gangavaram",Coking Coal,Handysize,35642,7739.2,1018.3,753.5,2.6,None,1015.0,45.88
2024-11-11,"Vancouver, Canada - Haldia",Coking Coal,Panamax,76097,7337.7,1351.3,747.2,0.7,None,1282.0,38.73
2024-11-18,"Abbot Point, Australia - Gangavaram",Coal,Handysize,30840,5235.8,1022.9,746.7,1.8,None,1002.0,29.28
2024-11-18,"Abbot Point, Australia - Paradip",Coal,Handysize,36918,5127.9,1022.9,757.6,2.6,None,934.0,32.33
2024-11-18,"Dampier, Australia - Paradip",Iron Ore,Panamax,70010,3570.5,1368.5,709.1,1.7,None,1396.0,18.49
2024-11-18,"Durban, South Africa - Haldia",Coal,Supramax,53229,5347.0,1076.7,750.0,1.3,None,1119.0,28.59
2024-11-18,"Durban, South Africa - Kolkata",Coal,Supramax,48980,5384.9,1076.7,767.6,2.8,None,1032.0,28.99
2024-11-18,"Gladstone, Australia - Gangavaram",Coal,Supramax,53424,5539.5,1076.7,753.3,2.9,None,1234.0,28.64
2024-11-18,"Hay Point, Australia - Kolkata",Coking Coal,Supramax,56974,5235.2,1076.7,766.6,0.7,None,1050.0,28.37
2024-11-18,"Ponta da Madeira, Brazil - Ennore",Iron Ore,Capesize,190652,8806.3,1292.8,743.0,0.3,None,1236.0,43.57
2024-11-18,"Richards Bay, South Africa - Haldia",Coking Coal,Panamax,68569,5255.1,1368.5,746.5,4.5,None,1263.0,30.6
2024-11-18,"Taboneo, Indonesia - Paradip",Thermal Coal,Panamax,69702,2575.5,1368.5,756.3,0.4,None,1364.0,15.35
2024-11-18,"Vancouver, Canada - Gangavaram",Coking Coal,Panamax,85382,7739.2,1368.5,747.3,0.8,None,1202.0,43.81
2024-11-25,"Abbot Point, Australia - Ennore",Coal,Supramax,52483,5277.3,1149.0,746.4,1.7,None,1107.0,32.25
2024-11-25,"Dampier, Australia - Gangavaram",Iron Ore,Capesize,192399,3569.6,1321.7,739.5,2.9,None,1284.0,16.71
2024-11-25,"Durban, South Africa - Gangavaram",Coal,Supramax,48176,4895.8,1149.0,757.3,1.3,None,1196.0,28.8
2024-11-25,"Durban, South Africa - Paradip",Coal,Panamax,77937,5193.0,1360.4,747.6,2.6,None,1285.0,31.67
2024-11-25,"Hay Point, Australia - Ennore",Coking Coal,Panamax,82796,5386.7,1360.4,757.3,1.8,None,1349.0,31.48
2024-11-25,"Hay Point, Australia - Gangavaram",Coking Coal,Handysize,33630,5350.8,945.6,720.5,1.3,None,983.0,31.59
2024-11-25,"Nacala, Mozambique - Haldia",Coking Coal,Panamax,68012,4191.3,1360.4,772.3,1.1,None,1257.0,25.84
2024-11-25,"Newcastle, Australia - Visakhapatnam",Thermal Coal,Panamax,78017,5849.9,1360.4,735.9,0.1,None,1311.0,32.47
2024-11-25,"Norfolk, USA - Ennore",Coking Coal,Supramax,56027,8874.7,1149.0,737.3,4.1,None,1201.0,48.84
2024-11-25,"Ponta da Madeira, Brazil - Haldia",Iron Ore,Panamax,86135,9206.8,1360.4,752.6,3.7,None,1601.0,52.22
2024-11-25,"Ponta da Madeira, Brazil - Visakhapatnam",Iron Ore,Capesize,164828,8964.6,1321.7,751.9,1.4,None,1528.0,44.34
2024-11-25,"Richards Bay, South Africa - Ennore",Coking Coal,Panamax,83111,4452.0,1360.4,748.8,1.8,None,1347.0,23.56
2024-11-25,"Tubarao, Brazil - Gangavaram",Iron Ore,Capesize,208346,8973.4,1321.7,747.7,1.1,None,1363.0,41.52
2024-11-25,"Vale do Rio Doce, Brazil - Gangavaram",Iron Ore,Capesize,186943,9121.7,1321.7,725.0,0.0,None,1481.0,46.3
2024-12-02,"Durban, South Africa - Kolkata",Coal,Panamax,67060,5384.9,1299.9,730.1,4.1,None,1263.0,28.24
2024-12-02,"Durban, South Africa - Paradip",Coal,Supramax,58997,5193.0,1202.6,713.5,1.3,None,1235.0,28.11
2024-12-02,"Gladstone, Australia - Kolkata",Coal,Handysize,31445,5435.4,994.7,724.5,3.7,None,1057.0,32.29
2024-12-02,"Hay Point, Australia - Gangavaram",Coking Coal,Panamax,72889,5350.8,1299.9,709.1,1.1,None,1289.0,29.2
2024-12-02,"Hay Point, Australia - Paradip",Coking Coal,Supramax,56480,5246.5,1202.6,735.5,1.4,None,1122.0,28.43
2024-12-02,"Nacala, Mozambique - Gangavaram",Coking Coal,Panamax,67113,3745.9,1299.9,725.3,1.7,None,1385.0,18.9
2024-12-02,"Newcastle, Australia - Ennore",Thermal Coal,Supramax,57310,5823.9,1202.6,728.1,3.2,None,1097.0,31.44
2024-12-02,"Ponta da Madeira, Brazil - Gangavaram",Iron Ore,Panamax,84978,8959.2,1299.9,756.0,1.3,None,1374.0,46.3
2024-12-02,"Ponta da Madeira, Brazil - Haldia",Iron Ore,Panamax,67670,9206.8,1299.9,722.2,1.3,None,1187.0,48.22
2024-12-02,"Ponta da Madeira, Brazil - Kolkata",Iron Ore,Capesize,208725,9207.4,1132.9,743.9,1.4,None,1191.0,42.36
2024-12-02,"Saldanha Bay, South Africa - Ennore",Iron Ore,Capesize,187411,5338.7,1132.9,719.5,1.4,None,1157.0,25.13
2024-12-02,"Saldanha Bay, South Africa - Paradip",Iron Ore,Panamax,81440,5982.9,1299.9,708.3,0.0,None,1431.0,31.97
2024-12-02,"Saldanha Bay, South Africa - Visakhapatnam",Iron Ore,Panamax,77156,5695.2,1299.9,743.1,1.5,None,1244.0,32.65
2024-12-02,"Samarinda, Indonesia - Ennore",Thermal Coal,Panamax,78082,2762.6,1299.9,705.2,0.7,None,1201.0,14.78
2024-12-02,"Tubarao, Brazil - Ennore",Iron Ore,Capesize,178510,8706.6,1132.9,743.6,3.0,None,1105.0,39.4
2024-12-02,"Tubarao, Brazil - Haldia",Iron Ore,Capesize,176829,9350.8,1132.9,733.7,3.7,None,1252.0,40.48
2024-12-02,"Tubarao, Brazil - Visakhapatnam",Iron Ore,Capesize,163960,8981.5,1132.9,751.8,2.5,None,1182.0,40.31
2024-12-02,"Vale do Rio Doce, Brazil - Paradip",Iron Ore,Panamax,89373,9380.1,1299.9,738.4,2.4,None,1299.0,50.59
2024-12-09,"Abbot Point, Australia - Visakhapatnam",Coal,Panamax,69940,5233.1,1368.3,741.0,2.6,None,1323.0,30.32
2024-12-09,"Dampier, Australia - Gangavaram",Iron Ore,Panamax,77895,3569.6,1368.3,732.7,1.3,None,1283.0,19.83
2024-12-09,"Dampier, Australia - Paradip",Iron Ore,Panamax,66030,3570.5,1368.3,775.3,1.2,None,1373.0,19.93
2024-12-09,"Durban, South Africa - Kolkata",Coal,Panamax,87280,5384.9,1368.3,738.4,1.7,None,1225.0,31.41
2024-12-09,"Gladstone, Australia - Gangavaram",Coal,Supramax,51338,5539.5,1273.9,747.2,1.4,None,1183.0,28.8
2024-12-09,"Hay Point, Australia - Gangavaram",Coking Coal,Panamax,72023,5350.8,1368.3,755.1,1.1,None,1247.0,27.83
2024-12-09,"Norfolk, USA - Visakhapatnam",Coking Coal,Panamax,80818,8657.5,1368.3,762.0,2.4,None,1321.0,51.04
2024-12-09,"Ponta da Madeira, Brazil - Gangavaram",Iron Ore,Capesize,156282,8959.2,1141.6,733.0,3.0,None,1163.0,38.97
2024-12-09,"Saldanha Bay, South Africa - Paradip",Iron Ore,Capesize,189683,5982.9,1141.6,724.2,5.8,None,1049.0,25.96
2024-12-09,"Samarinda, Indonesia - Gangavaram",Thermal Coal,Handysize,31216,2689.0,1012.2,743.8,1.4,None,993.0,15.89
2024-12-09,"Samarinda, Indonesia - Paradip",Thermal Coal,Panamax,76958,2577.8,1368.3,749.8,3.4,None,1270.0,14.33
2024-12-09,"Taboneo, Indonesia - Kolkata",Thermal Coal,Supramax,51360,2594.2,1273.9,760.0,2.5,None,1258.0,16.37
2024-12-09,"Tubarao, Brazil - Ennore",Iron Ore,Panamax,69378,8706.6,1368.3,753.9,0.0,None,1483.0,47.41
2024-12-09,"Vale do Rio Doce, Brazil - Gangavaram",Iron Ore,Panamax,65681,9121.7,1368.3,757.9,4.7,None,1420.0,50.55
2024-12-09,"Vancouver, Canada - Ennore",Coking Coal,Supramax,55736,8088.7,1273.9,739.9,0.8,None,1262.0,47.84
2024-12-09,"Vancouver, Canada - Visakhapatnam",Coking Coal,Panamax,74046,7730.4,1368.3,724.5,0.0,None,1353.0,44.4
2024-12-16,"Abbot Point, Australia - Ennore",Coal,Supramax,53484,5277.3,1320.2,768.8,1.0,None,1415.0,30.04
2024-12-16,"Dampier, Australia - Kolkata",Iron Ore,Capesize,183672,3635.9,1257.0,794.4,0.0,None,1258.0,16.55
2024-12-16,"Dampier, Australia - Paradip",Iron Ore,Capesize,172727,3570.5,1257.0,776.8,3.7,None,1206.0,17.3
2024-12-16,"Durban, South Africa - Gangavaram",Coal,Panamax,88438,4895.8,1468.7,809.7,2.6,None,1584.0,29.55
2024-12-16,"Durban, South Africa - Visakhapatnam",Coal,Panamax,78957,4905.5,1468.7,786.2,1.8,None,1398.0,29.73
2024-12-16,"Hay Point, Australia - Ennore",Coking Coal,Panamax,85492,5386.7,1468.7,751.7,0.0,None,1755.0,32.77
2024-12-16,"Hay Point, Australia - Gangavaram",Coking Coal,Supramax,48376,5350.8,1320.2,781.7,1.7,None,1294.0,32.52
2024-12-16,"Hay Point, Australia - Paradip",Coking Coal,Handysize,39321,5246.5,1012.3,781.1,0.0,None,926.0,31.14
2024-12-16,"Nacala, Mozambique - Haldia",Coking Coal,Panamax,73915,4191.3,1468.7,773.3,0.0,None,1536.0,23.94
2024-12-16,"Newcastle, Australia - Visakhapatnam",Thermal Coal,Supramax,52534,5849.9,1320.2,766.2,2.2,None,1312.0,33.59
2024-12-16,"Ponta da Madeira, Brazil - Ennore",Iron Ore,Capesize,159382,8806.3,1257.0,779.7,4.5,None,1161.0,42.22
2024-12-16,"Ponta da Madeira, Brazil - Haldia",Iron Ore,Capesize,170589,9206.8,1257.0,786.9,3.9,None,1386.0,46.36
2024-12-16,"Saldanha Bay, South Africa - Haldia",Iron Ore,Panamax,86925,6135.1,1468.7,785.6,0.0,None,1370.0,38.48
2024-12-16,"Samarinda, Indonesia - Ennore",Thermal Coal,Handysize,36004,2762.6,1012.3,758.8,3.3,None,1073.0,17.37
2024-12-16,"Samarinda, Indonesia - Gangavaram",Thermal Coal,Supramax,61509,2689.0,1320.2,786.1,0.5,None,1164.0,16.66
2024-12-16,"Samarinda, Indonesia - Haldia",Thermal Coal,Panamax,85980,2560.1,1468.7,777.5,1.4,None,1420.0,16.89
2024-12-16,"Taboneo, Indonesia - Visakhapatnam",Thermal Coal,Panamax,86350,2652.9,1468.7,785.6,4.2,None,1553.0,16.32
2024-12-16,"Tubarao, Brazil - Ennore",Iron Ore,Capesize,204528,8706.6,1257.0,794.8,0.0,None,1143.0,42.91
2024-12-16,"Vale do Rio Doce, Brazil - Ennore",Iron Ore,Panamax,65383,8858.1,1468.7,789.3,0.3,None,1387.0,57.48
2024-12-16,"Vancouver, Canada - Gangavaram",Coking Coal,Handysize,30975,7739.2,1012.3,766.7,3.1,None,1053.0,47.33
2024-12-16,"Vancouver, Canada - Kolkata",Coking Coal,Supramax,51669,7293.3,1320.2,791.5,1.0,None,1215.0,49.97
2024-12-23,"Dampier, Australia - Haldia",Iron Ore,Capesize,164573,3608.6,1416.4,784.8,0.8,None,1334.0,17.81
2024-12-23,"Dampier, Australia - Visakhapatnam",Iron Ore,Capesize,203767,3570.3,1416.4,790.5,2.7,None,1332.0,18.22
2024-12-23,"Gladstone, Australia - Paradip",Coal,Panamax,77049,5442.2,1431.9,800.1,0.0,None,1353.0,32.73
2024-12-23,"Hay Point, Australia - Gangavaram",Coking Coal,Panamax,65736,5350.8,1431.9,790.8,0.7,None,1713.0,32.57
2024-12-23,"Hay Point, Australia - Visakhapatnam",Coking Coal,Supramax,60231,5348.2,1299.1,799.3,2.7,None,1335.0,31.72
2024-12-23,"Newcastle, Australia - Ennore",Thermal Coal,Panamax,67760,5823.9,1431.9,773.5,2.3,None,1364.0,34.94
2024-12-23,"Newcastle, Australia - Gangavaram",Thermal Coal,Supramax,56504,5850.9,1299.1,814.9,1.0,None,1228.0,37.23
2024-12-23,"Norfolk, USA - Visakhapatnam",Coking Coal,Handysize,36080,8657.5,1029.2,794.2,1.7,None,987.0,52.81
2024-12-23,"Taboneo, Indonesia - Paradip",Thermal Coal,Supramax,55310,2575.5,1299.1,772.4,0.8,None,1285.0,15.55
2024-12-23,"Taboneo, Indonesia - Visakhapatnam",Thermal Coal,Handysize,39867,2652.9,1029.2,794.6,0.0,None,1030.0,16.71
2024-12-23,"Vale do Rio Doce, Brazil - Haldia",Iron Ore,Capesize,198509,9494.8,1416.4,771.8,0.6,None,1418.0,51.06
2024-12-23,"Vancouver, Canada - Gangavaram",Coking Coal,Handysize,31072,7739.2,1029.2,795.2,2.3,None,1037.0,48.88
2024-12-30,"Durban, South Africa - Visakhapatnam",Coal,Panamax,66548,4905.5,1460.6,812.1,0.2,None,1623.0,28.53
2024-12-30,"Gladstone, Australia - Ennore",Coal,Handysize,35601,5565.0,1083.7,814.8,2.2,None,970.0,34.86
2024-12-30,"Newcastle, Australia - Paradip",Thermal Coal,Handysize,35275,5793.4,1083.7,808.6,0.6,None,1141.0,37.59
2024-12-30,"Newcastle, Australia - Visakhapatnam",Thermal Coal,Handysize,38189,5849.9,1083.7,827.2,0.0,None,1020.0,39.13
2024-12-30,"Norfolk, USA - Ennore",Coking Coal,Panamax,82128,8874.7,1460.6,821.1,1.5,None,1503.0,55.56
2024-12-30,"Norfolk, USA - Visakhapatnam",Coking Coal,Supramax,52272,8657.5,1354.2,778.9,4.4,None,1348.0,57.08
2024-12-30,"Ponta da Madeira, Brazil - Ennore",Iron Ore,Panamax,66796,8806.3,1460.6,841.9,0.5,None,1533.0,57.69
2024-12-30,"Saldanha Bay, South Africa - Ennore",Iron Ore,Panamax,70432,5338.7,1460.6,824.3,0.0,None,1473.0,32.58
2024-12-30,"Saldanha Bay, South Africa - Paradip",Iron Ore,Panamax,81575,5982.9,1460.6,811.4,0.6,None,1680.0,38.57
2024-12-30,"Saldanha Bay, South Africa - Visakhapatnam",Iron Ore,Panamax,81934,5695.2,1460.6,783.8,2.0,None,1591.0,36.01
2024-12-30,"Vale do Rio Doce, Brazil - Paradip",Iron Ore,Capesize,187200,9380.1,1645.6,843.2,1.4,None,1833.0,50.96
2025-01-06,"Dampier, Australia - Ennore",Iron Ore,Panamax,73708,3491.8,1408.8,812.7,4.6,None,1489.0,21.43
2025-01-06,"Gladstone, Australia - Gangavaram",Coal,Supramax,58298,5539.5,1361.2,796.6,3.0,None,1320.0,32.92
2025-01-06,"Nacala, Mozambique - Visakhapatnam",Coking Coal,Panamax,65749,3755.5,1408.8,847.7,3.5,None,1233.0,23.43
2025-01-06,"Newcastle, Australia - Gangavaram",Thermal Coal,Panamax,70426,5850.9,1408.8,826.2,0.0,None,1427.0,35.58
2025-01-06,"Newcastle, Australia - Kolkata",Thermal Coal,Handysize,38986,5812.9,1088.6,817.8,2.0,None,1038.0,39.36
2025-01-06,"Newcastle, Australia - Visakhapatnam",Thermal Coal,Panamax,88331,5849.9,1408.8,866.6,1.6,None,1464.0,35.66
2025-01-06,"Ponta da Madeira, Brazil - Gangavaram",Iron Ore,Capesize,153345,8959.2,1475.5,826.5,0.8,None,1441.0,50.26
2025-01-06,"Ponta da Madeira, Brazil - Kolkata",Iron Ore,Panamax,78382,9207.4,1408.8,787.4,1.7,None,1325.0,53.46
2025-01-06,"Saldanha Bay, South Africa - Gangavaram",Iron Ore,Panamax,82400,5685.5,1408.8,796.1,2.8,None,1366.0,34.37
2025-01-06,"Samarinda, Indonesia - Kolkata",Thermal Coal,Supramax,57806,2573.8,1361.2,840.1,2.7,None,1331.0,16.09
2025-01-06,"Taboneo, Indonesia - Gangavaram",Thermal Coal,Supramax,51860,2655.0,1361.2,812.7,1.7,None,1351.0,16.68
2025-01-06,"Tubarao, Brazil - Ennore",Iron Ore,Capesize,175368,8706.6,1475.5,817.6,1.9,None,1398.0,45.73
2025-01-06,"Tubarao, Brazil - Haldia",Iron Ore,Capesize,188056,9350.8,1475.5,813.2,0.5,None,1386.0,49.44
2025-01-06,"Vale do Rio Doce, Brazil - Kolkata",Iron Ore,Panamax,73792,9512.7,1408.8,835.1,2.9,None,1360.0,59.94
2025-01-06,"Vale do Rio Doce, Brazil - Paradip",Iron Ore,Panamax,72802,9380.1,1408.8,827.0,2.4,None,1497.0,59.5
2025-01-06,"Vancouver, Canada - Paradip",Coking Coal,Supramax,56134,7484.8,1361.2,808.4,0.6,None,1233.0,45.26
2025-01-13,"Dampier, Australia - Gangavaram",Iron Ore,Capesize,175606,3569.6,1588.2,790.9,3.2,None,1625.0,19.17
2025-01-13,"Dampier, Australia - Visakhapatnam",Iron Ore,Panamax,80546,3570.3,1346.8,829.2,1.1,None,1243.0,21.57
2025-01-13,"Durban, South Africa - Kolkata",Coal,Handysize,39087,5384.9,1043.7,804.1,1.8,None,1061.0,32.87
2025-01-13,"Gladstone, Australia - Ennore",Coal,Supramax,54300,5565.0,1453.1,786.0,2.6,None,1478.0,35.01
2025-01-13,"Gladstone, Australia - Kolkata",Coal,Handysize,38237,5435.4,1043.7,802.2,2.3,None,1106.0,37.65
2025-01-13,"Hay Point, Australia - Kolkata",Coking Coal,Panamax,85221,5235.2,1346.8,781.4,1.0,None,1278.0,30.05
2025-01-13,"Nacala, Mozambique - Gangavaram",Coking Coal,Supramax,50645,3745.9,1453.1,779.2,3.2,None,1647.0,26.04
2025-01-13,"Nacala, Mozambique - Kolkata",Coking Coal,Panamax,85918,4225.9,1346.8,804.0,1.1,None,1209.0,24.73
2025-01-13,"Norfolk, USA - Kolkata",Coking Coal,Handysize,33585,8420.2,1043.7,792.1,2.9,None,917.0,51.6
2025-01-13,"Norfolk, USA - Visakhapatnam",Coking Coal,Panamax,85683,8657.5,1346.8,791.5,1.8,None,1519.0,48.18
2025-01-13,"Ponta da Madeira, Brazil - Kolkata",Iron Ore,Panamax,77858,9207.4,1346.8,796.5,2.7,None,1398.0,53.89
2025-01-13,"Richards Bay, South Africa - Kolkata",Coking Coal,Supramax,51931,5292.9,1453.1,800.1,1.2,None,1507.0,36.44
2025-01-13,"Samarinda, Indonesia - Ennore",Thermal Coal,Handysize,29795,2762.6,1043.7,793.9,2.2,None,834.0,17.67
2025-01-13,"Samarinda, Indonesia - Gangavaram",Thermal Coal,Handysize,31359,2689.0,1043.7,809.0,4.3,None,1119.0,15.91
2025-01-13,"Samarinda, Indonesia - Visakhapatnam",Thermal Coal,Supramax,61216,2685.9,1453.1,813.4,2.1,None,1359.0,19.14
2025-01-13,"Taboneo, Indonesia - Ennore",Thermal Coal,Panamax,70497,2689.7,1346.8,782.0,1.3,None,1189.0,15.76
2025-01-13,"Taboneo, Indonesia - Kolkata",Thermal Coal,Panamax,82488,2594.2,1346.8,763.3,3.4,None,1448.0,14.82
2025-01-13,"Tubarao, Brazil - Gangavaram",Iron Ore,Panamax,85138,8973.4,1346.8,796.0,1.7,None,1222.0,52.98
2025-01-13,"Vale do Rio Doce, Brazil - Paradip",Iron Ore,Panamax,76971,9380.1,1346.8,804.2,0.8,None,1202.0,53.46
2025-01-13,"Vancouver, Canada - Ennore",Coking Coal,Panamax,68109,8088.7,1346.8,791.7,0.0,None,1303.0,47.45
2025-01-13,"Vancouver, Canada - Gangavaram",Coking Coal,Panamax,84189,7739.2,1346.8,784.7,1.1,None,1385.0,42.91
2025-01-20,"Abbot Point, Australia - Gangavaram",Coal,Panamax,84216,5235.8,1364.5,790.7,0.4,None,1243.0,31.87
2025-01-20,"Abbot Point, Australia - Kolkata",Coal,Handysize,28409,5114.5,1111.1,821.7,0.8,None,1162.0,32.73
2025-01-20,"Dampier, Australia - Gangavaram",Iron Ore,Panamax,86516,3569.6,1364.5,793.2,2.6,None,1346.0,20.76
2025-01-20,"Dampier, Australia - Visakhapatnam",Iron Ore,Capesize,169923,3570.3,1751.4,805.2,2.8,None,1741.0,19.94
2025-01-20,"Durban, South Africa - Kolkata",Coal,Supramax,56602,5384.9,1400.0,749.3,4.9,None,1383.0,38.23
2025-01-20,"Hay Point, Australia - Paradip",Coking Coal,Supramax,56464,5246.5,1400.0,807.7,3.3,None,1415.0,35.09
2025-01-20,"Hay Point, Australia - Visakhapatnam",Coking Coal,Supramax,58697,5348.2,1400.0,795.1,0.0,None,1204.0,36.16
2025-01-20,"Nacala, Mozambique - Haldia",Coking Coal,Panamax,68022,4191.3,1364.5,765.0,2.0,None,1174.0,24.47
2025-01-20,"Newcastle, Australia - Gangavaram",Thermal Coal,Handysize,31192,5850.9,1111.1,789.4,3.4,None,1096.0,36.06
2025-01-20,"Newcastle, Australia - Haldia",Thermal Coal,Supramax,58484,5795.2,1400.0,806.9,1.3,None,1393.0,35.89
2025-01-20,"Norfolk, USA - Ennore",Coking Coal,Supramax,57486,8874.7,1400.0,801.8,2.8,None,1376.0,65.25
2025-01-20,"Norfolk, USA - Kolkata",Coking Coal,Supramax,52097,8420.2,1400.0,763.2,2.1,None,1407.0,53.77
2025-01-20,"Ponta da Madeira, Brazil - Visakhapatnam",Iron Ore,Capesize,185955,8964.6,1751.4,815.0,1.8,None,1638.0,52.21
2025-01-20,"Saldanha Bay, South Africa - Ennore",Iron Ore,Capesize,173301,5338.7,1751.4,779.3,1.9,None,1725.0,26.44
2025-01-20,"Saldanha Bay, South Africa - Paradip",Iron Ore,Capesize,159055,5982.9,1751.4,787.4,1.9,None,1765.0,30.49
2025-01-20,"Taboneo, Indonesia - Paradip",Thermal Coal,Panamax,73941,2575.5,1364.5,793.0,4.1,None,1247.0,15.61
2025-01-20,"Tubarao, Brazil - Gangavaram",Iron Ore,Capesize,154465,8973.4,1751.4,793.0,2.0,None,1765.0,48.38
2025-01-20,"Tubarao, Brazil - Paradip",Iron Ore,Capesize,188719,9234.1,1751.4,756.4,1.7,None,1588.0,48.22
2025-01-20,"Vancouver, Canada - Kolkata",Coking Coal,Supramax,55377,7293.3,1400.0,772.7,1.8,None,1419.0,46.44
2025-01-27,"Abbot Point, Australia - Haldia",Coal,Supramax,51896,5103.7,1362.1,758.1,2.9,None,1331.0,31.76
2025-01-27,"Abbot Point, Australia - Visakhapatnam",Coal,Panamax,76538,5233.1,1421.7,783.0,2.8,None,1539.0,32.99
2025-01-27,"Dampier, Australia - Ennore",Iron Ore,Capesize,163265,3491.8,1882.5,792.9,1.1,None,1857.0,19.74
2025-01-27,"Dampier, Australia - Gangavaram",Iron Ore,Capesize,167815,3569.6,1882.5,804.2,0.0,None,1685.0,20.18
2025-01-27,"Durban, South Africa - Paradip",Coal,Supramax,59431,5193.0,1362.1,767.7,0.3,None,1419.0,32.07
2025-01-27,"Hay Point, Australia - Ennore",Coking Coal,Supramax,54672,5386.7,1362.1,811.5,1.2,None,1518.0,34.85
2025-01-27,"Hay Point, Australia - Kolkata",Coking Coal,Panamax,65768,5235.2,1421.7,792.0,1.4,None,1501.0,32.19
2025-01-27,"Nacala, Mozambique - Visakhapatnam",Coking Coal,Panamax,87896,3755.5,1421.7,755.7,0.2,None,1556.0,22.1
2025-01-27,"Newcastle, Australia - Ennore",Thermal Coal,Handysize,29344,5823.9,1088.4,766.3,3.7,None,1153.0,33.85
2025-01-27,"Newcastle, Australia - Kolkata",Thermal Coal,Supramax,59597,5812.9,1362.1,764.1,1.8,None,1335.0,33.1
2025-01-27,"Ponta da Madeira, Brazil - Kolkata",Iron Ore,Panamax,79806,9207.4,1421.7,797.6,0.0,None,1324.0,52.61
2025-01-27,"Taboneo, Indonesia - Gangavaram",Thermal Coal,Handysize,28848,2655.0,1088.4,808.8,2.8,None,1089.0,16.69
2025-01-27,"Tubarao, Brazil - Ennore",Iron Ore,Capesize,182909,8706.6,1882.5,796.8,1.6,None,2107.0,47.55
2025-01-27,"Vale do Rio Doce, Brazil - Paradip",Iron Ore,Panamax,83290,9380.1,1421.7,758.3,2.5,None,1475.0,52.97
2025-02-03,"Abbot Point, Australia - Ennore",Coal,Panamax,89222,5277.3,1379.3,815.3,2.5,None,1392.0,32.22
2025-02-03,"Abbot Point, Australia - Kolkata",Coal,Handysize,34301,5114.5,1050.3,843.5,2.6,None,1153.0,36.35
2025-02-03,"Durban, South Africa - Gangavaram",Coal,Supramax,56926,4895.8,1409.5,811.0,0.7,None,1376.0,31.12
2025-02-03,"Gladstone, Australia - Ennore",Coal,Panamax,67126,5565.0,1379.3,813.0,2.3,None,1530.0,33.33
2025-02-03,"Hay Point, Australia - Haldia",Coking Coal,Handysize,28375,5223.9,1050.3,841.4,2.7,None,1072.0,33.17
2025-02-03,"Hay Point, Australia - Kolkata",Coking Coal,Supramax,49108,5235.2,1409.5,818.4,0.8,None,1271.0,34.91
2025-02-03,"Nacala, Mozambique - Ennore",Coking Coal,Panamax,67443,3410.6,1379.3,826.2,0.1,None,1408.0,20.17
2025-02-03,"Norfolk, USA - Ennore",Coking Coal,Panamax,78346,8874.7,1379.3,830.5,0.9,None,1530.0,54.76
2025-02-03,"Norfolk, USA - Haldia",Coking Coal,Supramax,59215,8458.2,1409.5,788.3,1.1,None,1358.0,54.44
2025-02-03,"Ponta da Madeira, Brazil - Paradip",Iron Ore,Capesize,200935,9142.2,1780.5,822.7,3.6,None,1698.0,51.87
2025-02-03,"Richards Bay, South Africa - Gangavaram",Coking Coal,Handysize,35899,4804.0,1050.3,792.9,3.8,None,1050.0,30.56
2025-02-03,"Richards Bay, South Africa - Visakhapatnam",Coking Coal,Handysize,31455,4813.7,1050.3,829.8,2.4,None,1028.0,30.46
2025-02-03,"Taboneo, Indonesia - Kolkata",Thermal Coal,Handysize,36112,2594.2,1050.3,819.9,3.7,None,1033.0,16.5
2025-02-03,"Taboneo, Indonesia - Paradip",Thermal Coal,Handysize,35308,2575.5,1050.3,792.1,1.5,None,962.0,15.99
2025-02-03,"Tubarao, Brazil - Kolkata",Iron Ore,Capesize,153425,9369.5,1780.5,783.1,1.4,None,1559.0,53.44
2025-02-03,"Vale do Rio Doce, Brazil - Gangavaram",Iron Ore,Capesize,189164,9121.7,1780.5,809.0,2.8,None,1735.0,52.78
2025-02-03,"Vale do Rio Doce, Brazil - Haldia",Iron Ore,Panamax,65085,9494.8,1379.3,783.7,3.6,None,1381.0,51.97
2025-02-03,"Vancouver, Canada - Ennore",Coking Coal,Panamax,72296,8088.7,1379.3,813.7,0.9,None,1384.0,50.07
2025-02-10,"Dampier, Australia - Haldia",Iron Ore,Panamax,73145,3608.6,1189.7,859.8,1.4,None,1149.0,22.18
2025-02-10,"Gladstone, Australia - Ennore",Coal,Panamax,81429,5565.0,1189.7,829.5,0.6,None,1129.0,31.3
2025-02-10,"Gladstone, Australia - Paradip",Coal,Supramax,49465,5442.2,1498.8,818.7,1.2,None,1367.0,37.42
2025-02-10,"Nacala, Mozambique - Gangavaram",Coking Coal,Handysize,39154,3745.9,967.4,823.2,0.0,None,937.0,24.5
2025-02-10,"Nacala, Mozambique - Haldia",Coking Coal,Supramax,60412,4191.3,1498.8,829.0,3.2,None,1486.0,29.01
2025-02-10,"Newcastle, Australia - Kolkata",Thermal Coal,Handysize,38147,5812.9,967.4,835.4,2.9,None,998.0,35.32
2025-02-10,"Newcastle, Australia - Paradip",Thermal Coal,Handysize,39724,5793.4,967.4,834.6,1.5,None,1092.0,31.03
2025-02-10,"Ponta da Madeira, Brazil - Gangavaram",Iron Ore,Capesize,184065,8959.2,1842.5,813.2,1.9,None,1831.0,51.16
2025-02-10,"Saldanha Bay, South Africa - Ennore",Iron Ore,Capesize,182276,5338.7,1842.5,789.1,1.1,None,1953.0,30.02
2025-02-10,"Saldanha Bay, South Africa - Kolkata",Iron Ore,Capesize,151237,6171.5,1842.5,816.8,1.4,None,1746.0,34.66
2025-02-10,"Samarinda, Indonesia - Paradip",Thermal Coal,Supramax,59697,2577.8,1498.8,815.6,3.5,None,1419.0,18.65
2025-02-10,"Samarinda, Indonesia - Visakhapatnam",Thermal Coal,Supramax,55769,2685.9,1498.8,818.6,3.1,None,1479.0,17.6
2025-02-17,"Dampier, Australia - Gangavaram",Iron Ore,Capesize,177324,3569.6,2076.4,791.5,1.7,None,2025.0,24.19
2025-02-17,"Dampier, Australia - Haldia",Iron Ore,Capesize,194654,3608.6,2076.4,826.8,3.6,None,2042.0,22.49
2025-02-17,"Durban, South Africa - Visakhapatnam",Coal,Supramax,60264,4905.5,1506.0,770.8,3.7,None,1213.0,30.52
2025-02-17,"Hay Point, Australia - Paradip",Coking Coal,Supramax,49964,5246.5,1506.0,823.9,2.8,None,1409.0,33.9
2025-02-17,"Newcastle, Australia - Paradip",Thermal Coal,Supramax,55798,5793.4,1506.0,772.6,1.1,None,1469.0,33.55
2025-02-17,"Norfolk, USA - Kolkata",Coking Coal,Panamax,73239,8420.2,1257.8,803.9,2.4,None,1105.0,46.85
2025-02-17,"Norfolk, USA - Visakhapatnam",Coking Coal,Supramax,53511,8657.5,1506.0,807.8,1.1,None,1415.0,56.15
2025-02-17,"Ponta da Madeira, Brazil - Haldia",Iron Ore,Capesize,166707,9206.8,2076.4,794.4,1.4,None,2068.0,53.7
2025-02-17,"Ponta da Madeira, Brazil - Paradip",Iron Ore,Panamax,85443,9142.2,1257.8,818.8,3.8,None,1255.0,54.1
2025-02-17,"Richards Bay, South Africa - Visakhapatnam",Coking Coal,Handysize,34113,4813.7,973.3,830.9,2.4,None,1079.0,28.82
2025-02-17,"Samarinda, Indonesia - Paradip",Thermal Coal,Handysize,35842,2577.8,973.3,796.3,3.0,None,1052.0,15.02
2025-02-17,"Tubarao, Brazil - Kolkata",Iron Ore,Capesize,175182,9369.5,2076.4,787.8,1.2,None,2305.0,59.47
2025-02-17,"Vale do Rio Doce, Brazil - Haldia",Iron Ore,Capesize,175555,9494.8,2076.4,774.8,4.3,None,2333.0,58.54
2025-02-17,"Vale do Rio Doce, Brazil - Paradip",Iron Ore,Capesize,161152,9380.1,2076.4,833.6,0.5,None,2236.0,54.64
2025-02-17,"Vancouver, Canada - Ennore",Coking Coal,Supramax,56115,8088.7,1506.0,828.4,1.4,None,1554.0,52.82
2025-02-24,"Dampier, Australia - Kolkata",Iron Ore,Panamax,76748,3635.9,1127.3,820.0,1.8,None,1065.0,20.51
2025-02-24,"Durban, South Africa - Visakhapatnam",Coal,Handysize,35478,4905.5,921.0,800.2,2.7,None,975.0,30.26
2025-02-24,"Gladstone, Australia - Haldia",Coal,Supramax,48555,5423.2,1453.0,778.8,0.8,None,1525.0,34.15
2025-02-24,"Gladstone, Australia - Kolkata",Coal,Panamax,69452,5435.4,1127.3,815.0,2.7,None,1238.0,29.14
2025-02-24,"Gladstone, Australia - Paradip",Coal,Supramax,60764,5442.2,1453.0,808.1,1.8,None,1455.0,34.53
2025-02-24,"Nacala, Mozambique - Ennore",Coking Coal,Supramax,59063,3410.6,1453.0,791.6,1.5,None,1253.0,21.11
2025-02-24,"Nacala, Mozambique - Haldia",Coking Coal,Panamax,84080,4191.3,1127.3,805.3,0.0,None,1139.0,23.07
2025-02-24,"Nacala, Mozambique - Visakhapatnam",Coking Coal,Handysize,35356,3755.5,921.0,797.1,2.4,None,951.0,21.56
2025-02-24,"Ponta da Madeira, Brazil - Haldia",Iron Ore,Panamax,67915,9206.8,1127.3,810.4,5.5,None,1121.0,49.47
2025-02-24,"Richards Bay, South Africa - Ennore",Coking Coal,Handysize,30917,4452.0,921.0,808.8,4.0,None,1022.0,26.02
2025-02-24,"Samarinda, Indonesia - Kolkata",Thermal Coal,Supramax,49234,2573.8,1453.0,795.1,1.9,None,1372.0,17.59
2025-02-24,"Taboneo, Indonesia - Kolkata",Thermal Coal,Panamax,67277,2594.2,1127.3,808.5,1.3,None,1153.0,13.35
2025-02-24,"Vale do Rio Doce, Brazil - Gangavaram",Iron Ore,Panamax,72621,9121.7,1127.3,784.7,0.5,None,1179.0,48.6
2025-02-24,"Vale do Rio Doce, Brazil - Kolkata",Iron Ore,Panamax,80946,9512.7,1127.3,810.5,3.5,None,1158.0,52.69
2025-03-03,"Abbot Point, Australia - Gangavaram",Coal,Panamax,73623,5235.8,1155.5,816.7,2.6,None,1049.0,29.85
2025-03-03,"Abbot Point, Australia - Kolkata",Coal,Handysize,39358,5114.5,899.3,820.0,2.1,None,858.0,31.43
2025-03-03,"Dampier, Australia - Haldia",Iron Ore,Panamax,69754,3608.6,1155.5,854.1,3.2,None,1110.0,20.77
2025-03-03,"Dampier, Australia - Paradip",Iron Ore,Capesize,162156,3570.5,1966.6,802.2,2.1,None,2126.0,20.94
2025-03-03,"Durban, South Africa - Kolkata",Coal,Supramax,52221,5384.9,1443.0,835.7,2.9,None,1547.0,36.35
2025-03-03,"Gladstone, Australia - Ennore",Coal,Handysize,35396,5565.0,899.3,818.0,2.6,None,907.0,30.82
2025-03-03,"Gladstone, Australia - Gangavaram",Coal,Panamax,83141,5539.5,1155.5,807.7,2.7,None,1219.0,31.14
2025-03-03,"Gladstone, Australia - Haldia",Coal,Supramax,48840,5423.2,1443.0,799.7,1.5,None,1536.0,39.56
2025-03-03,"Norfolk, USA - Gangavaram",Coking Coal,Panamax,87311,8662.0,1155.5,817.0,0.9,None,1177.0,49.98
2025-03-03,"Norfolk, USA - Kolkata",Coking Coal,Panamax,69582,8420.2,1155.5,814.9,2.6,None,1106.0,48.21
2025-03-03,"Ponta da Madeira, Brazil - Gangavaram",Iron Ore,Capesize,193610,8959.2,1966.6,789.5,2.7,None,1803.0,54.05
2025-03-03,"Ponta da Madeira, Brazil - Haldia",Iron Ore,Capesize,201147,9206.8,1966.6,801.9,1.1,None,1966.0,54.56
2025-03-03,"Ponta da Madeira, Brazil - Paradip",Iron Ore,Panamax,73100,9142.2,1155.5,786.0,0.2,None,1018.0,51.04
2025-03-03,"Ponta da Madeira, Brazil - Visakhapatnam",Iron Ore,Panamax,84966,8964.6,1155.5,786.2,1.6,None,1225.0,48.47
2025-03-03,"Samarinda, Indonesia - Gangavaram",Thermal Coal,Supramax,49390,2689.0,1443.0,819.0,1.8,None,1478.0,17.82
2025-03-03,"Samarinda, Indonesia - Visakhapatnam",Thermal Coal,Panamax,69809,2685.9,1155.5,814.2,3.2,None,1166.0,15.02
2025-03-03,"Tubarao, Brazil - Ennore",Iron Ore,Panamax,66119,8706.6,1155.5,793.5,1.8,None,1252.0,48.74
2025-03-03,"Tubarao, Brazil - Kolkata",Iron Ore,Panamax,74069,9369.5,1155.5,814.6,5.1,None,1102.0,53.6
2025-03-03,"Vancouver, Canada - Paradip",Coking Coal,Panamax,86083,7484.8,1155.5,823.1,0.4,None,1173.0,40.18
2025-03-03,"Vancouver, Canada - Visakhapatnam",Coking Coal,Panamax,82935,7730.4,1155.5,820.5,1.9,None,1130.0,42.38
2025-03-10,"Gladstone, Australia - Gangavaram",Coal,Supramax,60993,5539.5,1406.9,801.3,2.4,None,1289.0,36.05
2025-03-10,"Newcastle, Australia - Ennore",Thermal Coal,Panamax,79190,5823.9,1331.9,805.9,0.7,None,1315.0,32.65
2025-03-10,"Newcastle, Australia - Visakhapatnam",Thermal Coal,Supramax,51390,5849.9,1406.9,794.7,2.1,None,1355.0,36.12
2025-03-10,"Norfolk, USA - Haldia",Coking Coal,Panamax,66803,8458.2,1331.9,809.3,3.6,None,1233.0,47.22
2025-03-10,"Norfolk, USA - Paradip",Coking Coal,Handysize,37320,8548.6,931.6,799.9,1.2,None,951.0,46.45
2025-03-10,"Ponta da Madeira, Brazil - Gangavaram",Iron Ore,Panamax,67377,8959.2,1331.9,793.7,1.9,None,1228.0,51.89
2025-03-10,"Ponta da Madeira, Brazil - Kolkata",Iron Ore,Panamax,76391,9207.4,1331.9,800.1,2.2,None,1330.0,54.92
2025-03-10,"Ponta da Madeira, Brazil - Paradip",Iron Ore,Capesize,160758,9142.2,2107.1,809.0,0.7,None,2112.0,55.23
2025-03-10,"Richards Bay, South Africa - Haldia",Coking Coal,Supramax,60760,5255.1,1406.9,789.9,2.5,None,1403.0,35.11
2025-03-10,"Richards Bay, South Africa - Kolkata",Coking Coal,Handysize,32171,5292.9,931.6,779.8,2.0,None,907.0,30.65
2025-03-10,"Saldanha Bay, South Africa - Gangavaram",Iron Ore,Panamax,67171,5685.5,1331.9,805.8,1.2,None,1229.0,32.38
2025-03-10,"Tubarao, Brazil - Visakhapatnam",Iron Ore,Capesize,153913,8981.5,2107.1,799.8,1.2,None,1932.0,54.35
2025-03-10,"Vale do Rio Doce, Brazil - Haldia",Iron Ore,Panamax,75708,9494.8,1331.9,787.8,0.1,None,1340.0,55.53
2025-03-10,"Vale do Rio Doce, Brazil - Paradip",Iron Ore,Panamax,87717,9380.1,1331.9,779.8,3.7,None,1438.0,54.63
2025-03-17,"Durban, South Africa - Gangavaram",Coal,Handysize,38803,4895.8,939.9,770.2,0.0,None,1050.0,27.15
2025-03-17,"Durban, South Africa - Kolkata",Coal,Panamax,76527,5384.9,1341.5,794.8,0.6,None,1273.0,28.09
2025-03-17,"Gladstone, Australia - Ennore",Coal,Panamax,78502,5565.0,1341.5,803.1,2.5,None,1421.0,32.13
2025-03-17,"Gladstone, Australia - Haldia",Coal,Supramax,49270,5423.2,1539.5,806.2,0.7,None,1654.0,36.35
2025-03-17,"Gladstone, Australia - Kolkata",Coal,Supramax,60834,5435.4,1539.5,786.8,0.9,None,1631.0,36.78
2025-03-17,"Nacala, Mozambique - Gangavaram",Coking Coal,Handysize,29351,3745.9,939.9,759.8,2.7,None,872.0,21.45
2025-03-17,"Norfolk, USA - Gangavaram",Coking Coal,Panamax,65261,8662.0,1341.5,771.3,0.0,None,1291.0,54.63
2025-03-17,"Norfolk, USA - Paradip",Coking Coal,Supramax,52573,8548.6,1539.5,791.9,1.9,None,1704.0,60.76
2025-03-17,"Saldanha Bay, South Africa - Paradip",Iron Ore,Panamax,85673,5982.9,1341.5,779.9,0.5,None,1424.0,34.58
2025-03-17,"Samarinda, Indonesia - Haldia",Thermal Coal,Supramax,54932,2560.1,1539.5,777.5,0.5,None,1557.0,16.7
2025-03-17,"Taboneo, Indonesia - Haldia",Thermal Coal,Panamax,86518,2575.7,1341.5,771.6,2.9,None,1203.0,14.46
2025-03-17,"Tubarao, Brazil - Kolkata",Iron Ore,Capesize,168433,9369.5,2026.3,790.5,0.6,None,2234.0,49.92
2025-03-17,"Tubarao, Brazil - Paradip",Iron Ore,Capesize,159492,9234.1,2026.3,759.6,0.0,None,1732.0,50.33
2025-03-17,"Vale do Rio Doce, Brazil - Gangavaram",Iron Ore,Capesize,174550,9121.7,2026.3,755.1,1.7,None,2156.0,53.13
2025-03-17,"Vale do Rio Doce, Brazil - Kolkata",Iron Ore,Capesize,207697,9512.7,2026.3,772.3,1.0,None,2098.0,58.27
2025-03-17,"Vale do Rio Doce, Brazil - Visakhapatnam",Iron Ore,Panamax,86340,9129.7,1341.5,769.5,2.0,None,1327.0,49.52
2025-03-17,"Vancouver, Canada - Paradip",Coking Coal,Supramax,55378,7484.8,1539.5,814.3,0.8,None,1548.0,54.41
2025-03-17,"Vancouver, Canada - Visakhapatnam",Coking Coal,Panamax,77250,7730.4,1341.5,798.0,1.8,None,1283.0,42.66
2025-03-24,"Abbot Point, Australia - Kolkata",Coal,Panamax,81361,5114.5,1245.2,753.1,1.8,None,1127.0,27.43
2025-03-24,"Abbot Point, Australia - Paradip",Coal,Supramax,58581,5127.9,1598.2,764.7,2.0,None,1558.0,35.95
2025-03-24,"Dampier, Australia - Ennore",Iron Ore,Capesize,183587,3491.8,2101.4,763.3,3.6,None,2173.0,21.98
2025-03-24,"Dampier, Australia - Kolkata",Iron Ore,Capesize,198584,3635.9,2101.4,726.0,1.7,None,2164.0,23.01
2025-03-24,"Dampier, Australia - Paradip",Iron Ore,Capesize,206551,3570.5,2101.4,767.9,0.0,None,2184.0,20.76
2025-03-24,"Durban, South Africa - Paradip",Coal,Handysize,34290,5193.0,1002.1,758.9,4.1,None,1172.0,32.61
2025-03-24,"Durban, South Africa - Visakhapatnam",Coal,Supramax,61130,4905.5,1598.2,773.5,2.8,None,1507.0,32.95
2025-03-24,"Gladstone, Australia - Paradip",Coal,Panamax,67282,5442.2,1245.2,778.8,1.4,None,1310.0,30.0
2025-03-24,"Hay Point, Australia - Gangavaram",Coking Coal,Handysize,28767,5350.8,1002.1,799.3,2.4,None,972.0,31.97
2025-03-24,"Newcastle, Australia - Ennore",Thermal Coal,Panamax,68384,5823.9,1245.2,784.1,0.5,None,1395.0,32.65
2025-03-24,"Newcastle, Australia - Kolkata",Thermal Coal,Supramax,50221,5812.9,1598.2,788.7,2.2,None,1655.0,37.45
2025-03-24,"Newcastle, Australia - Visakhapatnam",Thermal Coal,Supramax,57420,5849.9,1598.2,784.3,0.7,None,1457.0,40.22
2025-03-24,"Richards Bay, South Africa - Ennore",Coking Coal,Handysize,39073,4452.0,1002.1,777.5,0.7,None,1114.0,25.99
2025-03-24,"Richards Bay, South Africa - Gangavaram",Coking Coal,Panamax,70239,4804.0,1245.2,790.5,0.0,None,1122.0,25.11
2025-03-24,"Samarinda, Indonesia - Gangavaram",Thermal Coal,Panamax,86531,2689.0,1245.2,777.9,0.3,None,1179.0,14.01
2025-03-24,"Taboneo, Indonesia - Paradip",Thermal Coal,Supramax,52950,2575.5,1598.2,774.6,1.7,None,1712.0,19.61
2025-03-24,"Tubarao, Brazil - Gangavaram",Iron Ore,Capesize,153854,8973.4,2101.4,753.9,1.0,None,2006.0,52.98
2025-03-24,"Vale do Rio Doce, Brazil - Ennore",Iron Ore,Capesize,151983,8858.1,2101.4,764.0,1.1,None,2094.0,52.35
2025-03-24,"Vancouver, Canada - Kolkata",Coking Coal,Handysize,38313,7293.3,1002.1,749.0,2.4,None,1023.0,40.12
2025-03-24,"Vancouver, Canada - Paradip",Coking Coal,Panamax,75290,7484.8,1245.2,780.5,2.1,None,1251.0,41.04
2025-03-31,"Abbot Point, Australia - Paradip",Coal,Handysize,28849,5127.9,1023.4,790.1,1.5,None,1017.0,32.17
2025-03-31,"Gladstone, Australia - Kolkata",Coal,Supramax,53027,5435.4,1680.7,793.5,1.3,None,1623.0,42.69
2025-03-31,"Hay Point, Australia - Paradip",Coking Coal,Handysize,37903,5246.5,1023.4,794.1,1.4,None,1077.0,32.31
2025-03-31,"Newcastle, Australia - Kolkata",Thermal Coal,Supramax,48717,5812.9,1680.7,798.2,3.3,None,1782.0,42.11
2025-03-31,"Richards Bay, South Africa - Visakhapatnam",Coking Coal,Panamax,70716,4813.7,1127.3,795.0,3.6,None,1006.0,26.0
2025-03-31,"Saldanha Bay, South Africa - Ennore",Iron Ore,Panamax,89515,5338.7,1127.3,787.5,1.7,None,1152.0,28.99
2025-03-31,"Saldanha Bay, South Africa - Paradip",Iron Ore,Capesize,163476,5982.9,1975.9,753.5,1.0,None,1929.0,35.13
2025-03-31,"Taboneo, Indonesia - Ennore",Thermal Coal,Handysize,36304,2689.7,1023.4,790.1,2.2,None,1078.0,16.36
2025-03-31,"Taboneo, Indonesia - Paradip",Thermal Coal,Supramax,57920,2575.5,1680.7,800.0,0.0,None,1550.0,17.52
2025-03-31,"Taboneo, Indonesia - Visakhapatnam",Thermal Coal,Supramax,49511,2652.9,1680.7,796.4,2.7,None,1704.0,17.52
2025-03-31,"Tubarao, Brazil - Haldia",Iron Ore,Capesize,206775,9350.8,1975.9,756.4,5.3,None,1957.0,51.57
2025-03-31,"Vancouver, Canada - Kolkata",Coking Coal,Handysize,35935,7293.3,1023.4,765.1,1.2,None,1065.0,40.9
2025-03-31,"Vancouver, Canada - Paradip",Coking Coal,Panamax,73774,7484.8,1127.3,791.0,2.4,None,1180.0,37.73
2025-03-31,"Vancouver, Canada - Visakhapatnam",Coking Coal,Panamax,82523,7730.4,1127.3,782.7,3.9,None,1372.0,43.55
2025-04-07,"Dampier, Australia - Visakhapatnam",Iron Ore,Panamax,72572,3570.3,1249.8,771.1,3.2,None,1233.0,20.32
2025-04-07,"Durban, South Africa - Paradip",Coal,Supramax,59320,5193.0,1693.4,773.9,0.5,None,1837.0,34.96
2025-04-07,"Gladstone, Australia - Paradip",Coal,Supramax,53769,5442.2,1693.4,748.5,0.7,None,1680.0,41.96
2025-04-07,"Nacala, Mozambique - Paradip",Coking Coal,Panamax,78709,4041.9,1249.8,783.0,4.0,None,1418.0,21.72
2025-04-07,"Newcastle, Australia - Visakhapatnam",Thermal Coal,Supramax,61884,5849.9,1693.4,756.8,0.0,None,1753.0,41.38
2025-04-07,"Norfolk, USA - Ennore",Coking Coal,Panamax,73733,8874.7,1249.8,753.8,3.3,None,1319.0,48.55
2025-04-07,"Norfolk, USA - Haldia",Coking Coal,Panamax,65354,8458.2,1249.8,769.5,2.5,None,1032.0,47.77
2025-04-07,"Ponta da Madeira, Brazil - Gangavaram",Iron Ore,Capesize,168391,8959.2,1885.2,768.1,2.1,None,2013.0,48.46
2025-04-07,"Richards Bay, South Africa - Ennore",Coking Coal,Panamax,88550,4452.0,1249.8,744.9,2.7,None,1145.0,22.15
2025-04-07,"Taboneo, Indonesia - Ennore",Thermal Coal,Handysize,35833,2689.7,1004.9,767.2,2.6,None,1063.0,16.77
2025-04-07,"Vancouver, Canada - Ennore",Coking Coal,Panamax,68194,8088.7,1249.8,779.9,1.1,None,1211.0,45.96
2025-04-14,"Abbot Point, Australia - Visakhapatnam",Coal,Handysize,30143,5233.1,991.2,774.0,0.8,None,1017.0,31.99
2025-04-14,"Durban, South Africa - Ennore",Coal,Handysize,29265,4543.3,991.2,791.7,1.7,None,958.0,26.85
2025-04-14,"Durban, South Africa - Visakhapatnam",Coal,Supramax,50173,4905.5,1645.8,770.3,1.0,None,1687.0,38.06
2025-04-14,"Hay Point, Australia - Ennore",Coking Coal,Panamax,70012,5386.7,1261.8,771.7,3.1,None,1277.0,30.66
2025-04-14,"Hay Point, Australia - Visakhapatnam",Coking Coal,Handysize,32876,5348.2,991.2,759.6,2.4,None,1036.0,31.58
2025-04-14,"Nacala, Mozambique - Gangavaram",Coking Coal,Supramax,48420,3745.9,1645.8,782.3,2.1,None,1678.0,24.67
2025-04-14,"Newcastle, Australia - Ennore",Thermal Coal,Supramax,55618,5823.9,1645.8,786.1,1.6,None,1415.0,39.45
2025-04-14,"Norfolk, USA - Gangavaram",Coking Coal,Supramax,52356,8662.0,1645.8,793.2,1.7,None,1429.0,59.1
2025-04-14,"Norfolk, USA - Paradip",Coking Coal,Panamax,76233,8548.6,1261.8,779.0,0.2,None,1424.0,47.06
2025-04-14,"Ponta da Madeira, Brazil - Paradip",Iron Ore,Panamax,72947,9142.2,1261.8,771.0,1.0,None,1306.0,45.11
2025-04-14,"Ponta da Madeira, Brazil - Visakhapatnam",Iron Ore,Panamax,73116,8964.6,1261.8,813.0,2.3,None,1311.0,49.68
2025-04-14,"Richards Bay, South Africa - Ennore",Coking Coal,Handysize,35948,4452.0,991.2,780.8,0.9,None,978.0,25.35
2025-04-14,"Richards Bay, South Africa - Visakhapatnam",Coking Coal,Panamax,65302,4813.7,1261.8,782.2,0.0,None,1279.0,26.72
2025-04-14,"Taboneo, Indonesia - Ennore",Thermal Coal,Handysize,33277,2689.7,991.2,829.7,1.4,None,1052.0,17.26
2025-04-14,"Tubarao, Brazil - Gangavaram",Iron Ore,Panamax,65356,8973.4,1261.8,751.5,3.4,None,1250.0,45.86
2025-04-14,"Tubarao, Brazil - Haldia",Iron Ore,Panamax,73343,9350.8,1261.8,797.3,1.9,None,1220.0,52.0
2025-04-14,"Tubarao, Brazil - Paradip",Iron Ore,Panamax,83462,9234.1,1261.8,786.4,2.9,None,1344.0,54.51
2025-04-14,"Vancouver, Canada - Visakhapatnam",Coking Coal,Handysize,34126,7730.4,991.2,766.2,2.5,None,1131.0,42.6
2025-04-21,"Dampier, Australia - Ennore",Iron Ore,Panamax,79639,3491.8,1323.5,794.0,2.4,None,1387.0,18.77
2025-04-21,"Dampier, Australia - Gangavaram",Iron Ore,Capesize,178410,3569.6,1831.7,790.1,3.2,None,1861.0,20.47
2025-04-21,"Durban, South Africa - Paradip",Coal,Panamax,87713,5193.0,1323.5,784.4,4.4,None,1273.0,28.38
2025-04-21,"Hay Point, Australia - Ennore",Coking Coal,Supramax,61516,5386.7,1720.5,767.6,0.0,None,1614.0,40.19
2025-04-21,"Hay Point, Australia - Paradip",Coking Coal,Panamax,78397,5246.5,1323.5,788.2,1.4,None,1348.0,32.18
2025-04-21,"Nacala, Mozambique - Gangavaram",Coking Coal,Panamax,68781,3745.9,1323.5,769.7,1.9,None,1319.0,22.36
2025-04-21,"Nacala, Mozambique - Paradip",Coking Coal,Supramax,53576,4041.9,1720.5,757.6,3.5,None,1788.0,31.76
2025-04-21,"Newcastle, Australia - Kolkata",Thermal Coal,Supramax,57296,5812.9,1720.5,737.7,3.2,None,1696.0,40.69
2025-04-21,"Norfolk, USA - Visakhapatnam",Coking Coal,Handysize,37143,8657.5,968.0,813.3,0.3,None,1004.0,50.87
2025-04-21,"Ponta da Madeira, Brazil - Visakhapatnam",Iron Ore,Panamax,83516,8964.6,1323.5,785.2,0.5,None,1312.0,46.94
2025-04-21,"Samarinda, Indonesia - Kolkata",Thermal Coal,Supramax,48676,2573.8,1720.5,775.4,0.4,None,1590.0,18.98
2025-04-21,"Taboneo, Indonesia - Paradip",Thermal Coal,Panamax,65701,2575.5,1323.5,756.3,1.8,None,1333.0,14.27
2025-04-21,"Tubarao, Brazil - Ennore",Iron Ore,Panamax,73654,8706.6,1323.5,766.3,2.8,None,1239.0,49.71
2025-04-21,"Vale do Rio Doce, Brazil - Ennore",Iron Ore,Panamax,66388,8858.1,1323.5,773.2,2.6,None,1164.0,52.49
2025-04-21,"Vale do Rio Doce, Brazil - Haldia",Iron Ore,Panamax,75242,9494.8,1323.5,780.0,5.1,None,1306.0,46.67
2025-04-21,"Vale do Rio Doce, Brazil - Visakhapatnam",Iron Ore,Panamax,81707,9129.7,1323.5,789.5,0.1,None,1400.0,52.25
2025-04-21,"Vancouver, Canada - Visakhapatnam",Coking Coal,Handysize,34444,7730.4,968.0,772.9,3.0,None,993.0,46.62
2025-04-28,"Abbot Point, Australia - Visakhapatnam",Coal,Panamax,85658,5233.1,1418.2,786.3,1.6,None,1439.0,31.33
2025-04-28,"Durban, South Africa - Paradip",Coal,Handysize,32742,5193.0,1009.0,804.0,4.0,None,1014.0,31.05
2025-04-28,"Gladstone, Australia - Haldia",Coal,Supramax,53910,5423.2,1826.7,775.5,4.5,None,2050.0,40.23
2025-04-28,"Hay Point, Australia - Kolkata",Coking Coal,Panamax,78634,5235.2,1418.2,775.6,0.5,None,1274.0,29.54
2025-04-28,"Nacala, Mozambique - Kolkata",Coking Coal,Handysize,34561,4225.9,1009.0,775.0,0.7,None,958.0,25.02
2025-04-28,"Newcastle, Australia - Haldia",Thermal Coal,Panamax,82574,5795.2,1418.2,770.8,0.0,None,1300.0,36.44
2025-04-28,"Norfolk, USA - Haldia",Coking Coal,Panamax,85228,8458.2,1418.2,771.2,2.3,None,1456.0,51.64
2025-04-28,"Ponta da Madeira, Brazil - Gangavaram",Iron Ore,Capesize,209701,8959.2,1831.9,781.1,3.3,None,1908.0,48.87
2025-04-28,"Ponta da Madeira, Brazil - Haldia",Iron Ore,Panamax,83149,9206.8,1418.2,766.0,1.7,None,1274.0,54.82
2025-04-28,"Ponta da Madeira, Brazil - Visakhapatnam",Iron Ore,Panamax,71490,8964.6,1418.2,800.1,1.1,None,1560.0,49.66
2025-04-28,"Samarinda, Indonesia - Paradip",Thermal Coal,Panamax,79119,2577.8,1418.2,801.4,1.6,None,1395.0,15.65
2025-04-28,"Taboneo, Indonesia - Ennore",Thermal Coal,Supramax,61863,2689.7,1826.7,780.9,0.0,None,1972.0,20.78
2025-05-05,"Abbot Point, Australia - Haldia",Coal,Panamax,75998,5103.7,1422.2,808.7,2.2,None,1490.0,33.21
2025-05-05,"Abbot Point, Australia - Kolkata",Coal,Supramax,56269,5114.5,1854.6,815.2,4.1,None,1561.0,40.95
2025-05-05,"Abbot Point, Australia - Paradip",Coal,Handysize,36964,5127.9,1014.4,833.4,1.2,None,1070.0,33.33
2025-05-05,"Dampier, Australia - Paradip",Iron Ore,Panamax,69395,3570.5,1422.2,816.8,1.6,None,1493.0,21.91
2025-05-05,"Hay Point, Australia - Kolkata",Coking Coal,Panamax,69801,5235.2,1422.2,792.4,2.4,None,1612.0,30.36
2025-05-05,"Nacala, Mozambique - Visakhapatnam",Coking Coal,Supramax,60436,3755.5,1854.6,794.5,1.7,None,1617.0,29.66
2025-05-05,"Newcastle, Australia - Haldia",Thermal Coal,Handysize,37726,5795.2,1014.4,772.6,1.9,None,831.0,35.43
2025-05-05,"Ponta da Madeira, Brazil - Ennore",Iron Ore,Capesize,189210,8806.3,1957.4,804.9,3.6,None,1898.0,52.51
2025-05-05,"Ponta da Madeira, Brazil - Gangavaram",Iron Ore,Panamax,69981,8959.2,1422.2,811.7,1.5,None,1407.0,48.17
2025-05-05,"Ponta da Madeira, Brazil - Kolkata",Iron Ore,Panamax,79469,9207.4,1422.2,775.0,1.7,None,1364.0,54.56
2025-05-05,"Taboneo, Indonesia - Kolkata",Thermal Coal,Handysize,33413,2594.2,1014.4,831.0,4.1,None,994.0,16.36
2025-05-05,"Tubarao, Brazil - Gangavaram",Iron Ore,Panamax,69753,8973.4,1422.2,819.1,2.1,None,1485.0,50.06
2025-05-05,"Vancouver, Canada - Kolkata",Coking Coal,Panamax,67327,7293.3,1422.2,855.8,2.5,None,1392.0,46.54
2025-05-05,"Vancouver, Canada - Paradip",Coking Coal,Supramax,54355,7484.8,1854.6,814.4,1.8,None,1760.0,61.7
2025-05-12,"Abbot Point, Australia - Ennore",Coal,Handysize,29456,5277.3,995.9,795.4,0.2,None,1155.0,30.43
2025-05-12,"Abbot Point, Australia - Visakhapatnam",Coal,Supramax,61636,5233.1,1839.3,779.9,3.4,None,1738.0,41.23
2025-05-12,"Dampier, Australia - Gangavaram",Iron Ore,Capesize,161650,3569.6,1851.8,823.6,2.8,None,1876.0,21.78
2025-05-12,"Dampier, Australia - Haldia",Iron Ore,Capesize,172248,3608.6,1851.8,787.5,3.5,None,1912.0,19.83
2025-05-12,"Dampier, Australia - Paradip",Iron Ore,Capesize,157330,3570.5,1851.8,777.9,2.2,None,1813.0,19.88
2025-05-12,"Durban, South Africa - Paradip",Coal,Handysize,33441,5193.0,995.9,794.5,2.2,None,946.0,28.18
2025-05-12,"Gladstone, Australia - Paradip",Coal,Handysize,31606,5442.2,995.9,769.9,1.7,None,1113.0,33.56
2025-05-12,"Hay Point, Australia - Visakhapatnam",Coking Coal,Handysize,30347,5348.2,995.9,785.8,3.5,None,1200.0,31.79
2025-05-12,"Nacala, Mozambique - Gangavaram",Coking Coal,Handysize,39081,3745.9,995.9,794.6,1.5,None,994.0,21.87
2025-05-12,"Norfolk, USA - Gangavaram",Coking Coal,Handysize,32908,8662.0,995.9,792.0,0.6,None,1022.0,50.89
2025-05-12,"Ponta da Madeira, Brazil - Paradip",Iron Ore,Panamax,77244,9142.2,1402.8,810.1,0.4,None,1307.0,50.77
2025-05-12,"Ponta da Madeira, Brazil - Visakhapatnam",Iron Ore,Panamax,68121,8964.6,1402.8,782.7,2.5,None,1334.0,56.99
2025-05-12,"Tubarao, Brazil - Visakhapatnam",Iron Ore,Capesize,178956,8981.5,1851.8,785.8,2.7,None,1910.0,55.87
2025-05-12,"Vale do Rio Doce, Brazil - Gangavaram",Iron Ore,Panamax,71400,9121.7,1402.8,794.7,3.9,None,1433.0,50.57
2025-05-12,"Vale do Rio Doce, Brazil - Kolkata",Iron Ore,Panamax,71865,9512.7,1402.8,790.2,3.1,None,1351.0,55.6
2025-05-12,"Vancouver, Canada - Ennore",Coking Coal,Supramax,61833,8088.7,1839.3,795.9,0.8,None,1964.0,58.07
2025-05-19,"Abbot Point, Australia - Kolkata",Coal,Handysize,28872,5114.5,1047.0,777.8,2.9,None,954.0,31.88
2025-05-19,"Dampier, Australia - Gangavaram",Iron Ore,Panamax,76554,3569.6,1326.4,754.6,4.0,None,1347.0,20.98
2025-05-19,"Dampier, Australia - Kolkata",Iron Ore,Capesize,196162,3635.9,1846.5,786.6,1.8,None,1775.0,21.04
2025-05-19,"Durban, South Africa - Paradip",Coal,Supramax,49507,5193.0,1901.8,791.3,0.0,None,1932.0,44.44
2025-05-19,"Gladstone, Australia - Paradip",Coal,Supramax,52294,5442.2,1901.8,755.2,2.4,None,2112.0,39.67
2025-05-19,"Nacala, Mozambique - Paradip",Coking Coal,Handysize,32671,4041.9,1047.0,795.5,0.0,None,1101.0,24.31
2025-05-19,"Norfolk, USA - Gangavaram",Coking Coal,Supramax,53953,8662.0,1901.8,733.8,0.0,None,1921.0,69.26
2025-05-19,"Norfolk, USA - Kolkata",Coking Coal,Panamax,81802,8420.2,1326.4,765.3,1.7,None,1492.0,46.39
2025-05-19,"Norfolk, USA - Visakhapatnam",Coking Coal,Handysize,33134,8657.5,1047.0,761.6,1.5,None,990.0,52.87
2025-05-19,"Ponta da Madeira, Brazil - Visakhapatnam",Iron Ore,Capesize,207011,8964.6,1846.5,799.1,2.5,None,1801.0,53.58
2025-05-19,"Richards Bay, South Africa - Ennore",Coking Coal,Supramax,57244,4452.0,1901.8,778.3,1.8,None,1911.0,32.08
2025-05-19,"Richards Bay, South Africa - Kolkata",Coking Coal,Handysize,29998,5292.9,1047.0,777.0,0.8,None,1065.0,33.66
2025-05-19,"Samarinda, Indonesia - Ennore",Thermal Coal,Supramax,52423,2762.6,1901.8,792.5,2.4,None,1924.0,20.79
2025-05-19,"Samarinda, Indonesia - Kolkata",Thermal Coal,Panamax,69297,2573.8,1326.4,795.8,1.7,None,1300.0,14.6
2025-05-19,"Taboneo, Indonesia - Paradip",Thermal Coal,Handysize,35462,2575.5,1047.0,791.4,3.9,None,1117.0,16.54
2025-05-19,"Taboneo, Indonesia - Visakhapatnam",Thermal Coal,Supramax,54094,2652.9,1901.8,792.0,1.3,None,1752.0,19.86
2025-05-19,"Vale do Rio Doce, Brazil - Gangavaram",Iron Ore,Panamax,65589,9121.7,1326.4,777.2,2.2,None,1338.0,54.63
2025-05-19,"Vale do Rio Doce, Brazil - Kolkata",Iron Ore,Capesize,186736,9512.7,1846.5,776.8,2.4,None,1759.0,49.8
2025-05-19,"Vale do Rio Doce, Brazil - Paradip",Iron Ore,Capesize,151906,9380.1,1846.5,796.8,3.0,None,1688.0,52.77
2025-05-19,"Vancouver, Canada - Ennore",Coking Coal,Supramax,48204,8088.7,1901.8,795.2,3.0,None,1890.0,54.41
2025-05-19,"Vancouver, Canada - Gangavaram",Coking Coal,Handysize,38982,7739.2,1047.0,776.4,0.5,None,1064.0,45.23
2025-05-26,"Abbot Point, Australia - Ennore",Coal,Supramax,61012,5277.3,1860.7,784.0,2.3,None,1884.0,39.85
2025-05-26,"Dampier, Australia - Kolkata",Iron Ore,Capesize,153170,3635.9,1972.5,790.9,1.3,None,1819.0,22.39
2025-05-26,"Dampier, Australia - Paradip",Iron Ore,Panamax,68058,3570.5,1060.2,774.7,1.4,None,1124.0,18.17
2025-05-26,"Durban, South Africa - Gangavaram",Coal,Supramax,60812,4895.8,1860.7,775.4,0.5,None,1727.0,37.22
2025-05-26,"Gladstone, Australia - Paradip",Coal,Panamax,70960,5442.2,1060.2,766.5,1.9,None,1008.0,28.79
2025-05-26,"Hay Point, Australia - Haldia",Coking Coal,Handysize,35293,5223.9,1055.4,800.0,2.1,None,1045.0,31.2
2025-05-26,"Hay Point, Australia - Paradip",Coking Coal,Panamax,79500,5246.5,1060.2,775.4,1.9,None,1049.0,25.34
2025-05-26,"Nacala, Mozambique - Haldia",Coking Coal,Handysize,28616,4191.3,1055.4,751.5,0.0,None,1089.0,25.82
2025-05-26,"Nacala, Mozambique - Visakhapatnam",Coking Coal,Supramax,49205,3755.5,1860.7,777.5,1.2,None,1974.0,25.31
2025-05-26,"Newcastle, Australia - Gangavaram",Thermal Coal,Supramax,56832,5850.9,1860.7,778.4,3.9,None,1920.0,46.84
2025-05-26,"Newcastle, Australia - Haldia",Thermal Coal,Handysize,31618,5795.2,1055.4,738.0,2.8,None,997.0,29.67
2025-05-26,"Ponta da Madeira, Brazil - Ennore",Iron Ore,Capesize,168070,8806.3,1972.5,790.2,2.5,None,1860.0,50.11
2025-05-26,"Saldanha Bay, South Africa - Haldia",Iron Ore,Capesize,186667,6135.1,1972.5,770.8,1.5,None,2035.0,36.13
2025-05-26,"Saldanha Bay, South Africa - Kolkata",Iron Ore,Capesize,157546,6171.5,1972.5,776.5,2.6,None,2042.0,35.86
2025-05-26,"Saldanha Bay, South Africa - Visakhapatnam",Iron Ore,Capesize,184433,5695.2,1972.5,779.7,2.5,None,2135.0,33.13
2025-05-26,"Samarinda, Indonesia - Visakhapatnam",Thermal Coal,Supramax,56520,2685.9,1860.7,775.7,1.3,None,2059.0,20.92
2025-05-26,"Taboneo, Indonesia - Haldia",Thermal Coal,Panamax,67410,2575.7,1060.2,776.5,3.1,None,1058.0,12.54
2025-05-26,"Vale do Rio Doce, Brazil - Gangavaram",Iron Ore,Capesize,204227,9121.7,1972.5,771.2,1.9,None,1995.0,52.31
2025-06-02,"Abbot Point, Australia - Gangavaram",Coal,Panamax,68727,5235.8,942.8,745.3,0.0,None,1009.0,25.53
2025-06-02,"Abbot Point, Australia - Visakhapatnam",Coal,Supramax,53623,5233.1,1900.4,789.8,2.0,None,1770.0,35.4
2025-06-02,"Dampier, Australia - Gangavaram",Iron Ore,Capesize,192053,3569.6,2046.6,773.9,1.3,None,2121.0,22.36
2025-06-02,"Dampier, Australia - Kolkata",Iron Ore,Panamax,68835,3635.9,942.8,758.3,0.1,None,912.0,17.96
2025-06-02,"Gladstone, Australia - Paradip",Coal,Handysize,30150,5442.2,1032.6,737.1,0.4,None,1175.0,30.5
2025-06-02,"Hay Point, Australia - Kolkata",Coking Coal,Supramax,54297,5235.2,1900.4,763.4,2.7,None,1788.0,37.84
2025-06-02,"Norfolk, USA - Gangavaram",Coking Coal,Handysize,30914,8662.0,1032.6,766.1,0.5,None,1044.0,53.92
2025-06-02,"Richards Bay, South Africa - Paradip",Coking Coal,Panamax,73979,5101.3,942.8,767.9,1.5,None,908.0,24.13
2025-06-02,"Richards Bay, South Africa - Visakhapatnam",Coking Coal,Handysize,29764,4813.7,1032.6,769.4,4.4,None,1061.0,29.29
2025-06-02,"Saldanha Bay, South Africa - Ennore",Iron Ore,Capesize,203668,5338.7,2046.6,751.1,1.8,None,2118.0,33.52
2025-06-02,"Saldanha Bay, South Africa - Gangavaram",Iron Ore,Panamax,79828,5685.5,942.8,761.4,0.0,None,928.0,27.99
2025-06-02,"Saldanha Bay, South Africa - Haldia",Iron Ore,Capesize,168581,6135.1,2046.6,769.9,3.1,None,1979.0,38.44
2025-06-02,"Samarinda, Indonesia - Haldia",Thermal Coal,Panamax,74435,2560.1,942.8,772.2,2.4,None,1069.0,13.54
2025-06-02,"Samarinda, Indonesia - Kolkata",Thermal Coal,Supramax,50463,2573.8,1900.4,780.8,1.4,None,1672.0,21.25
2025-06-02,"Taboneo, Indonesia - Haldia",Thermal Coal,Supramax,53323,2575.7,1900.4,775.6,3.2,None,1912.0,20.12
2025-06-02,"Vale do Rio Doce, Brazil - Haldia",Iron Ore,Capesize,171463,9494.8,2046.6,756.6,0.9,None,1905.0,54.4
2025-06-09,"Dampier, Australia - Haldia",Iron Ore,Capesize,152177,3608.6,1892.2,760.3,3.4,None,1854.0,19.08
2025-06-09,"Newcastle, Australia - Paradip",Thermal Coal,Supramax,53902,5793.4,1835.6,742.6,1.7,None,2041.0,43.68
2025-06-09,"Norfolk, USA - Ennore",Coking Coal,Supramax,53098,8874.7,1835.6,741.0,1.9,None,1775.0,65.08
2025-06-09,"Norfolk, USA - Haldia",Coking Coal,Handysize,28003,8458.2,953.0,771.4,4.2,None,940.0,47.9
2025-06-09,"Norfolk, USA - Paradip",Coking Coal,Supramax,59827,8548.6,1835.6,739.9,2.6,None,1728.0,58.51
2025-06-09,"Richards Bay, South Africa - Gangavaram",Coking Coal,Handysize,37930,4804.0,953.0,734.5,1.2,None,876.0,23.66
2025-06-09,"Richards Bay, South Africa - Paradip",Coking Coal,Supramax,50516,5101.3,1835.6,739.8,1.6,None,1940.0,37.51
2025-06-09,"Richards Bay, South Africa - Visakhapatnam",Coking Coal,Panamax,78918,4813.7,959.2,748.0,3.5,None,1016.0,24.19
2025-06-09,"Saldanha Bay, South Africa - Gangavaram",Iron Ore,Panamax,74262,5685.5,959.2,746.3,3.6,None,1074.0,26.75
2025-06-09,"Saldanha Bay, South Africa - Kolkata",Iron Ore,Panamax,71144,6171.5,959.2,765.4,4.5,None,932.0,30.61
2025-06-09,"Saldanha Bay, South Africa - Paradip",Iron Ore,Capesize,165035,5982.9,1892.2,745.2,1.4,None,1971.0,33.8
2025-06-09,"Saldanha Bay, South Africa - Visakhapatnam",Iron Ore,Panamax,88391,5695.2,959.2,761.0,1.9,None,871.0,26.98
2025-06-09,"Taboneo, Indonesia - Haldia",Thermal Coal,Panamax,71676,2575.7,959.2,753.9,1.7,None,877.0,13.08
2025-06-09,"Taboneo, Indonesia - Paradip",Thermal Coal,Handysize,37209,2575.5,953.0,746.1,3.1,None,947.0,14.55
2025-06-09,"Tubarao, Brazil - Haldia",Iron Ore,Panamax,89924,9350.8,959.2,777.5,4.7,None,904.0,47.2
2025-06-09,"Tubarao, Brazil - Visakhapatnam",Iron Ore,Capesize,168323,8981.5,1892.2,745.1,1.5,None,1789.0,47.99
2025-06-09,"Vale do Rio Doce, Brazil - Paradip",Iron Ore,Capesize,200923,9380.1,1892.2,725.3,1.9,None,1973.0,55.51
2025-06-16,"Gladstone, Australia - Paradip",Coal,Supramax,60259,5442.2,1754.6,742.5,5.2,Indian monsoon season port slowdown,2159.0,36.59
2025-06-16,"Hay Point, Australia - Ennore",Coking Coal,Handysize,37696,5386.7,982.9,747.5,5.7,Indian monsoon season port slowdown,1020.0,31.77
2025-06-16,"Hay Point, Australia - Paradip",Coking Coal,Panamax,85871,5246.5,965.7,736.0,3.1,Indian monsoon season port slowdown,1076.0,27.61
2025-06-16,"Hay Point, Australia - Visakhapatnam",Coking Coal,Handysize,32011,5348.2,982.9,748.0,4.3,Indian monsoon season port slowdown,1011.0,33.5
2025-06-16,"Nacala, Mozambique - Ennore",Coking Coal,Panamax,73290,3410.6,965.7,709.1,2.7,Indian monsoon season port slowdown,1040.0,15.82
2025-06-16,"Nacala, Mozambique - Haldia",Coking Coal,Supramax,54320,4191.3,1754.6,743.6,4.8,Indian monsoon season port slowdown,2139.0,35.56
2025-06-16,"Newcastle, Australia - Ennore",Thermal Coal,Handysize,34725,5823.9,982.9,742.7,2.8,Indian monsoon season port slowdown,995.0,35.13
2025-06-16,"Norfolk, USA - Gangavaram",Coking Coal,Supramax,49538,8662.0,1754.6,710.0,4.3,Indian monsoon season port slowdown,1787.0,62.61
2025-06-16,"Norfolk, USA - Visakhapatnam",Coking Coal,Handysize,30130,8657.5,982.9,768.3,3.7,Indian monsoon season port slowdown,947.0,55.84
2025-06-16,"Richards Bay, South Africa - Haldia",Coking Coal,Panamax,72145,5255.1,965.7,722.0,5.6,Indian monsoon season port slowdown,1123.0,25.34
2025-06-16,"Saldanha Bay, South Africa - Ennore",Iron Ore,Capesize,155364,5338.7,1981.3,741.0,4.4,Indian monsoon season port slowdown,2451.0,31.56
2025-06-16,"Taboneo, Indonesia - Ennore",Thermal Coal,Supramax,48963,2689.7,1754.6,745.4,1.4,Indian monsoon season port slowdown,1954.0,20.11
2025-06-16,"Taboneo, Indonesia - Visakhapatnam",Thermal Coal,Handysize,39077,2652.9,982.9,736.0,5.5,Indian monsoon season port slowdown,1043.0,16.69
2025-06-16,"Tubarao, Brazil - Haldia",Iron Ore,Panamax,73548,9350.8,965.7,735.3,3.5,Indian monsoon season port slowdown,1098.0,43.73
2025-06-23,"Gladstone, Australia - Gangavaram",Coal,Handysize,38478,5539.5,1001.1,747.5,4.6,Indian monsoon season port slowdown,1095.0,32.88
2025-06-23,"Nacala, Mozambique - Gangavaram",Coking Coal,Panamax,84224,3745.9,1024.0,725.4,6.1,Indian monsoon season port slowdown,1029.0,21.58
2025-06-23,"Ponta da Madeira, Brazil - Haldia",Iron Ore,Panamax,72681,9206.8,1024.0,701.0,4.2,Indian monsoon season port slowdown,1136.0,43.55
2025-06-23,"Richards Bay, South Africa - Kolkata",Coking Coal,Handysize,35199,5292.9,1001.1,762.8,2.9,Indian monsoon season port slowdown,1016.0,34.32
2025-06-23,"Saldanha Bay, South Africa - Gangavaram",Iron Ore,Capesize,169112,5685.5,1930.4,749.4,2.4,Indian monsoon season port slowdown,1949.0,35.42
2025-06-23,"Saldanha Bay, South Africa - Haldia",Iron Ore,Panamax,71850,6135.1,1024.0,727.7,4.0,Indian monsoon season port slowdown,1032.0,30.84
2025-06-23,"Samarinda, Indonesia - Visakhapatnam",Thermal Coal,Handysize,31647,2685.9,1001.1,737.1,4.6,Indian monsoon season port slowdown,1046.0,15.28
2025-06-23,"Taboneo, Indonesia - Kolkata",Thermal Coal,Panamax,80841,2594.2,1024.0,737.0,4.4,Indian monsoon season port slowdown,1177.0,12.91
2025-06-23,"Tubarao, Brazil - Paradip",Iron Ore,Panamax,72374,9234.1,1024.0,748.9,4.7,Indian monsoon season port slowdown,911.0,49.91
2025-06-23,"Vale do Rio Doce, Brazil - Ennore",Iron Ore,Panamax,68172,8858.1,1024.0,758.6,5.5,Indian monsoon season port slowdown,1023.0,45.17
2025-06-30,"Dampier, Australia - Gangavaram",Iron Ore,Capesize,151340,3569.6,1984.8,717.7,3.8,Indian monsoon season port slowdown,2009.0,20.4
2025-06-30,"Gladstone, Australia - Paradip",Coal,Panamax,82801,5442.2,1032.9,702.1,5.9,Indian monsoon season port slowdown,986.0,27.23
2025-06-30,"Gladstone, Australia - Visakhapatnam",Coal,Panamax,76539,5537.2,1032.9,716.4,3.1,Indian monsoon season port slowdown,1106.0,29.96
2025-06-30,"Newcastle, Australia - Ennore",Thermal Coal,Supramax,57475,5823.9,1795.8,720.3,5.6,Indian monsoon season port slowdown,1903.0,48.33
2025-06-30,"Richards Bay, South Africa - Paradip",Coking Coal,Handysize,31415,5101.3,1008.4,743.0,5.2,Indian monsoon season port slowdown,1047.0,31.71
2025-06-30,"Saldanha Bay, South Africa - Ennore",Iron Ore,Capesize,182157,5338.7,1984.8,732.0,3.2,Indian monsoon season port slowdown,2217.0,29.97
2025-06-30,"Taboneo, Indonesia - Gangavaram",Thermal Coal,Handysize,32530,2655.0,1008.4,700.3,2.9,Indian monsoon season port slowdown,1093.0,15.66
2025-06-30,"Taboneo, Indonesia - Haldia",Thermal Coal,Supramax,61445,2575.7,1795.8,717.0,4.2,Indian monsoon season port slowdown,1879.0,18.17
2025-06-30,"Tubarao, Brazil - Visakhapatnam",Iron Ore,Panamax,83495,8981.5,1032.9,729.2,6.6,Indian monsoon season port slowdown,1076.0,46.19
2025-06-30,"Vale do Rio Doce, Brazil - Gangavaram",Iron Ore,Capesize,206964,9121.7,1984.8,733.3,4.8,Indian monsoon season port slowdown,1767.0,57.18
2025-07-07,"Dampier, Australia - Haldia",Iron Ore,Capesize,156296,3608.6,2027.3,708.1,3.9,Indian monsoon season port slowdown,1914.0,21.12
2025-07-07,"Hay Point, Australia - Visakhapatnam",Coking Coal,Supramax,58045,5348.2,1917.2,701.0,5.4,Indian monsoon season port slowdown,1989.0,34.99
2025-07-07,"Nacala, Mozambique - Paradip",Coking Coal,Supramax,61138,4041.9,1917.2,721.2,4.8,Indian monsoon season port slowdown,2118.0,33.07
2025-07-14,"Abbot Point, Australia - Ennore",Coal,Handysize,36008,5277.3,947.7,708.0,4.8,Indian monsoon season port slowdown,1004.0,31.15
2025-07-14,"Abbot Point, Australia - Gangavaram",Coal,Handysize,37612,5235.8,947.7,707.8,6.0,Indian monsoon season port slowdown,1059.0,28.51
2025-07-14,"Dampier, Australia - Haldia",Iron Ore,Panamax,89082,3608.6,1157.2,724.3,4.6,Indian monsoon season port slowdown,1091.0,17.0
2025-07-14,"Durban, South Africa - Haldia",Coal,Panamax,78928,5347.0,1157.2,716.0,3.8,Indian monsoon season port slowdown,1150.0,28.23
2025-07-14,"Gladstone, Australia - Visakhapatnam",Coal,Handysize,36414,5537.2,947.7,718.2,3.0,Indian monsoon season port slowdown,955.0,30.1
2025-07-14,"Hay Point, Australia - Kolkata",Coking Coal,Panamax,79916,5235.2,1157.2,711.2,4.2,Indian monsoon season port slowdown,1177.0,27.86
2025-07-14,"Nacala, Mozambique - Ennore",Coking Coal,Handysize,33727,3410.6,947.7,697.3,4.1,Indian monsoon season port slowdown,1001.0,19.8
2025-07-14,"Nacala, Mozambique - Kolkata",Coking Coal,Supramax,54542,4225.9,1882.1,732.8,2.7,Indian monsoon season port slowdown,2056.0,31.9
2025-07-14,"Newcastle, Australia - Kolkata",Thermal Coal,Handysize,39680,5812.9,947.7,722.7,3.2,Indian monsoon season port slowdown,1020.0,33.25
2025-07-14,"Ponta da Madeira, Brazil - Gangavaram",Iron Ore,Panamax,78885,8959.2,1157.2,749.2,5.3,Indian monsoon season port slowdown,1246.0,49.88
2025-07-14,"Richards Bay, South Africa - Kolkata",Coking Coal,Panamax,86095,5292.9,1157.2,702.8,4.8,Indian monsoon season port slowdown,1120.0,28.14
2025-07-14,"Tubarao, Brazil - Kolkata",Iron Ore,Capesize,156285,9369.5,2178.8,712.9,1.4,Indian monsoon season port slowdown,1789.0,55.27
2025-07-14,"Vale do Rio Doce, Brazil - Haldia",Iron Ore,Panamax,89824,9494.8,1157.2,713.4,4.2,Indian monsoon season port slowdown,1426.0,52.17
2025-07-14,"Vancouver, Canada - Visakhapatnam",Coking Coal,Supramax,55494,7730.4,1882.1,712.5,4.8,Indian monsoon season port slowdown,2035.0,59.67
2025-07-21,"Abbot Point, Australia - Paradip",Coal,Panamax,82385,5127.9,1093.8,742.5,3.1,Indian monsoon season port slowdown,1176.0,27.06
2025-07-21,"Dampier, Australia - Gangavaram",Iron Ore,Panamax,79987,3569.6,1093.8,739.5,5.5,Indian monsoon season port slowdown,1032.0,18.14
2025-07-21,"Dampier, Australia - Visakhapatnam",Iron Ore,Capesize,189410,3570.3,2193.4,725.1,6.8,Indian monsoon season port slowdown,2586.0,21.15
2025-07-21,"Durban, South Africa - Paradip",Coal,Supramax,61840,5193.0,1869.3,759.7,3.9,Indian monsoon season port slowdown,2038.0,37.83
2025-07-21,"Gladstone, Australia - Ennore",Coal,Handysize,37693,5565.0,941.3,764.5,3.9,Indian monsoon season port slowdown,1090.0,32.4
2025-07-21,"Gladstone, Australia - Haldia",Coal,Supramax,48721,5423.2,1869.3,752.3,4.6,Indian monsoon season port slowdown,2282.0,40.1
2025-07-21,"Hay Point, Australia - Ennore",Coking Coal,Supramax,49035,5386.7,1869.3,736.4,3.0,Indian monsoon season port slowdown,2048.0,44.23
2025-07-21,"Hay Point, Australia - Visakhapatnam",Coking Coal,Handysize,28688,5348.2,941.3,712.8,3.2,Indian monsoon season port slowdown,1002.0,33.09
2025-07-21,"Nacala, Mozambique - Paradip",Coking Coal,Handysize,29332,4041.9,941.3,783.4,3.6,Indian monsoon season port slowdown,1030.0,24.87
2025-07-21,"Newcastle, Australia - Kolkata",Thermal Coal,Panamax,71258,5812.9,1093.8,724.2,5.8,Indian monsoon season port slowdown,1180.0,30.46
2025-07-21,"Norfolk, USA - Gangavaram",Coking Coal,Supramax,50151,8662.0,1869.3,755.9,4.1,Indian monsoon season port slowdown,2001.0,69.33
2025-07-21,"Ponta da Madeira, Brazil - Ennore",Iron Ore,Capesize,187502,8806.3,2193.4,732.2,6.1,Indian monsoon season port slowdown,2453.0,53.89
2025-07-21,"Richards Bay, South Africa - Gangavaram",Coking Coal,Supramax,54545,4804.0,1869.3,756.9,5.6,Indian monsoon season port slowdown,1614.0,36.47
2025-07-21,"Richards Bay, South Africa - Kolkata",Coking Coal,Handysize,31393,5292.9,941.3,752.3,3.7,Indian monsoon season port slowdown,1082.0,32.51
2025-07-21,"Saldanha Bay, South Africa - Kolkata",Iron Ore,Capesize,177673,6171.5,2193.4,748.1,6.8,Indian monsoon season port slowdown,2611.0,38.86
2025-07-21,"Saldanha Bay, South Africa - Paradip",Iron Ore,Panamax,65951,5982.9,1093.8,713.7,5.2,Indian monsoon season port slowdown,1099.0,30.2
2025-07-21,"Samarinda, Indonesia - Kolkata",Thermal Coal,Panamax,72994,2573.8,1093.8,749.8,5.3,Indian monsoon season port slowdown,1215.0,13.64
2025-07-21,"Taboneo, Indonesia - Ennore",Thermal Coal,Supramax,60936,2689.7,1869.3,776.4,4.9,Indian monsoon season port slowdown,2068.0,20.1
2025-07-21,"Taboneo, Indonesia - Gangavaram",Thermal Coal,Handysize,32624,2655.0,941.3,735.2,4.3,Indian monsoon season port slowdown,998.0,14.85
2025-07-21,"Taboneo, Indonesia - Kolkata",Thermal Coal,Handysize,37785,2594.2,941.3,739.6,6.8,Indian monsoon season port slowdown,929.0,14.71
2025-07-21,"Tubarao, Brazil - Ennore",Iron Ore,Capesize,179978,8706.6,2193.4,763.3,4.1,Indian monsoon season port slowdown,2217.0,57.81
2025-07-21,"Vale do Rio Doce, Brazil - Ennore",Iron Ore,Panamax,72829,8858.1,1093.8,726.5,3.1,Indian monsoon season port slowdown,1347.0,44.11
2025-07-21,"Vale do Rio Doce, Brazil - Gangavaram",Iron Ore,Capesize,206277,9121.7,2193.4,735.2,2.9,Indian monsoon season port slowdown,2289.0,56.09
2025-07-21,"Vale do Rio Doce, Brazil - Visakhapatnam",Iron Ore,Capesize,182279,9129.7,2193.4,723.4,4.6,Indian monsoon season port slowdown,2378.0,55.59
2025-07-21,"Vancouver, Canada - Ennore",Coking Coal,Panamax,81849,8088.7,1093.8,746.4,6.1,Indian monsoon season port slowdown,1212.0,43.44
2025-07-21,"Vancouver, Canada - Gangavaram",Coking Coal,Supramax,50203,7739.2,1869.3,735.1,4.2,Indian monsoon season port slowdown,2179.0,59.25
2025-07-21,"Vancouver, Canada - Visakhapatnam",Coking Coal,Panamax,82826,7730.4,1093.8,720.9,4.3,Indian monsoon season port slowdown,1239.0,40.33
2025-07-28,"Durban, South Africa - Gangavaram",Coal,Supramax,50647,4895.8,1775.4,712.8,5.7,Indian monsoon season port slowdown,1682.0,36.04
2025-07-28,"Durban, South Africa - Visakhapatnam",Coal,Panamax,74677,4905.5,1086.1,716.9,4.0,Indian monsoon season port slowdown,1232.0,25.06
2025-07-28,"Gladstone, Australia - Ennore",Coal,Panamax,84165,5565.0,1086.1,718.3,4.7,Indian monsoon season port slowdown,1191.0,29.09
2025-07-28,"Gladstone, Australia - Paradip",Coal,Handysize,39313,5442.2,960.3,716.3,3.7,Indian monsoon season port slowdown,1079.0,29.32
2025-07-28,"Hay Point, Australia - Ennore",Coking Coal,Handysize,30621,5386.7,960.3,710.2,4.3,Indian monsoon season port slowdown,1036.0,30.04
2025-07-28,"Nacala, Mozambique - Kolkata",Coking Coal,Supramax,61355,4225.9,1775.4,726.8,4.1,Indian monsoon season port slowdown,1681.0,27.73
2025-07-28,"Newcastle, Australia - Haldia",Thermal Coal,Panamax,83373,5795.2,1086.1,721.3,4.9,Indian monsoon season port slowdown,1247.0,28.28
2025-07-28,"Newcastle, Australia - Visakhapatnam",Thermal Coal,Panamax,83552,5849.9,1086.1,686.4,2.3,Indian monsoon season port slowdown,1350.0,29.46
2025-07-28,"Norfolk, USA - Ennore",Coking Coal,Supramax,49424,8874.7,1775.4,680.6,5.1,Indian monsoon season port slowdown,1880.0,65.8
2025-07-28,"Ponta da Madeira, Brazil - Kolkata",Iron Ore,Capesize,207815,9207.4,1971.2,685.8,2.7,Indian monsoon season port slowdown,2022.0,49.45
2025-07-28,"Richards Bay, South Africa - Haldia",Coking Coal,Supramax,56342,5255.1,1775.4,712.8,6.3,Indian monsoon season port slowdown,1746.0,39.61
2025-07-28,"Richards Bay, South Africa - Kolkata",Coking Coal,Supramax,52813,5292.9,1775.4,730.7,2.4,Indian monsoon season port slowdown,1891.0,38.59
2025-07-28,"Samarinda, Indonesia - Ennore",Thermal Coal,Panamax,74979,2762.6,1086.1,678.0,6.5,Indian monsoon season port slowdown,1177.0,14.16
2025-07-28,"Vancouver, Canada - Paradip",Coking Coal,Panamax,83524,7484.8,1086.1,713.6,6.0,Indian monsoon season port slowdown,1123.0,39.05
2025-08-04,"Abbot Point, Australia - Ennore",Coal,Panamax,82417,5277.3,959.9,741.9,4.1,Indian monsoon season port slowdown,1142.0,24.47
2025-08-04,"Dampier, Australia - Kolkata",Iron Ore,Panamax,86052,3635.9,959.9,719.7,5.6,Indian monsoon season port slowdown,950.0,17.99
2025-08-04,"Gladstone, Australia - Gangavaram",Coal,Handysize,31682,5539.5,959.0,740.7,3.3,Indian monsoon season port slowdown,1126.0,32.15
2025-08-04,"Hay Point, Australia - Gangavaram",Coking Coal,Handysize,30356,5350.8,959.0,729.9,3.9,Indian monsoon season port slowdown,1122.0,33.29
2025-08-04,"Hay Point, Australia - Visakhapatnam",Coking Coal,Supramax,56911,5348.2,1633.3,740.1,3.3,Indian monsoon season port slowdown,1714.0,40.58
2025-08-04,"Nacala, Mozambique - Paradip",Coking Coal,Panamax,84881,4041.9,959.9,735.4,6.3,Indian monsoon season port slowdown,1016.0,20.28
2025-08-04,"Norfolk, USA - Paradip",Coking Coal,Handysize,28970,8548.6,959.0,710.4,6.0,Indian monsoon season port slowdown,1156.0,49.1
2025-08-04,"Ponta da Madeira, Brazil - Paradip",Iron Ore,Capesize,166769,9142.2,1813.7,739.4,5.7,Indian monsoon season port slowdown,1970.0,47.14
2025-08-04,"Saldanha Bay, South Africa - Paradip",Iron Ore,Panamax,78111,5982.9,959.9,733.3,4.8,Indian monsoon season port slowdown,1048.0,30.59
2025-08-04,"Samarinda, Indonesia - Gangavaram",Thermal Coal,Supramax,50532,2689.0,1633.3,720.6,3.1,Indian monsoon season port slowdown,1597.0,20.9
2025-08-04,"Taboneo, Indonesia - Gangavaram",Thermal Coal,Handysize,37216,2655.0,959.0,679.1,3.3,Indian monsoon season port slowdown,1035.0,15.18
2025-08-04,"Vale do Rio Doce, Brazil - Gangavaram",Iron Ore,Capesize,187770,9121.7,1813.7,762.9,4.6,Indian monsoon season port slowdown,2141.0,50.16
2025-08-04,"Vale do Rio Doce, Brazil - Kolkata",Iron Ore,Panamax,79319,9512.7,959.9,707.2,6.1,Indian monsoon season port slowdown,1041.0,46.19
2025-08-11,"Abbot Point, Australia - Visakhapatnam",Coal,Panamax,73927,5233.1,1069.7,722.6,2.9,Indian monsoon season port slowdown,1148.0,27.36
2025-08-11,"Dampier, Australia - Visakhapatnam",Iron Ore,Panamax,89176,3570.3,1069.7,729.2,5.0,Indian monsoon season port slowdown,1165.0,18.72
2025-08-11,"Durban, South Africa - Kolkata",Coal,Handysize,29438,5384.9,956.8,702.1,5.5,Indian monsoon season port slowdown,997.0,32.01
2025-08-11,"Gladstone, Australia - Gangavaram",Coal,Supramax,54593,5539.5,1501.6,727.8,4.4,Indian monsoon season port slowdown,1594.0,36.03
2025-08-11,"Hay Point, Australia - Ennore",Coking Coal,Supramax,51020,5386.7,1501.6,725.2,4.2,Indian monsoon season port slowdown,1638.0,39.16
2025-08-11,"Hay Point, Australia - Paradip",Coking Coal,Handysize,31754,5246.5,956.8,754.9,6.6,Indian monsoon season port slowdown,1022.0,29.92
2025-08-11,"Hay Point, Australia - Visakhapatnam",Coking Coal,Supramax,57491,5348.2,1501.6,748.5,5.3,Indian monsoon season port slowdown,1566.0,37.74
2025-08-11,"Newcastle, Australia - Gangavaram",Thermal Coal,Handysize,28023,5850.9,956.8,757.6,4.0,Indian monsoon season port slowdown,1101.0,33.4
2025-08-11,"Saldanha Bay, South Africa - Visakhapatnam",Iron Ore,Panamax,67962,5695.2,1069.7,723.9,4.4,Indian monsoon season port slowdown,1299.0,32.21
2025-08-11,"Taboneo, Indonesia - Ennore",Thermal Coal,Handysize,34700,2689.7,956.8,733.3,5.7,Indian monsoon season port slowdown,1006.0,15.82
2025-08-11,"Taboneo, Indonesia - Haldia",Thermal Coal,Panamax,65996,2575.7,1069.7,732.4,5.8,Indian monsoon season port slowdown,1124.0,13.79
2025-08-11,"Vale do Rio Doce, Brazil - Ennore",Iron Ore,Panamax,83961,8858.1,1069.7,746.1,2.7,Indian monsoon season port slowdown,1367.0,47.34
2025-08-11,"Vale do Rio Doce, Brazil - Visakhapatnam",Iron Ore,Panamax,83322,9129.7,1069.7,734.1,6.8,Indian monsoon season port slowdown,1141.0,48.25
2025-08-11,"Vancouver, Canada - Paradip",Coking Coal,Handysize,39886,7484.8,956.8,724.8,3.7,Indian monsoon season port slowdown,965.0,42.45
2025-08-18,"Abbot Point, Australia - Visakhapatnam",Coal,Handysize,38399,5233.1,936.8,694.7,4.6,Indian monsoon season port slowdown,1017.0,28.49
2025-08-18,"Dampier, Australia - Gangavaram",Iron Ore,Capesize,165707,3569.6,1890.6,724.5,5.6,Indian monsoon season port slowdown,2095.0,21.39
2025-08-18,"Dampier, Australia - Visakhapatnam",Iron Ore,Panamax,72439,3570.3,1092.0,725.4,4.5,Indian monsoon season port slowdown,1090.0,19.22
2025-08-18,"Gladstone, Australia - Kolkata",Coal,Panamax,87943,5435.4,1092.0,714.2,5.0,Indian monsoon season port slowdown,1261.0,26.63
2025-08-18,"Gladstone, Australia - Paradip",Coal,Panamax,78782,5442.2,1092.0,712.7,2.7,Indian monsoon season port slowdown,1187.0,25.73
2025-08-18,"Hay Point, Australia - Ennore",Coking Coal,Handysize,31928,5386.7,936.8,740.4,5.8,Indian monsoon season port slowdown,1009.0,29.66
2025-08-18,"Nacala, Mozambique - Paradip",Coking Coal,Handysize,35261,4041.9,936.8,722.4,4.7,Indian monsoon season port slowdown,1038.0,23.83
2025-08-18,"Nacala, Mozambique - Visakhapatnam",Coking Coal,Supramax,56046,3755.5,1531.0,698.4,5.9,Indian monsoon season port slowdown,1597.0,26.79
2025-08-18,"Newcastle, Australia - Paradip",Thermal Coal,Supramax,56239,5793.4,1531.0,716.7,3.9,Indian monsoon season port slowdown,1602.0,40.39
2025-08-18,"Richards Bay, South Africa - Gangavaram",Coking Coal,Panamax,87695,4804.0,1092.0,714.1,2.5,Indian monsoon season port slowdown,1071.0,26.24
2025-08-18,"Richards Bay, South Africa - Kolkata",Coking Coal,Supramax,56452,5292.9,1531.0,716.9,3.6,Indian monsoon season port slowdown,1682.0,34.22
2025-08-18,"Saldanha Bay, South Africa - Visakhapatnam",Iron Ore,Capesize,194731,5695.2,1890.6,722.8,4.5,Indian monsoon season port slowdown,2210.0,31.26
2025-08-18,"Samarinda, Indonesia - Gangavaram",Thermal Coal,Panamax,70023,2689.0,1092.0,745.7,4.4,Indian monsoon season port slowdown,1255.0,14.41
2025-08-18,"Samarinda, Indonesia - Visakhapatnam",Thermal Coal,Supramax,57636,2685.9,1531.0,712.4,4.1,Indian monsoon season port slowdown,1621.0,20.51
2025-08-18,"Tubarao, Brazil - Paradip",Iron Ore,Capesize,191741,9234.1,1890.6,718.4,3.4,Indian monsoon season port slowdown,2473.0,49.1
2025-08-18,"Vale do Rio Doce, Brazil - Gangavaram",Iron Ore,Capesize,187198,9121.7,1890.6,749.7,4.1,Indian monsoon season port slowdown,2110.0,52.15
2025-08-18,"Vancouver, Canada - Kolkata",Coking Coal,Panamax,80392,7293.3,1092.0,712.4,4.2,Indian monsoon season port slowdown,1017.0,38.01
2025-08-25,"Abbot Point, Australia - Gangavaram",Coal,Supramax,58967,5235.8,1444.7,695.6,5.7,Indian monsoon season port slowdown,1579.0,33.84
2025-08-25,"Dampier, Australia - Haldia",Iron Ore,Capesize,169880,3608.6,2036.4,683.9,5.9,Indian monsoon season port slowdown,2085.0,19.97
2025-08-25,"Durban, South Africa - Kolkata",Coal,Panamax,72228,5384.9,1154.4,697.6,4.2,Indian monsoon season port slowdown,1377.0,26.19
2025-08-25,"Hay Point, Australia - Gangavaram",Coking Coal,Handysize,32919,5350.8,961.8,694.8,5.3,Indian monsoon season port slowdown,1080.0,31.65
2025-08-25,"Hay Point, Australia - Visakhapatnam",Coking Coal,Panamax,73165,5348.2,1154.4,691.3,3.8,Indian monsoon season port slowdown,1285.0,30.14
2025-08-25,"Nacala, Mozambique - Visakhapatnam",Coking Coal,Panamax,81912,3755.5,1154.4,703.8,6.3,Indian monsoon season port slowdown,1167.0,18.65
2025-08-25,"Ponta da Madeira, Brazil - Ennore",Iron Ore,Capesize,189643,8806.3,2036.4,699.6,5.5,Indian monsoon season port slowdown,1981.0,54.05
2025-08-25,"Ponta da Madeira, Brazil - Paradip",Iron Ore,Panamax,74790,9142.2,1154.4,711.3,4.9,Indian monsoon season port slowdown,1382.0,50.12
2025-08-25,"Richards Bay, South Africa - Haldia",Coking Coal,Supramax,58763,5255.1,1444.7,696.7,2.5,Indian monsoon season port slowdown,1510.0,31.99
2025-08-25,"Saldanha Bay, South Africa - Gangavaram",Iron Ore,Capesize,170063,5685.5,2036.4,692.7,3.2,Indian monsoon season port slowdown,2155.0,31.32
2025-08-25,"Taboneo, Indonesia - Ennore",Thermal Coal,Handysize,39813,2689.7,961.8,674.4,6.0,Indian monsoon season port slowdown,1108.0,14.97
2025-08-25,"Vale do Rio Doce, Brazil - Gangavaram",Iron Ore,Panamax,77388,9121.7,1154.4,709.0,2.4,Indian monsoon season port slowdown,1314.0,49.36
2025-08-25,"Vancouver, Canada - Ennore",Coking Coal,Handysize,36383,8088.7,961.8,702.4,5.5,Indian monsoon season port slowdown,1046.0,46.58
2025-09-01,"Dampier, Australia - Gangavaram",Iron Ore,Capesize,158840,3569.6,2074.2,669.7,3.0,Indian monsoon season port slowdown,2344.0,20.34
2025-09-01,"Durban, South Africa - Gangavaram",Coal,Panamax,85605,4895.8,1309.5,719.3,4.0,Indian monsoon season port slowdown,1445.0,27.4
2025-09-01,"Hay Point, Australia - Kolkata",Coking Coal,Supramax,60610,5235.2,1522.2,717.6,1.6,Indian monsoon season port slowdown,1711.0,37.5
2025-09-01,"Hay Point, Australia - Visakhapatnam",Coking Coal,Supramax,60040,5348.2,1522.2,693.0,4.8,Indian monsoon season port slowdown,1699.0,34.75
2025-09-01,"Nacala, Mozambique - Gangavaram",Coking Coal,Handysize,28588,3745.9,980.3,715.8,4.0,Indian monsoon season port slowdown,1116.0,22.49
2025-09-01,"Nacala, Mozambique - Visakhapatnam",Coking Coal,Supramax,57559,3755.5,1522.2,682.1,6.4,Indian monsoon season port slowdown,1829.0,24.01
2025-09-01,"Norfolk, USA - Ennore",Coking Coal,Supramax,56797,8874.7,1522.2,690.2,3.5,Indian monsoon season port slowdown,1723.0,65.73
2025-09-01,"Norfolk, USA - Gangavaram",Coking Coal,Panamax,84911,8662.0,1309.5,705.8,2.9,Indian monsoon season port slowdown,1323.0,50.0
2025-09-01,"Ponta da Madeira, Brazil - Ennore",Iron Ore,Capesize,156072,8806.3,2074.2,666.9,5.0,Indian monsoon season port slowdown,2139.0,48.35
2025-09-01,"Richards Bay, South Africa - Visakhapatnam",Coking Coal,Handysize,39464,4813.7,980.3,712.4,5.1,Indian monsoon season port slowdown,1094.0,28.47
2025-09-01,"Saldanha Bay, South Africa - Visakhapatnam",Iron Ore,Panamax,82473,5695.2,1309.5,709.7,3.6,Indian monsoon season port slowdown,1512.0,31.61
2025-09-01,"Samarinda, Indonesia - Visakhapatnam",Thermal Coal,Panamax,68475,2685.9,1309.5,722.2,3.6,Indian monsoon season port slowdown,1305.0,15.49
2025-09-01,"Vancouver, Canada - Ennore",Coking Coal,Supramax,60498,8088.7,1522.2,710.1,4.0,Indian monsoon season port slowdown,1925.0,51.38
2025-09-08,"Dampier, Australia - Gangavaram",Iron Ore,Capesize,194947,3569.6,1988.0,683.7,5.9,Indian monsoon season port slowdown,2114.0,21.93
2025-09-08,"Durban, South Africa - Ennore",Coal,Supramax,48525,4543.3,1618.1,669.8,4.5,Indian monsoon season port slowdown,1661.0,32.58
2025-09-08,"Gladstone, Australia - Paradip",Coal,Supramax,61116,5442.2,1618.1,674.7,5.6,Indian monsoon season port slowdown,1877.0,37.12
2025-09-08,"Hay Point, Australia - Ennore",Coking Coal,Supramax,50615,5386.7,1618.1,702.9,5.2,Indian monsoon season port slowdown,1727.0,39.28
2025-09-08,"Hay Point, Australia - Paradip",Coking Coal,Handysize,30576,5246.5,944.0,712.7,3.7,Indian monsoon season port slowdown,938.0,30.78
2025-09-08,"Nacala, Mozambique - Gangavaram",Coking Coal,Panamax,72011,3745.9,1418.4,693.5,4.6,Indian monsoon season port slowdown,1678.0,21.2
2025-09-08,"Nacala, Mozambique - Visakhapatnam",Coking Coal,Handysize,39077,3755.5,944.0,692.7,5.6,Indian monsoon season port slowdown,1096.0,20.96
2025-09-08,"Richards Bay, South Africa - Haldia",Coking Coal,Handysize,29713,5255.1,944.0,707.5,5.2,Indian monsoon season port slowdown,1048.0,27.96
2025-09-08,"Taboneo, Indonesia - Paradip",Thermal Coal,Handysize,36736,2575.5,944.0,706.2,4.7,Indian monsoon season port slowdown,954.0,13.91
2025-09-08,"Taboneo, Indonesia - Visakhapatnam",Thermal Coal,Handysize,30702,2652.9,944.0,684.0,3.8,Indian monsoon season port slowdown,1069.0,16.41
2025-09-08,"Tubarao, Brazil - Ennore",Iron Ore,Panamax,68697,8706.6,1418.4,668.1,2.9,Indian monsoon season port slowdown,1480.0,50.3
2025-09-08,"Tubarao, Brazil - Paradip",Iron Ore,Panamax,80986,9234.1,1418.4,721.8,4.0,Indian monsoon season port slowdown,1576.0,56.33
2025-09-08,"Vale do Rio Doce, Brazil - Haldia",Iron Ore,Panamax,86504,9494.8,1418.4,683.1,6.2,Indian monsoon season port slowdown,1404.0,55.43
2025-09-08,"Vale do Rio Doce, Brazil - Kolkata",Iron Ore,Panamax,79634,9512.7,1418.4,681.4,4.1,Indian monsoon season port slowdown,1659.0,55.77
2025-09-15,"Abbot Point, Australia - Kolkata",Coal,Supramax,59565,5114.5,1591.6,709.3,5.1,Indian monsoon season port slowdown,1705.0,36.98
2025-09-15,"Abbot Point, Australia - Visakhapatnam",Coal,Supramax,59434,5233.1,1591.6,693.5,3.5,Indian monsoon season port slowdown,1692.0,37.52
2025-09-15,"Dampier, Australia - Haldia",Iron Ore,Panamax,84069,3608.6,1421.5,684.7,5.5,Indian monsoon season port slowdown,1695.0,20.33
2025-09-15,"Dampier, Australia - Paradip",Iron Ore,Capesize,176633,3570.5,2124.3,696.7,5.0,Indian monsoon season port slowdown,2136.0,23.42
2025-09-15,"Durban, South Africa - Paradip",Coal,Handysize,31782,5193.0,992.0,696.0,4.4,Indian monsoon season port slowdown,1125.0,30.63
2025-09-15,"Durban, South Africa - Visakhapatnam",Coal,Supramax,56813,4905.5,1591.6,686.2,3.5,Indian monsoon season port slowdown,1750.0,33.09
2025-09-15,"Gladstone, Australia - Paradip",Coal,Panamax,86283,5442.2,1421.5,689.6,3.5,Indian monsoon season port slowdown,1554.0,31.69
2025-09-15,"Hay Point, Australia - Gangavaram",Coking Coal,Supramax,61100,5350.8,1591.6,692.4,3.6,Indian monsoon season port slowdown,1713.0,40.46
2025-09-15,"Nacala, Mozambique - Visakhapatnam",Coking Coal,Handysize,35746,3755.5,992.0,697.1,5.2,Indian monsoon season port slowdown,1038.0,21.87
2025-09-15,"Norfolk, USA - Kolkata",Coking Coal,Panamax,72569,8420.2,1421.5,675.9,5.1,Indian monsoon season port slowdown,1499.0,47.92
2025-09-15,"Richards Bay, South Africa - Haldia",Coking Coal,Panamax,80697,5255.1,1421.5,693.7,1.0,Indian monsoon season port slowdown,1534.0,29.45
2025-09-15,"Richards Bay, South Africa - Paradip",Coking Coal,Panamax,86147,5101.3,1421.5,696.0,5.5,Indian monsoon season port slowdown,1508.0,30.0
2025-09-15,"Saldanha Bay, South Africa - Haldia",Iron Ore,Capesize,159048,6135.1,2124.3,705.9,5.1,Indian monsoon season port slowdown,2145.0,37.67
2025-09-15,"Saldanha Bay, South Africa - Kolkata",Iron Ore,Panamax,89805,6171.5,1421.5,687.0,4.7,Indian monsoon season port slowdown,1479.0,36.15
2025-09-15,"Samarinda, Indonesia - Gangavaram",Thermal Coal,Panamax,76664,2689.0,1421.5,666.5,7.8,Indian monsoon season port slowdown,1726.0,14.84
2025-09-15,"Taboneo, Indonesia - Visakhapatnam",Thermal Coal,Panamax,79471,2652.9,1421.5,690.5,3.9,Indian monsoon season port slowdown,1499.0,15.05
2025-09-15,"Vale do Rio Doce, Brazil - Ennore",Iron Ore,Capesize,155284,8858.1,2124.3,684.2,4.7,Indian monsoon season port slowdown,2213.0,54.33
2025-09-15,"Vale do Rio Doce, Brazil - Gangavaram",Iron Ore,Capesize,206801,9121.7,2124.3,703.2,3.3,Indian monsoon season port slowdown,2280.0,54.81
2025-09-22,"Abbot Point, Australia - Gangavaram",Coal,Supramax,54921,5235.8,1701.9,690.0,5.4,Indian monsoon season port slowdown,1769.0,36.27
2025-09-22,"Abbot Point, Australia - Visakhapatnam",Coal,Panamax,80777,5233.1,1500.7,689.4,4.2,Indian monsoon season port slowdown,1719.0,28.96
2025-09-22,"Dampier, Australia - Ennore",Iron Ore,Capesize,192229,3491.8,2029.7,696.7,3.5,Indian monsoon season port slowdown,2104.0,19.37
2025-09-22,"Dampier, Australia - Paradip",Iron Ore,Panamax,73170,3570.5,1500.7,697.6,6.2,Indian monsoon season port slowdown,1644.0,19.95
2025-09-22,"Hay Point, Australia - Ennore",Coking Coal,Handysize,33124,5386.7,1040.3,705.5,3.6,Indian monsoon season port slowdown,1100.0,32.09
2025-09-22,"Nacala, Mozambique - Kolkata",Coking Coal,Supramax,48022,4225.9,1701.9,701.1,5.7,Indian monsoon season port slowdown,1911.0,30.28
2025-09-22,"Nacala, Mozambique - Visakhapatnam",Coking Coal,Handysize,34581,3755.5,1040.3,691.6,3.6,Indian monsoon season port slowdown,1159.0,20.88
2025-09-22,"Newcastle, Australia - Visakhapatnam",Thermal Coal,Supramax,61657,5849.9,1701.9,696.8,3.9,Indian monsoon season port slowdown,1889.0,44.02
2025-09-22,"Norfolk, USA - Visakhapatnam",Coking Coal,Handysize,31595,8657.5,1040.3,729.5,2.0,Indian monsoon season port slowdown,1041.0,53.84
2025-09-22,"Ponta da Madeira, Brazil - Haldia",Iron Ore,Capesize,208433,9206.8,2029.7,710.2,4.4,Indian monsoon season port slowdown,2236.0,56.16
2025-09-22,"Richards Bay, South Africa - Haldia",Coking Coal,Handysize,33863,5255.1,1040.3,718.6,4.2,Indian monsoon season port slowdown,1185.0,31.58
2025-09-22,"Richards Bay, South Africa - Visakhapatnam",Coking Coal,Supramax,52799,4813.7,1701.9,686.4,4.6,Indian monsoon season port slowdown,1938.0,31.01
2025-09-22,"Saldanha Bay, South Africa - Haldia",Iron Ore,Panamax,70669,6135.1,1500.7,703.9,3.7,Indian monsoon season port slowdown,1430.0,35.87
2025-09-22,"Saldanha Bay, South Africa - Paradip",Iron Ore,Capesize,168135,5982.9,2029.7,703.9,2.9,Indian monsoon season port slowdown,2362.0,32.98
2025-09-22,"Samarinda, Indonesia - Ennore",Thermal Coal,Panamax,81733,2762.6,1500.7,689.2,5.6,Indian monsoon season port slowdown,1669.0,14.65
2025-09-22,"Samarinda, Indonesia - Haldia",Thermal Coal,Supramax,61001,2560.1,1701.9,693.2,2.2,Indian monsoon season port slowdown,1755.0,18.93
2025-09-22,"Samarinda, Indonesia - Kolkata",Thermal Coal,Handysize,36868,2573.8,1040.3,734.7,4.4,Indian monsoon season port slowdown,1075.0,15.99
2025-09-22,"Vale do Rio Doce, Brazil - Haldia",Iron Ore,Capesize,207084,9494.8,2029.7,691.3,2.8,Indian monsoon season port slowdown,2057.0,53.88
2025-09-22,"Vale do Rio Doce, Brazil - Kolkata",Iron Ore,Panamax,81378,9512.7,1500.7,729.0,4.2,Indian monsoon season port slowdown,1865.0,62.57
2025-09-22,"Vancouver, Canada - Ennore",Coking Coal,Panamax,85138,8088.7,1500.7,708.3,3.6,Indian monsoon season port slowdown,1503.0,48.57
2025-09-22,"Vancouver, Canada - Kolkata",Coking Coal,Handysize,39804,7293.3,1040.3,683.8,4.9,Indian monsoon season port slowdown,1149.0,41.1
2025-09-29,"Dampier, Australia - Visakhapatnam",Iron Ore,Capesize,195494,3570.3,1788.5,676.0,6.7,Indian monsoon season port slowdown,1806.0,17.92
2025-09-29,"Durban, South Africa - Haldia",Coal,Panamax,80993,5347.0,1377.8,694.4,4.9,Indian monsoon season port slowdown,1531.0,30.22
2025-09-29,"Durban, South Africa - Kolkata",Coal,Handysize,32358,5384.9,1088.3,696.0,4.6,Indian monsoon season port slowdown,1200.0,32.75
2025-09-29,"Gladstone, Australia - Gangavaram",Coal,Supramax,56858,5539.5,1708.8,715.0,3.7,Indian monsoon season port slowdown,1819.0,37.73
2025-09-29,"Hay Point, Australia - Ennore",Coking Coal,Panamax,82969,5386.7,1377.8,699.9,3.5,Indian monsoon season port slowdown,1367.0,32.28
2025-09-29,"Nacala, Mozambique - Visakhapatnam",Coking Coal,Supramax,60172,3755.5,1708.8,694.8,4.4,Indian monsoon season port slowdown,1682.0,29.18
2025-09-29,"Ponta da Madeira, Brazil - Kolkata",Iron Ore,Panamax,74408,9207.4,1377.8,665.8,4.2,Indian monsoon season port slowdown,1492.0,56.42
2025-09-29,"Saldanha Bay, South Africa - Visakhapatnam",Iron Ore,Panamax,89174,5695.2,1377.8,701.4,4.3,Indian monsoon season port slowdown,1574.0,34.25
2025-09-29,"Taboneo, Indonesia - Ennore",Thermal Coal,Supramax,55416,2689.7,1708.8,699.1,2.9,Indian monsoon season port slowdown,1844.0,17.87
2025-09-29,"Taboneo, Indonesia - Kolkata",Thermal Coal,Supramax,49827,2594.2,1708.8,664.5,2.7,Indian monsoon season port slowdown,1758.0,18.04
2025-09-29,"Tubarao, Brazil - Gangavaram",Iron Ore,Capesize,204453,8973.4,1788.5,687.5,2.2,Indian monsoon season port slowdown,1844.0,45.27
2025-09-29,"Tubarao, Brazil - Haldia",Iron Ore,Panamax,85084,9350.8,1377.8,708.3,4.0,Indian monsoon season port slowdown,1417.0,50.87
2025-09-29,"Vancouver, Canada - Paradip",Coking Coal,Panamax,66112,7484.8,1377.8,704.4,6.3,Indian monsoon season port slowdown,1620.0,43.24
2025-09-29,"Vancouver, Canada - Visakhapatnam",Coking Coal,Supramax,49872,7730.4,1708.8,709.1,5.1,Indian monsoon season port slowdown,1747.0,56.37
2025-10-06,"Abbot Point, Australia - Gangavaram",Coal,Handysize,28273,5235.8,1083.0,686.2,1.7,None,1053.0,32.33
2025-10-06,"Abbot Point, Australia - Kolkata",Coal,Supramax,57285,5114.5,1778.3,701.2,2.1,None,1667.0,34.24
2025-10-06,"Dampier, Australia - Paradip",Iron Ore,Capesize,178335,3570.5,2048.5,717.2,0.0,None,2195.0,20.8
2025-10-06,"Durban, South Africa - Gangavaram",Coal,Supramax,59599,4895.8,1778.3,683.1,2.4,None,1702.0,34.57
2025-10-06,"Nacala, Mozambique - Haldia",Coking Coal,Handysize,30778,4191.3,1083.0,692.9,0.4,None,1047.0,25.67
2025-10-06,"Nacala, Mozambique - Visakhapatnam",Coking Coal,Supramax,56864,3755.5,1778.3,674.7,1.1,None,1537.0,25.51
2025-10-06,"Newcastle, Australia - Kolkata",Thermal Coal,Supramax,53883,5812.9,1778.3,691.8,0.4,None,1571.0,46.98
2025-10-06,"Newcastle, Australia - Paradip",Thermal Coal,Supramax,52041,5793.4,1778.3,675.3,3.5,None,1613.0,40.88
2025-10-06,"Norfolk, USA - Ennore",Coking Coal,Panamax,84179,8874.7,1426.6,697.6,0.9,None,1452.0,46.22
2025-10-06,"Norfolk, USA - Gangavaram",Coking Coal,Supramax,57971,8662.0,1778.3,672.6,2.9,None,1828.0,62.09
2025-10-06,"Norfolk, USA - Visakhapatnam",Coking Coal,Panamax,70160,8657.5,1426.6,686.6,1.1,None,1415.0,54.11
2025-10-06,"Ponta da Madeira, Brazil - Kolkata",Iron Ore,Capesize,159180,9207.4,2048.5,720.4,1.8,None,2077.0,52.75
2025-10-06,"Ponta da Madeira, Brazil - Visakhapatnam",Iron Ore,Capesize,186182,8964.6,2048.5,710.8,2.0,None,1992.0,50.78
2025-10-06,"Saldanha Bay, South Africa - Kolkata",Iron Ore,Panamax,79674,6171.5,1426.6,703.3,2.3,None,1396.0,31.71
2025-10-06,"Samarinda, Indonesia - Kolkata",Thermal Coal,Supramax,54230,2573.8,1778.3,696.0,3.8,None,1660.0,18.67
2025-10-06,"Taboneo, Indonesia - Kolkata",Thermal Coal,Handysize,30925,2594.2,1083.0,670.2,1.4,None,974.0,14.91
2025-10-06,"Taboneo, Indonesia - Visakhapatnam",Thermal Coal,Supramax,56014,2652.9,1778.3,713.6,2.9,None,1799.0,20.11
2025-10-06,"Tubarao, Brazil - Paradip",Iron Ore,Panamax,84980,9234.1,1426.6,673.0,0.2,None,1344.0,49.67
2025-10-13,"Dampier, Australia - Visakhapatnam",Iron Ore,Panamax,81755,3570.3,1447.3,701.3,3.2,None,1525.0,20.01
2025-10-13,"Gladstone, Australia - Visakhapatnam",Coal,Panamax,65550,5537.2,1447.3,719.8,3.6,None,1466.0,32.96
2025-10-13,"Nacala, Mozambique - Kolkata",Coking Coal,Panamax,72444,4225.9,1447.3,711.2,4.2,None,1523.0,23.31
2025-10-13,"Newcastle, Australia - Haldia",Thermal Coal,Panamax,76249,5795.2,1447.3,709.6,1.1,None,1507.0,31.97
2025-10-13,"Newcastle, Australia - Kolkata",Thermal Coal,Panamax,79049,5812.9,1447.3,708.6,0.7,None,1369.0,33.02
2025-10-13,"Norfolk, USA - Ennore",Coking Coal,Supramax,53661,8874.7,1751.1,722.2,2.9,None,1799.0,59.28
2025-10-13,"Norfolk, USA - Haldia",Coking Coal,Panamax,82496,8458.2,1447.3,673.1,0.0,None,1522.0,46.36
2025-10-13,"Norfolk, USA - Paradip",Coking Coal,Panamax,65258,8548.6,1447.3,705.7,1.8,None,1627.0,48.22
2025-10-13,"Ponta da Madeira, Brazil - Visakhapatnam",Iron Ore,Capesize,167918,8964.6,1823.7,721.0,3.7,None,1886.0,47.27
2025-10-13,"Saldanha Bay, South Africa - Paradip",Iron Ore,Capesize,175475,5982.9,1823.7,717.0,0.0,None,1508.0,31.75
2025-10-13,"Taboneo, Indonesia - Gangavaram",Thermal Coal,Handysize,32352,2655.0,1074.3,716.2,3.2,None,1045.0,15.02
2025-10-13,"Tubarao, Brazil - Kolkata",Iron Ore,Panamax,78816,9369.5,1447.3,697.5,1.9,None,1528.0,49.7
2025-10-13,"Tubarao, Brazil - Visakhapatnam",Iron Ore,Capesize,186774,8981.5,1823.7,711.7,0.3,None,1897.0,48.04
2025-10-13,"Vale do Rio Doce, Brazil - Ennore",Iron Ore,Panamax,79636,8858.1,1447.3,709.2,2.7,None,1607.0,51.81
2025-10-13,"Vale do Rio Doce, Brazil - Gangavaram",Iron Ore,Panamax,80418,9121.7,1447.3,710.6,2.0,None,1434.0,47.87
2025-10-13,"Vale do Rio Doce, Brazil - Paradip",Iron Ore,Panamax,87530,9380.1,1447.3,701.2,1.6,None,1375.0,52.49
2025-10-20,"Abbot Point, Australia - Gangavaram",Coal,Supramax,58679,5235.8,1807.7,710.5,2.4,None,1706.0,42.5
2025-10-20,"Abbot Point, Australia - Haldia",Coal,Supramax,59743,5103.7,1807.7,734.3,2.6,None,2028.0,34.84
2025-10-20,"Durban, South Africa - Haldia",Coal,Handysize,31744,5347.0,1012.8,728.6,2.8,None,1072.0,32.2
2025-10-20,"Gladstone, Australia - Paradip",Coal,Handysize,37214,5442.2,1012.8,731.9,2.6,None,1048.0,31.08
2025-10-20,"Nacala, Mozambique - Ennore",Coking Coal,Supramax,53346,3410.6,1807.7,719.7,2.2,None,1629.0,24.04
2025-10-20,"Nacala, Mozambique - Visakhapatnam",Coking Coal,Handysize,35873,3755.5,1012.8,731.9,3.1,None,943.0,23.16
2025-10-20,"Ponta da Madeira, Brazil - Paradip",Iron Ore,Panamax,71688,9142.2,1309.2,700.2,2.0,None,1365.0,47.64
2025-10-20,"Taboneo, Indonesia - Ennore",Thermal Coal,Supramax,57298,2689.7,1807.7,710.7,0.0,None,1598.0,18.12
2025-10-20,"Taboneo, Indonesia - Gangavaram",Thermal Coal,Handysize,33870,2655.0,1012.8,725.3,1.4,None,1105.0,13.97
2025-10-20,"Tubarao, Brazil - Ennore",Iron Ore,Capesize,180514,8706.6,1911.4,715.1,1.6,None,2015.0,45.27
2025-10-20,"Tubarao, Brazil - Haldia",Iron Ore,Capesize,155184,9350.8,1911.4,723.3,0.8,None,1847.0,50.77
2025-10-20,"Vale do Rio Doce, Brazil - Gangavaram",Iron Ore,Capesize,161444,9121.7,1911.4,712.6,2.1,None,1870.0,52.92
2025-10-20,"Vancouver, Canada - Ennore",Coking Coal,Supramax,60063,8088.7,1807.7,707.8,1.7,None,1808.0,51.67
2025-10-20,"Vancouver, Canada - Haldia",Coking Coal,Supramax,61097,7337.7,1807.7,719.7,1.6,None,1722.0,51.08
2025-10-27,"Abbot Point, Australia - Haldia",Coal,Panamax,68305,5103.7,1441.3,720.1,0.7,None,1418.0,27.91
2025-10-27,"Dampier, Australia - Paradip",Iron Ore,Panamax,86422,3570.5,1441.3,738.0,0.9,None,1387.0,20.64
2025-10-27,"Dampier, Australia - Visakhapatnam",Iron Ore,Panamax,81111,3570.3,1441.3,732.0,1.5,None,1493.0,21.08
2025-10-27,"Durban, South Africa - Ennore",Coal,Supramax,58460,4543.3,1729.5,754.5,1.5,None,1839.0,37.35
2025-10-27,"Durban, South Africa - Paradip",Coal,Supramax,49909,5193.0,1729.5,758.7,1.4,None,1672.0,34.91
2025-10-27,"Durban, South Africa - Visakhapatnam",Coal,Panamax,80359,4905.5,1441.3,731.6,3.0,None,1509.0,26.78
2025-10-27,"Gladstone, Australia - Haldia",Coal,Panamax,79197,5423.2,1441.3,734.9,0.7,None,1553.0,31.11
2025-10-27,"Hay Point, Australia - Haldia",Coking Coal,Panamax,78947,5223.9,1441.3,693.9,1.2,None,1399.0,28.87
2025-10-27,"Nacala, Mozambique - Kolkata",Coking Coal,Panamax,81737,4225.9,1441.3,721.0,4.6,None,1363.0,25.07
2025-10-27,"Newcastle, Australia - Kolkata",Thermal Coal,Supramax,55048,5812.9,1729.5,720.3,4.0,None,1759.0,35.12
2025-10-27,"Norfolk, USA - Haldia",Coking Coal,Panamax,86684,8458.2,1441.3,736.3,1.2,None,1414.0,49.32
2025-10-27,"Norfolk, USA - Paradip",Coking Coal,Handysize,38874,8548.6,1058.5,724.0,0.9,None,1147.0,53.72
2025-10-27,"Ponta da Madeira, Brazil - Gangavaram",Iron Ore,Panamax,72809,8959.2,1441.3,755.3,4.7,None,1455.0,55.15
2025-10-27,"Richards Bay, South Africa - Kolkata",Coking Coal,Supramax,53070,5292.9,1729.5,771.8,1.9,None,1626.0,39.02
2025-10-27,"Saldanha Bay, South Africa - Kolkata",Iron Ore,Capesize,194755,6171.5,2032.7,728.4,1.0,None,2007.0,32.81
2025-10-27,"Samarinda, Indonesia - Ennore",Thermal Coal,Supramax,61262,2762.6,1729.5,753.4,1.2,None,1444.0,18.79
2025-10-27,"Samarinda, Indonesia - Gangavaram",Thermal Coal,Panamax,76328,2689.0,1441.3,738.8,2.6,None,1551.0,16.61
2025-10-27,"Samarinda, Indonesia - Kolkata",Thermal Coal,Handysize,30117,2573.8,1058.5,739.3,1.5,None,1146.0,14.25
2025-10-27,"Taboneo, Indonesia - Ennore",Thermal Coal,Panamax,89658,2689.7,1441.3,732.6,2.6,None,1325.0,15.38
2025-10-27,"Taboneo, Indonesia - Haldia",Thermal Coal,Supramax,57577,2575.7,1729.5,719.9,2.4,None,1836.0,19.6
2025-10-27,"Tubarao, Brazil - Ennore",Iron Ore,Capesize,151074,8706.6,2032.7,735.0,1.4,None,1954.0,54.27
2025-10-27,"Tubarao, Brazil - Haldia",Iron Ore,Capesize,177078,9350.8,2032.7,741.2,3.0,None,2293.0,54.83
2025-10-27,"Vale do Rio Doce, Brazil - Paradip",Iron Ore,Panamax,67067,9380.1,1441.3,742.1,0.8,None,1520.0,59.07
2025-11-03,"Dampier, Australia - Paradip",Iron Ore,Panamax,84999,3570.5,1385.7,781.1,1.4,None,1351.0,20.96
2025-11-03,"Durban, South Africa - Gangavaram",Coal,Supramax,48919,4895.8,1763.2,767.4,2.2,None,1560.0,36.34
2025-11-03,"Durban, South Africa - Visakhapatnam",Coal,Handysize,39494,4905.5,943.7,759.9,1.7,None,928.0,28.47
2025-11-03,"Gladstone, Australia - Visakhapatnam",Coal,Supramax,51443,5537.2,1763.2,745.1,3.3,None,1716.0,38.17
2025-11-03,"Nacala, Mozambique - Gangavaram",Coking Coal,Panamax,69657,3745.9,1385.7,770.7,1.3,None,1434.0,20.39
2025-11-03,"Nacala, Mozambique - Visakhapatnam",Coking Coal,Handysize,29542,3755.5,943.7,768.7,2.6,None,1020.0,22.69
2025-11-03,"Norfolk, USA - Kolkata",Coking Coal,Supramax,53698,8420.2,1763.2,738.9,2.5,None,1842.0,60.62
2025-11-03,"Ponta da Madeira, Brazil - Kolkata",Iron Ore,Panamax,83218,9207.4,1385.7,748.9,2.8,None,1625.0,52.91
2025-11-03,"Richards Bay, South Africa - Haldia",Coking Coal,Supramax,53433,5255.1,1763.2,748.4,1.4,None,1791.0,36.19
2025-11-03,"Richards Bay, South Africa - Paradip",Coking Coal,Supramax,53043,5101.3,1763.2,744.3,1.6,None,1864.0,33.96
2025-11-03,"Samarinda, Indonesia - Ennore",Thermal Coal,Panamax,87554,2762.6,1385.7,742.0,3.4,None,1430.0,16.33
2025-11-03,"Samarinda, Indonesia - Gangavaram",Thermal Coal,Panamax,67014,2689.0,1385.7,743.3,2.7,None,1282.0,15.63
2025-11-03,"Samarinda, Indonesia - Haldia",Thermal Coal,Supramax,50799,2560.1,1763.2,766.2,1.9,None,1802.0,18.01
2025-11-03,"Taboneo, Indonesia - Ennore",Thermal Coal,Panamax,66027,2689.7,1385.7,774.5,1.4,None,1319.0,16.07
2025-11-03,"Taboneo, Indonesia - Visakhapatnam",Thermal Coal,Panamax,83559,2652.9,1385.7,774.5,0.3,None,1357.0,15.61
2025-11-03,"Tubarao, Brazil - Ennore",Iron Ore,Capesize,170355,8706.6,2055.4,766.2,4.1,None,2084.0,52.43
2025-11-03,"Vale do Rio Doce, Brazil - Visakhapatnam",Iron Ore,Panamax,69066,9129.7,1385.7,769.6,4.9,None,1231.0,53.92
2025-11-10,"Abbot Point, Australia - Visakhapatnam",Coal,Supramax,56634,5233.1,1720.1,771.0,1.6,None,1756.0,42.07
2025-11-10,"Dampier, Australia - Haldia",Iron Ore,Panamax,75656,3608.6,1456.6,774.7,1.2,None,1597.0,23.93
2025-11-10,"Dampier, Australia - Kolkata",Iron Ore,Panamax,84253,3635.9,1456.6,760.0,1.8,None,1524.0,22.59
2025-11-10,"Dampier, Australia - Paradip",Iron Ore,Capesize,192775,3570.5,1857.7,776.1,1.1,None,1789.0,17.53
2025-11-10,"Durban, South Africa - Kolkata",Coal,Handysize,30382,5384.9,928.4,779.9,2.2,None,923.0,30.45
2025-11-10,"Nacala, Mozambique - Ennore",Coking Coal,Panamax,82803,3410.6,1456.6,730.7,0.0,None,1409.0,21.0
2025-11-10,"Nacala, Mozambique - Kolkata",Coking Coal,Supramax,56026,4225.9,1720.1,753.0,0.5,None,1847.0,31.78
2025-11-10,"Newcastle, Australia - Visakhapatnam",Thermal Coal,Supramax,53812,5849.9,1720.1,796.0,1.7,None,1845.0,42.65
2025-11-10,"Norfolk, USA - Haldia",Coking Coal,Panamax,77364,8458.2,1456.6,736.6,3.3,None,1411.0,49.35
2025-11-10,"Norfolk, USA - Paradip",Coking Coal,Panamax,79960,8548.6,1456.6,759.9,2.9,None,1381.0,46.63
2025-11-10,"Ponta da Madeira, Brazil - Haldia",Iron Ore,Capesize,207571,9206.8,1857.7,751.4,0.7,None,1983.0,51.22
2025-11-10,"Saldanha Bay, South Africa - Kolkata",Iron Ore,Capesize,209710,6171.5,1857.7,743.4,2.9,None,1806.0,32.48
2025-11-10,"Saldanha Bay, South Africa - Paradip",Iron Ore,Panamax,65673,5982.9,1456.6,792.2,1.6,None,1509.0,36.47
2025-11-10,"Tubarao, Brazil - Paradip",Iron Ore,Panamax,74333,9234.1,1456.6,756.4,0.7,None,1229.0,58.55
2025-11-10,"Vancouver, Canada - Gangavaram",Coking Coal,Panamax,68967,7739.2,1456.6,765.5,4.0,None,1436.0,44.77
2025-11-17,"Abbot Point, Australia - Kolkata",Coal,Panamax,88919,5114.5,1426.1,757.7,0.7,None,1314.0,29.39
2025-11-17,"Abbot Point, Australia - Paradip",Coal,Supramax,51460,5127.9,1701.4,746.7,1.6,None,1510.0,38.13
2025-11-17,"Dampier, Australia - Kolkata",Iron Ore,Panamax,84944,3635.9,1426.1,748.6,3.1,None,1376.0,20.87
2025-11-17,"Durban, South Africa - Kolkata",Coal,Handysize,28442,5384.9,916.4,752.4,1.5,None,1074.0,28.29
2025-11-17,"Gladstone, Australia - Gangavaram",Coal,Supramax,58301,5539.5,1701.4,738.8,1.5,None,1773.0,40.46
2025-11-17,"Gladstone, Australia - Haldia",Coal,Panamax,80831,5423.2,1426.1,755.4,1.9,None,1462.0,29.4
2025-11-17,"Hay Point, Australia - Ennore",Coking Coal,Panamax,68140,5386.7,1426.1,765.0,0.6,None,1293.0,34.45
2025-11-17,"Hay Point, Australia - Kolkata",Coking Coal,Panamax,77944,5235.2,1426.1,755.3,3.3,None,1461.0,31.28
2025-11-17,"Hay Point, Australia - Visakhapatnam",Coking Coal,Handysize,34704,5348.2,916.4,747.3,0.0,None,989.0,29.54
2025-11-17,"Newcastle, Australia - Haldia",Thermal Coal,Handysize,29578,5795.2,916.4,737.7,3.7,None,865.0,30.9
2025-11-17,"Norfolk, USA - Kolkata",Coking Coal,Panamax,86613,8420.2,1426.1,743.9,1.3,None,1511.0,48.13
2025-11-17,"Richards Bay, South Africa - Gangavaram",Coking Coal,Supramax,48314,4804.0,1701.4,757.9,5.3,None,1809.0,30.85
2025-11-17,"Richards Bay, South Africa - Visakhapatnam",Coking Coal,Supramax,54175,4813.7,1701.4,767.5,1.1,None,1711.0,34.75
2025-11-17,"Saldanha Bay, South Africa - Paradip",Iron Ore,Capesize,166040,5982.9,1989.8,768.5,0.4,None,2002.0,33.93
2025-11-17,"Samarinda, Indonesia - Ennore",Thermal Coal,Supramax,50026,2762.6,1701.4,771.1,1.1,None,1899.0,21.69
2025-11-17,"Taboneo, Indonesia - Haldia",Thermal Coal,Supramax,58812,2575.7,1701.4,763.0,5.5,None,1790.0,17.35
2025-11-17,"Vale do Rio Doce, Brazil - Ennore",Iron Ore,Panamax,77557,8858.1,1426.1,770.3,2.4,None,1462.0,48.69
2025-11-17,"Vale do Rio Doce, Brazil - Kolkata",Iron Ore,Capesize,203185,9512.7,1989.8,767.2,2.7,None,2073.0,57.03
2025-11-24,"Abbot Point, Australia - Gangavaram",Coal,Handysize,35173,5235.8,970.5,797.7,2.7,None,1029.0,32.53
2025-11-24,"Dampier, Australia - Kolkata",Iron Ore,Panamax,70630,3635.9,1523.7,782.1,1.6,None,1540.0,26.0
2025-11-24,"Durban, South Africa - Ennore",Coal,Panamax,79857,4543.3,1523.7,805.0,0.0,None,1450.0,28.76
2025-11-24,"Durban, South Africa - Gangavaram",Coal,Handysize,29206,4895.8,970.5,794.5,1.8,None,977.0,29.8
2025-11-24,"Gladstone, Australia - Ennore",Coal,Handysize,37311,5565.0,970.5,787.3,0.5,None,1011.0,31.43
2025-11-24,"Hay Point, Australia - Ennore",Coking Coal,Handysize,35377,5386.7,970.5,783.4,1.6,None,1017.0,31.41
2025-11-24,"Nacala, Mozambique - Ennore",Coking Coal,Handysize,34306,3410.6,970.5,785.1,0.5,None,966.0,19.07
2025-11-24,"Nacala, Mozambique - Kolkata",Coking Coal,Panamax,71768,4225.9,1523.7,796.1,1.0,None,1393.0,23.93
2025-11-24,"Norfolk, USA - Gangavaram",Coking Coal,Panamax,66744,8662.0,1523.7,814.7,3.0,None,1547.0,51.95
2025-11-24,"Norfolk, USA - Paradip",Coking Coal,Supramax,49871,8548.6,1736.6,795.9,3.0,None,1752.0,63.63
2025-11-24,"Ponta da Madeira, Brazil - Kolkata",Iron Ore,Capesize,161289,9207.4,1823.1,807.9,0.0,None,1778.0,48.3
2025-11-24,"Richards Bay, South Africa - Visakhapatnam",Coking Coal,Handysize,36946,4813.7,970.5,767.1,1.1,None,972.0,27.22
2025-11-24,"Saldanha Bay, South Africa - Visakhapatnam",Iron Ore,Capesize,197978,5695.2,1823.1,784.5,0.8,None,1853.0,31.38
2025-11-24,"Tubarao, Brazil - Kolkata",Iron Ore,Panamax,70104,9369.5,1523.7,795.0,2.1,None,1546.0,54.58
2025-11-24,"Vale do Rio Doce, Brazil - Haldia",Iron Ore,Capesize,201957,9494.8,1823.1,790.2,0.0,None,1674.0,54.18
2025-11-24,"Vancouver, Canada - Paradip",Coking Coal,Supramax,51767,7484.8,1736.6,788.4,2.1,None,1751.0,54.61
2025-12-01,"Durban, South Africa - Gangavaram",Coal,Supramax,51808,4895.8,1738.6,762.9,3.5,None,1679.0,38.94
2025-12-01,"Durban, South Africa - Haldia",Coal,Panamax,69669,5347.0,1647.1,813.3,2.2,None,1707.0,33.85
2025-12-01,"Gladstone, Australia - Kolkata",Coal,Handysize,32005,5435.4,975.8,796.6,2.4,None,836.0,35.9
2025-12-01,"Gladstone, Australia - Visakhapatnam",Coal,Supramax,50729,5537.2,1738.6,803.2,0.0,None,1834.0,38.39
2025-12-01,"Newcastle, Australia - Gangavaram",Thermal Coal,Panamax,80090,5850.9,1647.1,781.1,4.4,None,1794.0,36.77
2025-12-01,"Newcastle, Australia - Visakhapatnam",Thermal Coal,Handysize,33116,5849.9,975.8,772.2,2.8,None,1030.0,33.54
2025-12-01,"Norfolk, USA - Ennore",Coking Coal,Panamax,77450,8874.7,1647.1,783.1,2.0,None,1749.0,55.51
2025-12-01,"Norfolk, USA - Haldia",Coking Coal,Handysize,38093,8458.2,975.8,793.4,1.7,None,1043.0,52.27
2025-12-01,"Ponta da Madeira, Brazil - Gangavaram",Iron Ore,Panamax,69186,8959.2,1647.1,824.4,2.2,None,1804.0,59.12
2025-12-01,"Richards Bay, South Africa - Kolkata",Coking Coal,Supramax,60663,5292.9,1738.6,805.2,0.4,None,1742.0,40.03
2025-12-01,"Saldanha Bay, South Africa - Paradip",Iron Ore,Capesize,190195,5982.9,1673.2,795.8,2.3,None,1622.0,33.17
2025-12-01,"Taboneo, Indonesia - Ennore",Thermal Coal,Supramax,58826,2689.7,1738.6,797.2,2.5,None,1667.0,18.43
2025-12-01,"Taboneo, Indonesia - Haldia",Thermal Coal,Panamax,75522,2575.7,1647.1,789.1,1.9,None,1589.0,15.58
2025-12-01,"Tubarao, Brazil - Paradip",Iron Ore,Panamax,72600,9234.1,1647.1,816.1,1.5,None,1523.0,60.98
2025-12-01,"Vale do Rio Doce, Brazil - Ennore",Iron Ore,Capesize,191406,8858.1,1673.2,801.7,0.5,None,1772.0,47.97
2025-12-01,"Vancouver, Canada - Haldia",Coking Coal,Supramax,53380,7337.7,1738.6,779.4,3.1,None,1824.0,55.17
2025-12-08,"Abbot Point, Australia - Kolkata",Coal,Supramax,56642,5114.5,1723.2,803.2,1.6,None,1733.0,38.11
2025-12-08,"Dampier, Australia - Gangavaram",Iron Ore,Capesize,173301,3569.6,1645.6,834.5,2.9,None,1759.0,20.22
2025-12-08,"Dampier, Australia - Paradip",Iron Ore,Capesize,167209,3570.5,1645.6,800.7,1.1,None,1681.0,18.24
2025-12-08,"Durban, South Africa - Kolkata",Coal,Supramax,59189,5384.9,1723.2,808.1,4.9,None,1719.0,40.71
2025-12-08,"Norfolk, USA - Ennore",Coking Coal,Handysize,31131,8874.7,928.0,791.3,2.5,None,947.0,51.47
2025-12-08,"Norfolk, USA - Haldia",Coking Coal,Supramax,58925,8458.2,1723.2,794.1,1.9,None,1838.0,56.3
2025-12-08,"Norfolk, USA - Kolkata",Coking Coal,Supramax,50425,8420.2,1723.2,775.4,5.0,None,1817.0,58.42
2025-12-08,"Ponta da Madeira, Brazil - Kolkata",Iron Ore,Capesize,174831,9207.4,1645.6,771.6,0.0,None,1669.0,47.66
2025-12-08,"Saldanha Bay, South Africa - Kolkata",Iron Ore,Panamax,86257,6171.5,1574.0,773.8,2.6,None,1499.0,35.58
2025-12-08,"Samarinda, Indonesia - Ennore",Thermal Coal,Panamax,66759,2762.6,1574.0,800.4,2.2,None,1593.0,17.46
2025-12-08,"Samarinda, Indonesia - Kolkata",Thermal Coal,Handysize,33352,2573.8,928.0,791.2,2.9,None,860.0,15.47
2025-12-08,"Taboneo, Indonesia - Haldia",Thermal Coal,Supramax,50316,2575.7,1723.2,778.2,2.6,None,1749.0,18.48
2025-12-08,"Vale do Rio Doce, Brazil - Kolkata",Iron Ore,Capesize,171341,9512.7,1645.6,809.4,3.2,None,1576.0,49.74
2025-12-08,"Vale do Rio Doce, Brazil - Paradip",Iron Ore,Capesize,170868,9380.1,1645.6,805.0,0.8,None,1745.0,49.78
2025-12-15,"Abbot Point, Australia - Ennore",Coal,Panamax,74403,5277.3,1440.1,741.4,3.3,None,1510.0,28.86
2025-12-15,"Abbot Point, Australia - Paradip",Coal,Supramax,61314,5127.9,1764.4,782.4,0.7,None,1744.0,36.83
2025-12-15,"Durban, South Africa - Gangavaram",Coal,Panamax,85033,4895.8,1440.1,774.8,0.0,None,1434.0,29.31
2025-12-15,"Durban, South Africa - Haldia",Coal,Supramax,59051,5347.0,1764.4,791.6,1.7,None,1688.0,40.99
2025-12-15,"Durban, South Africa - Kolkata",Coal,Panamax,80872,5384.9,1440.1,776.2,0.0,None,1445.0,30.22
2025-12-15,"Durban, South Africa - Paradip",Coal,Handysize,33350,5193.0,856.2,770.7,2.4,None,835.0,27.66
2025-12-15,"Durban, South Africa - Visakhapatnam",Coal,Supramax,57471,4905.5,1764.4,789.5,2.1,None,1852.0,36.73
2025-12-15,"Gladstone, Australia - Gangavaram",Coal,Supramax,59577,5539.5,1764.4,781.3,2.2,None,1915.0,43.63
2025-12-15,"Hay Point, Australia - Visakhapatnam",Coking Coal,Handysize,29479,5348.2,856.2,765.7,4.1,None,938.0,29.03
2025-12-15,"Norfolk, USA - Ennore",Coking Coal,Supramax,59413,8874.7,1764.4,786.9,0.5,None,1737.0,64.79
2025-12-15,"Ponta da Madeira, Brazil - Haldia",Iron Ore,Capesize,207348,9206.8,1756.8,771.3,1.7,None,1716.0,51.04
2025-12-15,"Ponta da Madeira, Brazil - Kolkata",Iron Ore,Panamax,69868,9207.4,1440.1,767.8,2.1,None,1465.0,50.57
2025-12-15,"Ponta da Madeira, Brazil - Paradip",Iron Ore,Capesize,197335,9142.2,1756.8,794.4,3.3,None,1956.0,54.85
2025-12-15,"Richards Bay, South Africa - Ennore",Coking Coal,Handysize,35292,4452.0,856.2,772.1,4.7,None,839.0,25.77
2025-12-15,"Tubarao, Brazil - Visakhapatnam",Iron Ore,Capesize,190552,8981.5,1756.8,783.6,1.1,None,1757.0,52.81
2025-12-15,"Vale do Rio Doce, Brazil - Haldia",Iron Ore,Capesize,152077,9494.8,1756.8,793.0,0.8,None,2036.0,51.58
2025-12-15,"Vale do Rio Doce, Brazil - Visakhapatnam",Iron Ore,Panamax,86021,9129.7,1440.1,759.8,3.4,None,1576.0,51.36
2025-12-22,"Abbot Point, Australia - Gangavaram",Coal,Supramax,52355,5235.8,1809.7,781.1,1.9,None,1822.0,37.14
2025-12-22,"Abbot Point, Australia - Haldia",Coal,Supramax,52409,5103.7,1809.7,800.8,3.4,None,1755.0,36.88
2025-12-22,"Dampier, Australia - Paradip",Iron Ore,Panamax,67050,3570.5,1436.0,805.4,2.5,None,1484.0,20.91
2025-12-22,"Durban, South Africa - Gangavaram",Coal,Panamax,71295,4895.8,1436.0,761.0,1.2,None,1312.0,28.25
2025-12-22,"Gladstone, Australia - Ennore",Coal,Supramax,61249,5565.0,1809.7,789.5,1.0,None,1941.0,39.57
2025-12-22,"Gladstone, Australia - Paradip",Coal,Handysize,37439,5442.2,824.9,777.4,3.2,None,820.0,27.59
2025-12-22,"Gladstone, Australia - Visakhapatnam",Coal,Supramax,56206,5537.2,1809.7,782.2,0.0,None,1899.0,41.77
2025-12-22,"Hay Point, Australia - Gangavaram",Coking Coal,Handysize,29255,5350.8,824.9,769.3,0.7,None,891.0,29.92
2025-12-22,"Hay Point, Australia - Haldia",Coking Coal,Panamax,81738,5223.9,1436.0,775.0,2.5,None,1481.0,32.06
2025-12-22,"Hay Point, Australia - Visakhapatnam",Coking Coal,Handysize,39157,5348.2,824.9,814.0,0.2,None,840.0,29.46
2025-12-22,"Nacala, Mozambique - Ennore",Coking Coal,Handysize,32510,3410.6,824.9,756.1,0.6,None,770.0,19.83
2025-12-22,"Nacala, Mozambique - Gangavaram",Coking Coal,Handysize,31145,3745.9,824.9,797.0,0.9,None,861.0,21.41
2025-12-22,"Nacala, Mozambique - Visakhapatnam",Coking Coal,Handysize,32737,3755.5,824.9,782.8,3.2,None,857.0,22.05
2025-12-22,"Richards Bay, South Africa - Kolkata",Coking Coal,Supramax,60406,5292.9,1809.7,756.3,3.2,None,1882.0,42.51
2025-12-22,"Tubarao, Brazil - Ennore",Iron Ore,Capesize,189261,8706.6,1806.1,791.8,1.3,None,1524.0,48.79
2025-12-22,"Vancouver, Canada - Gangavaram",Coking Coal,Supramax,58588,7739.2,1809.7,800.8,2.9,None,1903.0,55.76
2025-12-22,"Vancouver, Canada - Haldia",Coking Coal,Handysize,31963,7337.7,824.9,818.7,3.5,None,954.0,40.67
2025-12-22,"Vancouver, Canada - Kolkata",Coking Coal,Supramax,48345,7293.3,1809.7,791.9,2.5,None,1843.0,50.11
2025-12-29,"Dampier, Australia - Ennore",Iron Ore,Capesize,198646,3491.8,1915.2,764.3,3.3,None,2004.0,18.95
2025-12-29,"Durban, South Africa - Ennore",Coal,Panamax,77661,4543.3,1520.3,764.5,3.4,None,1602.0,28.39
2025-12-29,"Gladstone, Australia - Gangavaram",Coal,Handysize,35455,5539.5,840.5,770.0,0.0,None,874.0,31.45
2025-12-29,"Hay Point, Australia - Paradip",Coking Coal,Panamax,81885,5246.5,1520.3,782.4,1.9,None,1719.0,33.72
2025-12-29,"Nacala, Mozambique - Paradip",Coking Coal,Panamax,73357,4041.9,1520.3,767.2,0.0,None,1364.0,23.2
2025-12-29,"Ponta da Madeira, Brazil - Visakhapatnam",Iron Ore,Capesize,201977,8964.6,1915.2,752.5,0.6,None,2019.0,54.54
2025-12-29,"Richards Bay, South Africa - Visakhapatnam",Coking Coal,Handysize,38697,4813.7,840.5,735.6,0.1,None,837.0,26.11
2025-12-29,"Saldanha Bay, South Africa - Ennore",Iron Ore,Panamax,77820,5338.7,1520.3,756.1,0.0,None,1527.0,30.94
2025-12-29,"Saldanha Bay, South Africa - Haldia",Iron Ore,Panamax,66181,6135.1,1520.3,770.8,1.1,None,1516.0,34.01
2025-12-29,"Saldanha Bay, South Africa - Kolkata",Iron Ore,Capesize,195447,6171.5,1915.2,785.0,0.6,None,1967.0,36.8
2025-12-29,"Tubarao, Brazil - Ennore",Iron Ore,Capesize,183109,8706.6,1915.2,740.3,1.5,None,1683.0,49.17
2025-12-29,"Tubarao, Brazil - Kolkata",Iron Ore,Capesize,182023,9369.5,1915.2,771.1,2.6,None,1957.0,48.72
2025-12-29,"Tubarao, Brazil - Visakhapatnam",Iron Ore,Panamax,89037,8981.5,1520.3,801.5,0.0,None,1620.0,53.95
2025-12-29,"Vale do Rio Doce, Brazil - Visakhapatnam",Iron Ore,Panamax,83007,9129.7,1520.3,801.0,1.1,None,1680.0,53.68
